func,n_runs,maxevals,mean,median,std,best,worst,elapsed_sec
f9,51,10000000,6.520764454751744,0.0,31.608942083043083,0.0,200.0,
f10,51,10000000,0.4391878993855975,0.24981807804260825,0.804857047433464,0.06245456344458944,3.7272333809091833,
f11,51,10000000,0.0,0.0,0.0,0.0,0.0,100.8
f12,51,10000000,155.55233068865724,158.61835455766823,21.999129211036482,0.0,159.36873363703762,
