func,n_runs,maxevals,mean,median,std,best,worst,elapsed_sec
f8,51,40000000,51.51513744822813,48.93008032853868,19.836547130220612,0.0,100.00000000000045,576.3
f9,51,40000000,96.07843137254942,100.00000000000045,19.410774385513058,4.547473508864641e-13,100.00000000000045,611.4
f10,51,40000000,396.34330232375856,399.03793845758264,14.719165218120747,300.0,400.77935314140404,714.5
