func,n_runs,maxevals,mean,median,std,best,worst,elapsed_sec
f9,51,10000000,7.843137255016869,9.595169103704393e-11,26.884920001633954,1.546140993013978e-11,100.00000000042246,2046.0
f10,51,10000000,2.1757426620150127,3.5398695699382188,1.6547655707079638,0.12491121463244781,3.789687337482974,2383.8
f12,51,10000000,120.65086870775133,161.43526767741105,70.57177254653541,3.6558972169586923e-06,162.56737635795616,2043.0
