func,n_runs,maxevals,mean,median,std,best,worst,elapsed_sec
f9,51,10000000,7.843137255016869,9.595169103704393e-11,26.884920001633954,1.546140993013978e-11,100.00000000042246,
f10,51,10000000,2.1757426620150127,3.5398695699382188,1.6547655707079638,0.12491121463244781,3.789687337482974,
f11,51,10000000,1.331874741213944e-10,1.227817847393453e-10,6.754608795923375e-11,4.320099833421409e-11,3.483364707790315e-10,1585.6
f12,51,10000000,120.65086870775133,161.43526767741105,70.57177254653541,3.6558972169586923e-06,162.56737635795616,
