func,n_runs,maxevals,mean,median,std,best,worst,elapsed_sec
f2,51,160000,1.1592286646939657e-08,1.0819306117682004e-08,9.15677559094307e-09,6.462277379881698e-10,4.762696526050547e-08,1.5
