func,n_runs,maxevals,mean,median,std,best,worst,elapsed_sec
f23,51,10000000,315.24410218556574,315.2441021855657,5.684341886080802e-14,315.2441021855657,315.2441021855657,2605.6
f24,51,10000000,141.10256340032072,142.0280898116489,7.836843353770384,109.50824945162867,155.3921678433403,2197.9
f25,51,10000000,202.65671510282192,202.66079833591994,0.058307043715801136,202.5471638873405,202.7611269303834,2640.3
f26,51,10000000,100.34115373806084,100.3212100155124,0.12053346771184548,100.16931568622886,100.62914794122662,4339.9
f27,51,10000000,306.4408345701265,305.50712717636316,4.398859237157217,300.2038508942301,316.0886930957813,4160.9
f28,51,10000000,707.2524363594996,710.9112726295834,16.120586522240938,659.8447472709222,733.0999638594685,2741.2
f29,51,10000000,660.4751298183191,721.2027037959792,175.47335936280942,139.8240535608743,794.9946553746518,3205.0
f30,51,10000000,701.0039846508887,640.603137756822,159.83314697936098,397.2843311310976,1037.7877761779137,2972.5
