func,n_runs,maxevals,mean,median,std,best,worst,elapsed_sec
f23,51,10000000,329.4574747107131,329.4574747107131,0.0,329.4574747107131,329.4574747107131,0.9
f24,51,10000000,102.36412640083009,100.00000000000045,3.234077201284903,100.0,108.06835401812214,
f25,51,10000000,108.47879946310668,107.17199133705844,14.79817028321589,100.0,201.12929441725237,
f26,51,10000000,100.0145127641202,100.01488323924059,0.0047506148951101945,100.00524670046434,100.02640450938497,
f27,51,10000000,5.882400395691342,2.7633032459561946e-05,41.59450982936001,0.0,300.0,
f28,51,10000000,380.88754845368385,356.82687929708663,43.430737627829664,356.82687929708663,476.38377810755173,
f29,51,10000000,219.983811691164,221.76056048962437,12.478803280850402,131.74599142908346,221.77652649262018,
f30,51,10000000,457.8662633303024,454.8015237334812,9.017717433293837,454.2889929277899,501.29427259594013,
