func,n_runs,maxevals,mean,median,std,best,worst,elapsed_sec
f1,51,90000,0.00013601387324131497,5.825562254813121e-12,0.0005349430838677168,0.0,0.0031995110110656366,
