func,n_runs,maxevals,mean,median,std,best,worst,elapsed_sec
f9,51,10000000,180.78127167774662,180.78127167774664,2.842170943040401e-14,180.78127167774664,180.78127167774664,117.4
f10,51,10000000,6.370269584109658,0.0,23.530486893259887,0.0,100.27525036701581,155.1
f11,51,10000000,223.7721683967646,300.0,130.32999242716772,0.0,300.0,206.0
f12,51,10000000,235.0307138627925,234.75335205881402,3.25080608262184,228.1881162183422,242.38608326805843,224.3
