func,n_runs,maxevals,mean,median,std,best,worst,elapsed_sec
f23,51,10000000,315.24410218556574,315.2441021855657,5.684341886080802e-14,315.2441021855657,315.2441021855657,7.0
f24,51,10000000,203.3950119544811,200.00000000000045,7.871063629560605,200.00000000000045,221.7117198528017,169.3
f25,51,10000000,202.5698303589596,202.54925302938136,0.02910824366755164,202.52065141604953,202.6379478441504,29.5
f26,51,10000000,100.06979147504182,100.0693631215131,0.012417057910724252,100.03901101380052,100.0963519109664,2052.5
f27,51,10000000,307.843137254902,300.0,26.884920001572844,300.0,400.00000000000045,241.9
f28,51,10000000,814.9755687538458,814.827009809112,20.294065791622344,776.9401811749431,857.8257536978499,236.2
f29,51,10000000,117.25297480954214,100.00000000000045,23.360638324619053,100.00000000000045,148.88361028367672,525.5
f30,51,10000000,371.12392258894806,370.2940335077792,23.652851459467755,327.3288171019358,416.38591146770887,255.4
