func,n_runs,maxevals,mean,median,std,best,worst,elapsed_sec
f3,51,180000,0.09626699463268892,-9.336531547887716e-12,0.173547792658321,-9.338307904727117e-12,0.409134727219282,
