func,n_runs,maxevals,mean,median,std,best,worst,elapsed_sec
f21,51,10000000,1.9607843137270595,1.3642420526593924e-12,13.864838846794955,4.547473508864641e-13,100.00000000000091,1477.4
f22,51,10000000,8.62236643739629e-12,8.185452315956354e-12,3.936642483198587e-12,1.8189894035458565e-12,2.0463630789890885e-11,1593.2
f23,51,10000000,1.0896103191828611e-11,1.1368683772161603e-11,5.19894459800977e-12,4.092726157978177e-12,2.5920599000528455e-11,1624.7
f24,51,10000000,2.3846594415897247e-10,2.2964741219766438e-10,1.1802826346372047e-10,4.774847184307873e-11,7.116796041373163e-10,1657.2
f25,51,10000000,23.530815530532436,5.793481250293553e-10,42.42078103270961,1.4370016288012266e-10,100.01521770569207,1400.4
f26,51,10000000,1.95657276872582e-10,1.850821718107909e-10,8.51340349847018e-11,6.093614501878619e-11,3.6061464925296605e-10,1511.4
f27,51,10000000,167.80631341658372,2.0139780190220335e-05,192.66193558645787,4.570652436086675e-06,389.0055265186784,1608.9
f28,51,10000000,3.8797973983866325e-10,3.369677870068699e-10,2.0886587003894253e-10,1.0049916454590857e-10,1.0663825378287584e-09,1523.4
