func,n_runs,maxevals,mean,median,std,best,worst,elapsed_sec
f15,51,10000000,0.6360881109973853,0.7755099505807266,0.3996730385617938,0.00027020954485124093,1.2202163039685274,1960.7
