func,n_runs,maxevals,mean,median,std,best,worst,elapsed_sec
f17,51,10000000,0.00871177602653006,0.009920434147943524,0.009089911826409905,0.0,0.019729344121969916,59.7
f18,51,10000000,0.027506331442237734,2.739425326581113e-07,0.07630232460172887,5.0249582272954285e-11,0.35004303543291826,65.0
