func,n_runs,maxevals,mean,median,std,best,worst,elapsed_sec
f15,51,10000000,0.02633162428717732,1.4312663552118465e-06,0.07394085846841662,3.0399860406760126e-10,0.4707459499663855,65.6
