func,n_runs,maxevals,mean,median,std,best,worst,elapsed_sec
f9,51,10000000,103.10919147876463,100.00000000000045,29.015169315375825,4.547473508864641e-13,229.2843827084871,257.9
f10,51,10000000,0.0,0.0,0.0,0.0,0.0,271.7
f11,51,10000000,4.3691412143993613e-13,4.547473508864641e-13,8.826998230466901e-14,0.0,4.547473508864641e-13,265.9
f12,51,10000000,158.6183545576682,158.61835455766823,7.327654028924132e-14,158.61835455766823,158.61835455766868,298.5
