func,n_runs,maxevals,mean,median,std,best,worst,elapsed_sec
f23,51,10000000,135.08136263165218,0.0,159.0565845672159,0.0,329.4574747107131,77.8
f24,51,10000000,100.69234965378803,100.0,1.961913428132524,100.0,109.15002268262378,
f25,51,10000000,100.17087716599006,100.0,1.2082817243674233,100.0,108.71471917481495,
f26,51,10000000,100.03883860326027,100.03716995627747,0.0157689158557432,100.01255893331836,100.10093960861968,
f27,51,10000000,0.7817202857758828,0.7655488098271235,0.2752805794049319,0.13212285683130176,1.3819858004935668,
f28,51,10000000,238.47263718295602,300.0,126.77438967319911,0.0,356.8268792970871,
f29,51,10000000,109.32658660729156,100.00000063346306,14.33667090852036,100.0,132.16245124616808,
f30,51,10000000,453.67244908988374,462.38758255469384,29.65139522030559,324.1826766569725,468.1454218167946,
