func,n_runs,maxevals,mean,median,std,best,worst,elapsed_sec
f25,51,300000,100.00568707671253,100.00512109323563,34.29971744426685,1.5916157281026244e-10,300.00000000034333,68.9
