func,n_runs,maxevals,mean,median,std,best,worst,elapsed_sec
f8,51,2000000,100.00000000000043,100.00000000000045,2.842170943040401e-14,100.00000000000045,100.00000000000045,4.4
f9,51,2000000,390.92387337485627,393.44088269854547,6.487753485318572,371.0896219571746,399.62746199580397,21.9
f10,51,2000000,413.658244023878,413.65733976634874,0.003285585257846032,413.65733976634874,413.67435395269604,11.8
