func,n_runs,maxevals,mean,median,std,best,worst,elapsed_sec
f23,51,10000000,221.02150324418704,329.4574747107131,150.19710987133234,4.547473508864641e-13,329.4574747107131,241.8
f24,51,10000000,100.00000000000043,100.00000000000045,6.599810319767471e-14,100.0,100.00000000000045,
f25,51,10000000,100.00000000000043,100.00000000000045,8.890278783275317e-14,100.0,100.00000000000045,
f26,51,10000000,100.05991564785289,100.05842142387246,0.018140316353560122,100.03125562911646,100.10716106880727,
f27,51,10000000,0.7662939908166967,0.4831452358466777,0.6899207679832533,0.1148883110809038,2.879555534895644,
f28,51,10000000,348.71602128543617,356.82687929708663,49.94106901601873,4.547473508864641e-13,356.82687929708754,
f29,51,10000000,120.28070758387388,131.86939817846996,17.911822626872016,100.00000025200598,151.5100586222743,
f30,51,10000000,294.98150874990233,283.7482846877606,58.910774013722076,213.15123978695965,454.37530711423733,
