func,n_runs,maxevals,mean,median,std,best,worst,elapsed_sec
f1,51,20000,0.0,0.0,0.0,0.0,0.0,0.7
f2,51,20000,2.843285519880809e-12,0.0,1.928643983764577e-11,0.0,1.390958459523972e-10,0.4
f3,51,20000,0.022000578254659665,1.1368683772161603e-13,0.06891856974453836,0.0,0.3629118798593254,0.4
f4,51,20000,0.0005539151230599528,7.45581530736672e-06,0.00138386682544498,0.0,0.006970350826577487,0.4
f5,51,20000,0.0,0.0,0.0,0.0,0.0,0.4
f9,51,20000,0.059004254621190654,0.020078677343008167,0.08755143438348247,0.0,0.34145064918766366,0.4
f10,51,20000,0.06155828938187601,0.006572608663645951,0.11489592148993547,2.2373569663614035e-10,0.3404686501389733,0.4
f11,51,20000,0.0,0.0,0.0,0.0,0.0,0.4
f12,51,20000,0.013233588488790202,0.0002448662980896188,0.041442643410668306,0.0,0.27253184289520505,0.5
