func,n_runs,maxevals,mean,median,std,best,worst,elapsed_sec
f8,51,10000000,20.30472412893102,22.79218432585185,13.513719376258347,0.0,57.4371245732832,117.4
f9,51,10000000,98.5378728289709,100.00000000000045,10.33880037592051,25.431514277496717,100.00000000000045,146.9
f10,51,10000000,121.2714791259161,100.0,43.5958147356498,100.0,249.66746078120968,156.0
