func,n_runs,maxevals,mean,median,std,best,worst,elapsed_sec
f23,51,10000000,329.4574747107131,329.4574747107131,0.0,329.4574747107131,329.4574747107131,73.0
f24,51,10000000,101.49505546257944,100.0,2.7235063036322233,100.0,108.07346107204603,
f25,51,10000000,165.91961146550375,197.189201515861,41.44649056118334,100.0,201.36011777658769,
f26,51,10000000,100.00628773337168,100.00504848484888,0.003578572996326642,100.00080825275563,100.0150057554597,
f27,51,10000000,161.1103747116001,0.7277619504193353,192.9251904793737,0.04487282919399149,400.13176869655854,
f28,51,10000000,397.6169070731322,360.0611812180332,53.21558603900818,356.82687929708663,486.7462301184796,
f29,51,10000000,220.11400892662863,221.76056048962437,12.501616859749543,131.7459514998277,222.70952918436706,
f30,51,10000000,478.0204028856239,480.1975890490485,11.833230110206483,460.0407553039363,520.9898691618482,
