func,n_runs,maxevals,mean,median,std,best,worst,elapsed_sec
f9,51,10000000,224.78861049851676,229.2843827084871,31.789910163400553,0.0,229.2843827084871,78.6
f10,51,10000000,0.13147964318146727,0.0,0.6507910309712218,0.0,3.3527309011274156,119.2
f11,51,10000000,0.0,0.0,0.0,0.0,0.0,153.9
f12,51,10000000,155.95903278012713,159.36873363703762,22.0634111610765,0.0010648330912772508,162.15058586289433,122.2
