func,n_runs,maxevals,mean,median,std,best,worst,elapsed_sec
f2,51,30000000,0.0,0.0,0.0,0.0,0.0,162.1
f3,51,30000000,1.0800036082020295,0.0,2.045180763804102,0.0,5.148227966061313,325.9
f4,51,30000000,0.0,0.0,0.0,0.0,0.0,300.8
f10,51,30000000,198.76146487203252,300.0,134.92966805327305,0.0,347.36691593518754,330.0
