func,n_runs,maxevals,mean,median,std,best,worst,elapsed_sec
f8,51,40000000,100.0000000000004,100.00000000000045,1.1115075279733488e-13,100.0,100.00000000000045,214.4
f9,51,40000000,389.9013265985457,392.6525847908906,7.808664274529524,359.06573832559843,397.92916382834846,355.4
f10,51,40000000,413.6579750581633,413.65733976634874,0.002367292252849749,413.65733976634874,413.67435395269604,29.2
