func,n_runs,maxevals,mean,median,std,best,worst,elapsed_sec
f23,51,10000000,21.568627451105172,9.913492249324918e-11,41.129758751851675,2.091837814077735e-11,100.00000000055434,1713.8
f24,51,10000000,100.00000000000414,100.00000000000409,1.7616009712003306e-12,100.00000000000136,100.00000000000955,
f25,51,10000000,100.00000000000581,100.000000000005,3.4212159997748768e-12,100.00000000000091,100.00000000001864,
f26,51,10000000,59.19060533997506,58.06706549996579,28.737065592857565,0.0783984544868872,100.28775754675917,
f27,51,10000000,1.3275601798327978,1.3459269750846943,0.15708984835662929,0.626810955682231,1.5494312575601725,
f28,51,10000000,60.85910366765802,100.05851710855359,48.88325006197904,7.048583938740194e-11,100.31376891064428,
f29,51,10000000,144.580513269119,147.50516098659955,8.312632525287727,127.44170413214897,161.9081408207494,
f30,51,10000000,309.37686799693586,307.73302667863527,44.706229421087436,213.23347251818996,430.7918253482244,
