func,n_runs,maxevals,mean,median,std,best,worst,elapsed_sec
f2,51,30000000,0.002449290810938121,0.0,0.008395745907863966,0.0,0.031228457839461043,878.3
f3,51,30000000,7.697028098715539,6.821210263296962e-13,9.46167967784478,0.0,20.387215350062434,852.7
f4,51,30000000,0.1254701782589635,0.1131649776307313,0.049131314950824546,0.029670822354546544,0.24969829365090845,802.2
f10,51,30000000,399.4719625830833,399.04136354214506,2.1301883867421925,399.0079535228456,410.01672710782805,1069.8
