func,n_runs,maxevals,mean,median,std,best,worst,elapsed_sec
f8,51,10000000,13.72549019607902,4.547473508864641e-13,34.411625048596534,4.547473508864641e-13,100.00000000000091,284.1
f9,51,10000000,115.68627450980485,100.00000000000091,45.90078396360641,100.00000000000045,300.0000000000009,292.5
f10,51,10000000,388.36032170198666,400.0000000000009,57.61566895781169,100.64524880706858,400.0000000000009,280.4
