func,n_runs,maxevals,mean,median,std,best,worst,elapsed_sec
f1,51,20000,0.0,0.0,0.0,0.0,0.0,0.4
f2,51,20000,3.255663379793095,0.31217325598140633,16.650509586714815,0.0,118.75050787041937,0.1
f3,51,20000,1.7964752981342003,2.0163302656154656,0.6407107366655906,0.0,2.428478120062323,0.1
f4,51,20000,0.0053494794811098575,0.0,0.021430543406275503,0.0,0.12174153344176375,0.1
f8,51,20000,0.0,0.0,0.0,0.0,0.0,0.1
f9,51,20000,97.31964258521727,100.0,14.673144630159904,0.0,100.0,0.1
f10,51,20000,37.254901960784316,0.0,48.3483451213253,0.0,100.0,0.2
