func,n_runs,maxevals,mean,median,std,best,worst,elapsed_sec
f2,51,30000000,0.1236891859492008,0.1249138313542062,0.04371143573684479,0.0,0.2498276627084124,324.3
f3,51,30000000,20.387215350062434,20.387215350062434,0.0,20.387215350062434,20.387215350062434,337.6
f4,51,30000000,0.3697521490383126,0.3720025759132568,0.04386799433238879,0.25012542074819066,0.45616283364984156,350.9
f10,51,30000000,397.09634455717196,399.04136354214506,13.73150970323643,300.0,399.07133659719557,467.5
