func,n_runs,maxevals,mean,median,std,best,worst,elapsed_sec
f9,51,10000000,229.2843827084871,229.2843827084871,0.0,229.2843827084871,229.2843827084871,1.4
f10,51,10000000,100.00000146239327,100.0,6.1996596206740245e-06,100.0,100.00004145174717,64.6
f11,51,10000000,1.7833229446528004e-13,0.0,2.2202191611716986e-13,0.0,4.547473508864641e-13,2.1
f12,51,10000000,164.5309406738624,164.92194156800042,0.7580650975155733,162.70013053532875,164.9310079029069,11.4
