func,n_runs,maxevals,mean,median,std,best,worst,elapsed_sec
f9,51,60000000,88.23529411764741,100.00000000000045,32.21897397089212,0.0,100.00000000000045,886.1
f10,51,60000000,387.77435464960723,399.03540894046364,30.878851730366264,300.0,399.06477463903684,908.6
