func,n_runs,maxevals,mean,median,std,best,worst,elapsed_sec
f8,51,40000000,4.492864594138815,3.637978807091713e-11,10.86616336819954,1.1368683772161603e-11,40.66891977166597,9446.8
f9,51,40000000,90.19607843144153,100.00000000004775,29.73676644720448,1.0459189070388675e-10,100.00000000008686,9208.7
f10,51,40000000,376.4349129599609,399.34097224421294,80.66029717120102,100.00201083781303,410.04599420876457,9617.0
