func,n_runs,maxevals,mean,median,std,best,worst,elapsed_sec
f8,51,40000000,90.19607843137328,100.00000000000091,29.736766447260983,4.547473508864641e-13,100.00000000000091,1373.6
f9,51,40000000,335.4060321029379,408.1187782154898,131.408374127219,4.547473508864641e-13,419.9143478054639,1490.1
f10,51,40000000,399.0806116043691,399.04136354214506,0.18735119992327476,399.0079535228456,400.00000000000045,1439.3
