func,n_runs,maxevals,mean,median,std,best,worst,elapsed_sec
f10,51,1000000,11.764705882352942,0.0,32.21897397089213,0.0,100.0,16.3
