func,n_runs,maxevals,mean,median,std,best,worst,elapsed_sec
f4,51,100000,1.9509001119476277,1.9899181141865796,0.9020671840640564,0.0,3.9798362283731628,
f5,51,100000,0.004346707205607004,0.0,0.006255309821181377,0.0,0.022151242014808892,
f6,51,100000,2.0898315757650005e-16,0.0,1.0925909164844251e-15,0.0,7.105427357601002e-15,
f7,51,100000,108.48057476312037,18.784355436720944,132.43075174621833,0.24981776415552304,454.8935297558328,
f8,51,100000,1.2212154796318921,1.2391154697287972,0.3726258895525603,0.4810848487585897,2.2200514886631124,
f9,51,100000,0.02801851285657304,0.02463131189554879,0.01630512509815846,0.004982446050087352,0.1148618840339588,
f10,51,100000,11.878440994359316,19.995647740079818,9.58667989464178,3.552713678800501e-15,20.027357588728844,
