func,n_runs,maxevals,mean,median,std,best,worst,elapsed_sec
f9,51,60000000,84.31372549026392,100.00000000004047,36.36713135483446,9.777068044058979e-11,100.00000000009823,13635.1
f10,51,60000000,370.37828872906147,399.3177854681867,89.1437351523517,100.00222041341658,402.6485939525596,13156.6
