func,n_runs,maxevals,mean,median,std,best,worst,elapsed_sec
f8,51,2000000,64.40287803495809,60.20082415577099,30.610740985128245,2.0463630789890885e-11,100.00000000004957,485.5
f9,51,2000000,109.86496662006849,100.0000000000473,45.78604875870639,100.00000000001592,403.1132976212539,501.4
f10,51,2000000,410.202306590902,413.68009877652185,5.1715708569996695,399.10001455645715,413.84507690621103,501.3
