func,n_runs,maxevals,mean,median,std,best,worst,elapsed_sec
f9,51,20000000,180.78127167774662,180.78127167774664,2.842170943040401e-14,180.78127167774664,180.78127167774664,235.0
f10,51,20000000,8.146040879110263,0.0,26.895576785666577,0.0,100.2466842952008,319.7
f12,51,20000000,233.644173709764,233.34699600839485,2.30214640623494,228.8586448981864,239.9719854692471,475.2
