func,n_runs,maxevals,mean,median,std,best,worst,elapsed_sec
f8,51,10000000,2.1426625180003397e-11,2.000888343900442e-11,9.58154873508897e-12,9.549694368615746e-12,7.457856554538012e-11,2386.7
f9,51,10000000,80.39215686283697,100.00000000003729,39.70285633582099,1.9417711882852018e-10,100.00000000011187,2196.0
f10,51,10000000,101.96659754884266,100.00409009508257,13.86401765246985,100.00106968297678,200.00000000317368,1859.6
