func,n_runs,maxevals,mean,median,std,best,worst,elapsed_sec
f21,51,400000,92.15686274626486,100.0,26.88492000191309,0.0,100.00000005950506,3.2
f22,51,400000,16.10323467750678,15.18149580443378,19.48946695363077,0.0,100.0,3.3
f23,51,400000,237.785296468827,303.0067452693788,124.70799334879838,0.0,306.62323882867804,3.5
f24,51,400000,77.74445013392237,100.0,39.884306109103164,0.0,100.0,3.4
f25,51,400000,380.2294225693841,397.74286946998745,70.05378761790662,100.00837069656745,397.74286946998745,3.2
f26,51,400000,9.803921612918728,0.0,49.526787992468094,0.0,300.0,3.8
f27,51,400000,373.85981222561344,389.29749456105674,75.52619057602716,0.027520199707851134,391.6809588445117,4.0
f28,51,400000,120.58657314794833,0.0,144.90661816835802,0.0,300.0,3.5
