suite,dimension,budget,function,function_class,scope,correction,competitor,reference,n_competitor,n_reference,u_competitor,probability_competitor_lower,median_competitor,median_reference,p_raw,holm_family_size,p_holm,alpha,decision
cec2014,10,100000,1,basic,all,holm-bonferroni,ARRDE,MSC-CMA,51,51,41.5,0.98404459823144941,0,0,3.6641015060128147e-17,30,9.160253765032037e-16,0.05,lower
cec2014,10,100000,2,basic,all,holm-bonferroni,ARRDE,MSC-CMA,51,51,332,0.87235678585159548,0,0,3.1710390978006637e-11,30,5.3907664662611281e-10,0.05,lower
cec2014,10,100000,3,basic,all,holm-bonferroni,ARRDE,MSC-CMA,51,51,1863,0.2837370242214533,0,0,6.0464672522648786e-05,30,0.00036278803513589274,0.05,higher
cec2014,10,100000,4,basic,all,holm-bonferroni,ARRDE,MSC-CMA,51,51,2082,0.19953863898500579,0,0,1.2834112489929882e-07,30,1.6684346236908847e-06,0.05,higher
cec2014,10,100000,5,basic,all,holm-bonferroni,ARRDE,MSC-CMA,51,51,724,0.72164552095347945,19.999999295224598,19.999999999848228,0.00011572989954321296,30,0.00057864949771606485,0.05,lower
cec2014,10,100000,6,basic,all,holm-bonferroni,ARRDE,MSC-CMA,51,51,0,1,0,3.5627060884156663,7.339752357236632e-19,30,2.2019257071709896e-17,0.05,lower
cec2014,10,100000,7,basic,all,holm-bonferroni,ARRDE,MSC-CMA,51,51,645,0.75201845444059978,0,0.0098572846078468501,7.6222391942957281e-06,30,6.8600152748661552e-05,0.05,lower
cec2014,10,100000,8,basic,all,holm-bonferroni,ARRDE,MSC-CMA,51,51,136,0.94771241830065356,0,1.9899181141865938,2.4942610607597171e-15,30,4.7390960154434622e-14,0.05,lower
cec2014,10,100000,9,basic,all,holm-bonferroni,ARRDE,MSC-CMA,51,51,1949,0.25067281814686659,1.9899181141865938,0.99495905709329691,1.1123501767299927e-05,30,8.8988014138399418e-05,0.05,higher
cec2014,10,100000,10,basic,all,holm-bonferroni,ARRDE,MSC-CMA,51,51,23.5,0.9909650134563629,0.37472664623328455,25.772814150715021,1.2740599211681601e-17,30,3.3125557950372163e-16,0.05,lower
cec2014,10,100000,11,basic,all,holm-bonferroni,ARRDE,MSC-CMA,51,51,2076,0.20184544405997695,121.9782041842077,11.891979620299935,2.1363054691373325e-07,30,2.5635665629647993e-06,0.05,higher
cec2014,10,100000,12,basic,all,holm-bonferroni,ARRDE,MSC-CMA,51,51,1778,0.3164167627835448,0.07963881369300907,0.033245797464587667,0.0014108533584974037,30,0.005643413433989615,0.05,higher
cec2014,10,100000,13,basic,all,holm-bonferroni,ARRDE,MSC-CMA,51,51,0,1,0.02698269640518447,0.38125948453671299,3.3036815016661564e-18,30,9.5702973708610947e-17,0.05,lower
cec2014,10,100000,14,basic,all,holm-bonferroni,ARRDE,MSC-CMA,51,51,65,0.97500961168781242,0.080174579329650442,0.241933362851114,1.3911794652540345e-16,30,3.1997127700842795e-15,0.05,lower
cec2014,10,100000,15,basic,all,holm-bonferroni,ARRDE,MSC-CMA,51,51,125,0.95194156093810078,0.43251756877020853,0.94618901446119708,3.7226227932360479e-15,30,6.7007210278248855e-14,0.05,lower
cec2014,10,100000,16,basic,all,holm-bonferroni,ARRDE,MSC-CMA,51,51,0,1,1.103634588355817,3.2060587512919483,3.3036815016661564e-18,30,9.5702973708610947e-17,0.05,lower
cec2014,10,100000,17,hybrid,all,holm-bonferroni,ARRDE,MSC-CMA,51,51,548,0.78931180315263361,1.4112450263849041,5.9697493047444823,4.8282400010980944e-07,30,5.3110640012079034e-06,0.05,lower
cec2014,10,100000,18,hybrid,all,holm-bonferroni,ARRDE,MSC-CMA,51,51,549,0.78892733564013839,0.24990655565784436,0.45894903967587197,5.002336081955756e-07,30,5.3110640012079034e-06,0.05,lower
cec2014,10,100000,19,hybrid,all,holm-bonferroni,ARRDE,MSC-CMA,51,51,0,1,0.05627311402918167,1.6454063105700243,3.3001025416762394e-18,30,9.5702973708610947e-17,0.05,lower
cec2014,10,100000,20,hybrid,all,holm-bonferroni,ARRDE,MSC-CMA,51,51,112,0.95693963860053821,0.32324726219690092,1.2849718874979317,1.8510708267370478e-15,30,3.7021416534740958e-14,0.05,lower
cec2014,10,100000,21,hybrid,all,holm-bonferroni,ARRDE,MSC-CMA,51,51,65,0.97500961168781242,0.39590844126087177,1.4266696846566447,1.3911794652540345e-16,30,3.1997127700842795e-15,0.05,lower
cec2014,10,100000,22,hybrid,all,holm-bonferroni,ARRDE,MSC-CMA,51,51,77,0.97039600153787009,0.21604820688435211,20.436836921025588,2.7189450995250805e-16,30,5.7097847090026694e-15,0.05,lower
cec2014,10,100000,23,composition,all,holm-bonferroni,ARRDE,MSC-CMA,51,51,1468.5,0.43540945790080743,329.45747471071309,300.00000000020373,0.25630939089312399,30,0.76892817267937197,0.05,not significant
cec2014,10,100000,24,composition,all,holm-bonferroni,ARRDE,MSC-CMA,51,51,1451.5,0.44194540561322571,106.59501597066037,106.59501597065992,0.31344790246334076,30,0.76892817267937197,0.05,not significant
cec2014,10,100000,25,composition,all,holm-bonferroni,ARRDE,MSC-CMA,51,51,1387,0.46674356016916574,116.55356942961225,116.43221169254275,0.56487974324107704,30,0.76892817267937197,0.05,not significant
cec2014,10,100000,26,composition,all,holm-bonferroni,ARRDE,MSC-CMA,51,51,58,0.97770088427527879,100.02866918146174,100.19251325086498,9.3831129234171917e-17,30,2.2519471016201258e-15,0.05,lower
cec2014,10,100000,27,composition,all,holm-bonferroni,ARRDE,MSC-CMA,51,51,376,0.85544021530180703,1.2327584223880876,2.3682339283668625,6.2472977689988601e-10,30,8.7462168765984044e-09,0.05,lower
cec2014,10,100000,28,composition,all,holm-bonferroni,ARRDE,MSC-CMA,51,51,648,0.75086505190311414,357.1032390479445,372.12153116836953,1.2791298041835645e-05,30,8.9539086292849518e-05,0.05,lower
cec2014,10,100000,29,composition,all,holm-bonferroni,ARRDE,MSC-CMA,51,51,359,0.86197616301422531,221.76056137387195,224.30014824747741,3.0182646696030121e-10,30,4.5273970044045182e-09,0.05,lower
cec2014,10,100000,30,composition,all,holm-bonferroni,ARRDE,MSC-CMA,51,51,335,0.87120338331410996,462.33268815995689,472.57521579918148,1.0577200626973859e-10,30,1.6923521003158175e-09,0.05,lower
cec2014,10,100000,1,basic,all,holm-bonferroni,BIPOP-CMA,MSC-CMA,51,51,0,1,0,0,1.3905886961424435e-20,30,4.1717660884273307e-19,0.05,lower
cec2014,10,100000,2,basic,all,holm-bonferroni,BIPOP-CMA,MSC-CMA,51,51,102,0.96078431372549022,0,0,2.4951114593373185e-18,30,6.9863120861444917e-17,0.05,lower
cec2014,10,100000,3,basic,all,holm-bonferroni,BIPOP-CMA,MSC-CMA,51,51,688.5,0.73529411764705888,0,0,3.2510433460501254e-08,30,5.2016693536802007e-07,0.05,lower
cec2014,10,100000,4,basic,all,holm-bonferroni,BIPOP-CMA,MSC-CMA,51,51,2077.5,0.20126874279123419,34.780274874720646,0,6.5702216927189043e-08,30,9.8553325390783568e-07,0.05,higher
cec2014,10,100000,5,basic,all,holm-bonferroni,BIPOP-CMA,MSC-CMA,51,51,427,0.83583237216455208,19.99997923758724,19.999999999848228,5.1351130909995849e-09,30,8.7296922546992939e-08,0.05,lower
cec2014,10,100000,6,basic,all,holm-bonferroni,BIPOP-CMA,MSC-CMA,51,51,0,1,0,3.5627060884156663,9.0480218277557623e-20,30,2.623926330049171e-18,0.05,lower
cec2014,10,100000,7,basic,all,holm-bonferroni,BIPOP-CMA,MSC-CMA,51,51,229.5,0.91176470588235292,0,0.0098572846078468501,9.4413504478555457e-16,30,2.3603376119638865e-14,0.05,lower
cec2014,10,100000,8,basic,all,holm-bonferroni,BIPOP-CMA,MSC-CMA,51,51,1545.5,0.40580545943867741,2.9848771712798907,1.9899181141865938,0.099306056440917057,30,0.49653028220458528,0.05,not significant
cec2014,10,100000,9,basic,all,holm-bonferroni,BIPOP-CMA,MSC-CMA,51,51,1904,0.26797385620915037,1.9899181141865938,0.99495905709329691,4.388552182362512e-05,30,0.00048274074005987634,0.05,higher
cec2014,10,100000,10,basic,all,holm-bonferroni,BIPOP-CMA,MSC-CMA,51,51,1487.5,0.42810457516339873,30.512502891190707,25.772814150715021,0.21194471798007197,30,0.49653028220458528,0.05,not significant
cec2014,10,100000,11,basic,all,holm-bonferroni,BIPOP-CMA,MSC-CMA,51,51,1752.5,0.32622068435217222,24.4821876770975,11.891979620299935,0.0025112754391851573,30,0.020090203513481258,0.05,higher
cec2014,10,100000,12,basic,all,holm-bonferroni,BIPOP-CMA,MSC-CMA,51,51,246,0.90542099192618219,0,0.033245797464587667,1.7140200089138092e-12,30,3.2566380169362375e-11,0.05,lower
cec2014,10,100000,13,basic,all,holm-bonferroni,BIPOP-CMA,MSC-CMA,51,51,0,1,0.023914685963291049,0.38125948453671299,3.3036815016661564e-18,30,8.919940054498623e-17,0.05,lower
cec2014,10,100000,14,basic,all,holm-bonferroni,BIPOP-CMA,MSC-CMA,51,51,2372,0.088043060361399417,0.35240986186522605,0.241933362851114,7.6162701018722971e-13,30,1.5994167213931824e-11,0.05,higher
cec2014,10,100000,15,basic,all,holm-bonferroni,BIPOP-CMA,MSC-CMA,51,51,359,0.86197616301422531,0.60268409220816466,0.94618901446119708,3.0182646696030121e-10,30,5.4328764052854219e-09,0.05,lower
cec2014,10,100000,16,basic,all,holm-bonferroni,BIPOP-CMA,MSC-CMA,51,51,136,0.94771241830065356,2.2364207656696635,3.2060587512919483,6.6844276035488455e-15,30,1.5374183488162345e-13,0.05,lower
cec2014,10,100000,17,hybrid,all,holm-bonferroni,BIPOP-CMA,MSC-CMA,51,51,1610,0.38100730488273737,13.16287319836124,5.9697493047444823,0.038634544824449238,30,0.23180726894669543,0.05,not significant
cec2014,10,100000,18,hybrid,all,holm-bonferroni,BIPOP-CMA,MSC-CMA,51,51,2365,0.090734332948865792,2.3406855729788276,0.45894903967587197,1.0711522171960899e-12,30,2.1423044343921799e-11,0.05,higher
cec2014,10,100000,19,hybrid,all,holm-bonferroni,BIPOP-CMA,MSC-CMA,51,51,143,0.94502114571318718,1.0164628021711906,1.6454063105700243,9.6728747701797085e-15,30,2.1280324494395359e-13,0.05,lower
cec2014,10,100000,20,hybrid,all,holm-bonferroni,BIPOP-CMA,MSC-CMA,51,51,1622,0.37639369473279505,1.5422564846614932,1.2849718874979317,0.031685242729522896,30,0.22179669910666028,0.05,not significant
cec2014,10,100000,21,hybrid,all,holm-bonferroni,BIPOP-CMA,MSC-CMA,51,51,1542,0.4071510957324106,16.767493752084192,1.4266696846566447,0.10675700732027862,30,0.49653028220458528,0.05,not significant
cec2014,10,100000,22,hybrid,all,holm-bonferroni,BIPOP-CMA,MSC-CMA,51,51,1064,0.59092656670511334,20.324684352384338,20.436836921025588,0.11422624506800838,30,0.49653028220458528,0.05,not significant
cec2014,10,100000,23,composition,all,holm-bonferroni,BIPOP-CMA,MSC-CMA,51,51,1812,0.30334486735870814,329.45747471071309,300.00000000020373,6.1741337929309797e-05,30,0.00061741337929309794,0.05,higher
cec2014,10,100000,24,composition,all,holm-bonferroni,BIPOP-CMA,MSC-CMA,51,51,1985.5,0.23663975394079195,107.9002563761137,106.59501597065992,4.5775855718168865e-06,30,5.9508612433619524e-05,0.05,higher
cec2014,10,100000,25,composition,all,holm-bonferroni,BIPOP-CMA,MSC-CMA,51,51,2078.5,0.20088427527873898,123.16168019058932,116.43221169254275,1.9508338313204845e-07,30,2.7311673638486784e-06,0.05,higher
cec2014,10,100000,26,composition,all,holm-bonferroni,BIPOP-CMA,MSC-CMA,51,51,57,0.97808535178777389,100.02661316551985,100.19251325086498,8.8682193669000396e-17,30,2.3057370353940104e-15,0.05,lower
cec2014,10,100000,27,composition,all,holm-bonferroni,BIPOP-CMA,MSC-CMA,51,51,2486,0.044213763936947315,291.35278761490827,2.3682339283668625,1.4289030596107564e-15,30,3.4293673430658151e-14,0.05,higher
cec2014,10,100000,28,composition,all,holm-bonferroni,BIPOP-CMA,MSC-CMA,51,51,1792,0.31103421760861205,378.32718788284365,372.12153116836953,0.0010157797711895405,30,0.0091420179407058644,0.05,higher
cec2014,10,100000,29,composition,all,holm-bonferroni,BIPOP-CMA,MSC-CMA,51,51,1224,0.52941176470588236,223.79468367275103,224.30014824747741,0.61100054922236557,30,0.61100054922236557,0.05,not significant
cec2014,10,100000,30,composition,all,holm-bonferroni,BIPOP-CMA,MSC-CMA,51,51,1967,0.2437524029219531,499.66852242413825,472.57521579918148,8.2981735952010488e-06,30,9.9578083142412593e-05,0.05,higher
cec2014,10,100000,1,basic,all,holm-bonferroni,LSRTDE,MSC-CMA,51,51,0,1,0,0,1.3905886961424435e-20,30,4.1717660884273307e-19,0.05,lower
cec2014,10,100000,2,basic,all,holm-bonferroni,LSRTDE,MSC-CMA,51,51,102,0.96078431372549022,0,0,2.4951114593373185e-18,30,6.9863120861444917e-17,0.05,lower
cec2014,10,100000,3,basic,all,holm-bonferroni,LSRTDE,MSC-CMA,51,51,688.5,0.73529411764705888,0,0,3.2510433460501254e-08,30,3.9012520152601505e-07,0.05,lower
cec2014,10,100000,4,basic,all,holm-bonferroni,LSRTDE,MSC-CMA,51,51,1865.5,0.28277585544021533,34.780274874720646,0,6.0351188093523618e-05,30,0.0005431606928417126,0.05,higher
cec2014,10,100000,5,basic,all,holm-bonferroni,LSRTDE,MSC-CMA,51,51,1342,0.48404459823144941,20.309889153604104,19.999999999848228,0.78374367947235635,30,1,0.05,not significant
cec2014,10,100000,6,basic,all,holm-bonferroni,LSRTDE,MSC-CMA,51,51,0,1,0,3.5627060884156663,1.3905886961424435e-20,30,4.1717660884273307e-19,0.05,lower
cec2014,10,100000,7,basic,all,holm-bonferroni,LSRTDE,MSC-CMA,51,51,449,0.82737408688965786,0,0.0098572846078468501,1.0781640129282115e-09,30,1.5094296180994961e-08,0.05,lower
cec2014,10,100000,8,basic,all,holm-bonferroni,LSRTDE,MSC-CMA,51,51,173,0.93348712033833137,0,1.9899181141865938,6.3086208455183094e-15,30,1.3248103775588449e-13,0.05,lower
cec2014,10,100000,9,basic,all,holm-bonferroni,LSRTDE,MSC-CMA,51,51,882,0.66089965397923878,0,0.99495905709329691,0.0030091890724587662,30,0.021064323507211363,0.05,lower
cec2014,10,100000,10,basic,all,holm-bonferroni,LSRTDE,MSC-CMA,51,51,72.5,0.97212610534409838,0.43718108727080107,25.772814150715021,2.0442326050380297e-16,30,4.9061582520912714e-15,0.05,lower
cec2014,10,100000,11,basic,all,holm-bonferroni,LSRTDE,MSC-CMA,51,51,1194,0.54094579008073818,11.954434061337452,11.891979620299935,0.47797367390385559,30,1,0.05,not significant
cec2014,10,100000,12,basic,all,holm-bonferroni,LSRTDE,MSC-CMA,51,51,2451,0.057670126874279082,0.74980265988506289,0.033245797464587667,1.3971975970711447e-14,30,2.6546754344351749e-13,0.05,higher
cec2014,10,100000,13,basic,all,holm-bonferroni,LSRTDE,MSC-CMA,51,51,0,1,0.052625956223437242,0.38125948453671299,3.3036815016661564e-18,30,8.5895719043320062e-17,0.05,lower
cec2014,10,100000,14,basic,all,holm-bonferroni,LSRTDE,MSC-CMA,51,51,1622,0.37639369473279505,0.27009525481230412,0.241933362851114,0.031685242729522896,30,0.19011145637713739,0.05,not significant
cec2014,10,100000,15,basic,all,holm-bonferroni,LSRTDE,MSC-CMA,51,51,790,0.69627066512879665,0.76134173677223771,0.94618901446119708,0.00064185783343824303,30,0.0051348626675059442,0.05,lower
cec2014,10,100000,16,basic,all,holm-bonferroni,LSRTDE,MSC-CMA,51,51,0,1,0.49773786817286236,3.2060587512919483,3.3036815016661564e-18,30,8.5895719043320062e-17,0.05,lower
cec2014,10,100000,17,hybrid,all,holm-bonferroni,LSRTDE,MSC-CMA,51,51,236,0.90926566705113421,0.41628596929103878,5.9697493047444823,8.7914387541264705e-13,30,1.4066302006602353e-11,0.05,lower
cec2014,10,100000,18,hybrid,all,holm-bonferroni,LSRTDE,MSC-CMA,51,51,224,0.91387927720107653,0.071171474928632961,0.45894903967587197,5.961793523056024e-13,30,1.0135048989195241e-11,0.05,lower
cec2014,10,100000,19,hybrid,all,holm-bonferroni,LSRTDE,MSC-CMA,51,51,0,1,0.036543769966783657,1.6454063105700243,3.1571759218704862e-18,30,8.5243749890503132e-17,0.05,lower
cec2014,10,100000,20,hybrid,all,holm-bonferroni,LSRTDE,MSC-CMA,51,51,150,0.94232987312572092,0.41771397157231149,1.2849718874979317,1.3971975970711447e-14,30,2.6546754344351749e-13,0.05,lower
cec2014,10,100000,21,hybrid,all,holm-bonferroni,LSRTDE,MSC-CMA,51,51,135,0.94809688581314877,0.62465083209553995,1.4266696846566447,6.3394205532798461e-15,30,1.3248103775588449e-13,0.05,lower
cec2014,10,100000,22,hybrid,all,holm-bonferroni,LSRTDE,MSC-CMA,51,51,82,0.96847366397539403,0.33272287722002147,20.436836921025588,3.5879154323186085e-16,30,8.2522054943327997e-15,0.05,lower
cec2014,10,100000,23,composition,all,holm-bonferroni,LSRTDE,MSC-CMA,51,51,1836,0.29411764705882348,329.45747471071309,300.00000000020373,2.330173452165158e-05,30,0.0002330173452165158,0.05,higher
cec2014,10,100000,24,composition,all,holm-bonferroni,LSRTDE,MSC-CMA,51,51,638.5,0.7545174932718185,100.00000000000045,106.59501597065992,8.8476136496118344e-06,30,9.7323750145730177e-05,0.05,lower
cec2014,10,100000,25,composition,all,holm-bonferroni,LSRTDE,MSC-CMA,51,51,2172.5,0.16474432910419068,192.86554242024658,116.43221169254275,5.3741205821675934e-09,30,6.9863567568178716e-08,0.05,higher
cec2014,10,100000,26,composition,all,holm-bonferroni,LSRTDE,MSC-CMA,51,51,91,0.96501345636293734,100.05383897186312,100.19251325086498,5.8942535803087671e-16,30,1.2967357876679288e-14,0.05,lower
cec2014,10,100000,27,composition,all,holm-bonferroni,LSRTDE,MSC-CMA,51,51,1328,0.48942714340638216,268.91976587960517,2.3682339283668625,0.85620882419345479,30,1,0.05,not significant
cec2014,10,100000,28,composition,all,holm-bonferroni,LSRTDE,MSC-CMA,51,51,1431,0.44982698961937717,360.06118121803365,372.12153116836953,0.38332761693400663,30,1,0.05,not significant
cec2014,10,100000,29,composition,all,holm-bonferroni,LSRTDE,MSC-CMA,51,51,363,0.86043829296424446,221.76056048962482,224.30014824747741,3.0563452631402304e-10,30,4.5845178947103458e-09,0.05,lower
cec2014,10,100000,30,composition,all,holm-bonferroni,LSRTDE,MSC-CMA,51,51,1590,0.38869665513264129,480.70841590917007,472.57521579918148,0.052941646423284097,30,0.26470823211642047,0.05,not significant
cec2014,10,100000,1,basic,all,holm-bonferroni,NLSHADE-RSP,MSC-CMA,51,51,2601,0,0.81289677606049793,0,3.3036815016661564e-18,30,8.8929081245692194e-17,0.05,higher
cec2014,10,100000,2,basic,all,holm-bonferroni,NLSHADE-RSP,MSC-CMA,51,51,203,0.92195309496347555,0,0,2.1422707838557966e-14,30,4.0703144893260133e-13,0.05,lower
cec2014,10,100000,3,basic,all,holm-bonferroni,NLSHADE-RSP,MSC-CMA,51,51,992.5,0.61841599384851986,0,0,0.014148438129511503,30,0.05755908485857722,0.05,not significant
cec2014,10,100000,4,basic,all,holm-bonferroni,NLSHADE-RSP,MSC-CMA,51,51,2034,0.2179930795847751,0,0,6.8596360764465379e-07,30,7.5455996840911919e-06,0.05,higher
cec2014,10,100000,5,basic,all,holm-bonferroni,NLSHADE-RSP,MSC-CMA,51,51,1097,0.578239138792772,20.010390913724564,19.999999999848228,0.17426716414752097,30,0.52280149244256291,0.05,not significant
cec2014,10,100000,6,basic,all,holm-bonferroni,NLSHADE-RSP,MSC-CMA,51,51,0,1,0,3.5627060884156663,1.3422877220304709e-18,30,3.7584056216853182e-17,0.05,lower
cec2014,10,100000,7,basic,all,holm-bonferroni,NLSHADE-RSP,MSC-CMA,51,51,824,0.6831987697039601,0,0.0098572846078468501,0.0010542773048570369,30,0.0094884957437133318,0.05,lower
cec2014,10,100000,8,basic,all,holm-bonferroni,NLSHADE-RSP,MSC-CMA,51,51,51,0.98039215686274506,0,1.9899181141865938,1.6918341029782167e-19,30,4.9063188986368285e-18,0.05,lower
cec2014,10,100000,9,basic,all,holm-bonferroni,NLSHADE-RSP,MSC-CMA,51,51,2421.5,0.069011918492887347,2.9848771712798907,0.99495905709329691,4.104102878639928e-14,30,7.3873851815518706e-13,0.05,higher
cec2014,10,100000,10,basic,all,holm-bonferroni,NLSHADE-RSP,MSC-CMA,51,51,0,1,0,25.772814150715021,1.3901956678272616e-20,30,4.170587003481785e-19,0.05,lower
cec2014,10,100000,11,basic,all,holm-bonferroni,NLSHADE-RSP,MSC-CMA,51,51,2218,0.14725105728565935,118.68815237859326,11.891979620299935,8.3881137621918114e-10,30,1.1743359267068535e-08,0.05,higher
cec2014,10,100000,12,basic,all,holm-bonferroni,NLSHADE-RSP,MSC-CMA,51,51,2087,0.19761630142252984,0.11265964252766025,0.033245797464587667,1.4368923335089654e-07,30,1.7242708002107584e-06,0.05,higher
cec2014,10,100000,13,basic,all,holm-bonferroni,NLSHADE-RSP,MSC-CMA,51,51,25,0.99038831218762013,0.067632183825253378,0.38125948453671299,1.4235199004135164e-17,30,3.2740957709510877e-16,0.05,lower
cec2014,10,100000,14,basic,all,holm-bonferroni,NLSHADE-RSP,MSC-CMA,51,51,148,0.94309880815071123,0.12553561212394015,0.241933362851114,1.2581886517459927e-14,30,2.5163773034919852e-13,0.05,lower
cec2014,10,100000,15,basic,all,holm-bonferroni,NLSHADE-RSP,MSC-CMA,51,51,430,0.83467896962706645,0.58888732053560489,0.94618901446119708,5.7919906014441508e-09,30,7.5295877818773961e-08,0.05,lower
cec2014,10,100000,16,basic,all,holm-bonferroni,NLSHADE-RSP,MSC-CMA,51,51,0,1,1.7171021024339552,3.2060587512919483,3.3036815016661564e-18,30,8.8929081245692194e-17,0.05,lower
cec2014,10,100000,17,hybrid,all,holm-bonferroni,NLSHADE-RSP,MSC-CMA,51,51,1789,0.31218762014609769,22.911937489678394,5.9697493047444823,0.001090623871224141,30,0.0094884957437133318,0.05,higher
cec2014,10,100000,18,hybrid,all,holm-bonferroni,NLSHADE-RSP,MSC-CMA,51,51,1809,0.30449826989619377,1.192678438196026,0.45894903967587197,0.00067411653186987984,30,0.0067411653186987986,0.05,higher
cec2014,10,100000,19,hybrid,all,holm-bonferroni,NLSHADE-RSP,MSC-CMA,51,51,0,1,0.085157810110331411,1.6454063105700243,3.2936696757663775e-18,30,8.8929081245692194e-17,0.05,lower
cec2014,10,100000,20,hybrid,all,holm-bonferroni,NLSHADE-RSP,MSC-CMA,51,51,42,0.98385236447520186,0.12506242034805837,1.2849718874979317,3.7833387233007244e-17,30,8.3233451912615938e-16,0.05,lower
cec2014,10,100000,21,hybrid,all,holm-bonferroni,NLSHADE-RSP,MSC-CMA,51,51,249,0.90426758938869667,0.33809477223985596,1.4266696846566447,2.0064416091736614e-12,30,3.2103065746778582e-11,0.05,lower
cec2014,10,100000,22,hybrid,all,holm-bonferroni,NLSHADE-RSP,MSC-CMA,51,51,0,1,0.042498661483477917,20.436836921025588,3.3036815016661564e-18,30,8.8929081245692194e-17,0.05,lower
cec2014,10,100000,23,composition,all,holm-bonferroni,NLSHADE-RSP,MSC-CMA,51,51,1182,0.5455594002306805,329.45747471071309,300.00000000020373,0.40372742540251916,30,0.80745485080503832,0.05,not significant
cec2014,10,100000,24,composition,all,holm-bonferroni,NLSHADE-RSP,MSC-CMA,51,51,2515,0.033064206074586711,112.55910169004028,106.59501597065992,4.3990788399703743e-16,30,9.2380655639377868e-15,0.05,higher
cec2014,10,100000,25,composition,all,holm-bonferroni,NLSHADE-RSP,MSC-CMA,51,51,1685.5,0.35198000768935023,118.7978794342248,116.43221169254275,0.010069929349227432,30,0.05755908485857722,0.05,not significant
cec2014,10,100000,26,composition,all,holm-bonferroni,NLSHADE-RSP,MSC-CMA,51,51,226,0.91311034217608611,100.06795051907375,100.19251325086498,6.5762821204385429e-13,30,1.1179679604745524e-11,0.05,lower
cec2014,10,100000,27,composition,all,holm-bonferroni,NLSHADE-RSP,MSC-CMA,51,51,1417,0.45520953479430992,2.4766966335091638,2.3682339283668625,0.43753996672917517,30,0.80745485080503832,0.05,not significant
cec2014,10,100000,28,composition,all,holm-bonferroni,NLSHADE-RSP,MSC-CMA,51,51,913,0.64898116109188775,360.06118820142501,372.12153116836953,0.0095931808097628694,30,0.05755908485857722,0.05,not significant
cec2014,10,100000,29,composition,all,holm-bonferroni,NLSHADE-RSP,MSC-CMA,51,51,851,0.67281814686658969,223.45708477894686,224.30014824747741,0.0026555850074565061,30,0.018589095052195543,0.05,lower
cec2014,10,100000,30,composition,all,holm-bonferroni,NLSHADE-RSP,MSC-CMA,51,51,2317,0.1091887735486351,505.45947368022144,472.57521579918148,1.0477128132299314e-11,30,1.5715692198448971e-10,0.05,higher
cec2014,10,100000,1,basic,all,holm-bonferroni,j2020,MSC-CMA,51,51,2601,0,0.068938436604469189,0,3.3036815016661564e-18,30,9.580676354831854e-17,0.05,higher
cec2014,10,100000,2,basic,all,holm-bonferroni,j2020,MSC-CMA,51,51,537,0.79354094579008072,0,0,3.2143694559244124e-07,30,3.5358064015168535e-06,0.05,lower
cec2014,10,100000,3,basic,all,holm-bonferroni,j2020,MSC-CMA,51,51,2372,0.088043060361399417,0,0,3.2438415429105259e-13,30,6.1632989315299996e-12,0.05,higher
cec2014,10,100000,4,basic,all,holm-bonferroni,j2020,MSC-CMA,51,51,2142,0.17647058823529416,0.059851457537092756,0,1.3073306949165534e-08,30,1.8302629728831747e-07,0.05,higher
cec2014,10,100000,5,basic,all,holm-bonferroni,j2020,MSC-CMA,51,51,1558,0.40099961553248753,20.065959500915028,19.999999999848228,0.085427754345569401,30,0.27478246916037352,0.05,not significant
cec2014,10,100000,6,basic,all,holm-bonferroni,j2020,MSC-CMA,51,51,8,0.99692425990003841,0,3.5627060884156663,5.1693640906480269e-18,30,1.3440346635684869e-16,0.05,lower
cec2014,10,100000,7,basic,all,holm-bonferroni,j2020,MSC-CMA,51,51,1912,0.26489811610918879,0.013498917797164722,0.0098572846078468501,4.2562360707494659e-05,30,0.00034049888565995727,0.05,higher
cec2014,10,100000,8,basic,all,holm-bonferroni,j2020,MSC-CMA,51,51,127,0.95117262591311036,0,1.9899181141865938,4.1350048697361982e-16,30,9.924011687366876e-15,0.05,lower
cec2014,10,100000,9,basic,all,holm-bonferroni,j2020,MSC-CMA,51,51,2444,0.060361399461745457,2.9848771712803455,0.99495905709329691,1.6584380396931218e-14,30,3.5958780690742343e-13,0.05,higher
cec2014,10,100000,10,basic,all,holm-bonferroni,j2020,MSC-CMA,51,51,0,1,0,25.772814150715021,2.3270631761962155e-18,30,6.9811895285886469e-17,0.05,lower
cec2014,10,100000,11,basic,all,holm-bonferroni,j2020,MSC-CMA,51,51,2150,0.17339484813533257,65.214495245948456,11.891979620299935,1.3291923308649367e-08,30,1.8302629728831747e-07,0.05,higher
cec2014,10,100000,12,basic,all,holm-bonferroni,j2020,MSC-CMA,51,51,2446,0.059592464436755144,0.28344317047594814,0.033245797464587667,1.8142737221245963e-14,30,3.6285474442491928e-13,0.05,higher
cec2014,10,100000,13,basic,all,holm-bonferroni,j2020,MSC-CMA,51,51,261,0.89965397923875434,0.15784936767340696,0.38125948453671299,3.5577003364465219e-12,30,6.0480905719590878e-11,0.05,lower
cec2014,10,100000,14,basic,all,holm-bonferroni,j2020,MSC-CMA,51,51,271,0.89580930411380244,0.14239852695504851,0.241933362851114,5.7063016970994643e-12,30,9.1300827153591429e-11,0.05,lower
cec2014,10,100000,15,basic,all,holm-bonferroni,j2020,MSC-CMA,51,51,1028,0.60476739715494043,0.81400594001593163,0.94618901446119708,0.06869561729009338,30,0.27478246916037352,0.05,not significant
cec2014,10,100000,16,basic,all,holm-bonferroni,j2020,MSC-CMA,51,51,3,0.99884659746251436,1.8132087132639754,3.2060587512919483,3.9423573447196093e-18,30,1.0644364830742945e-16,0.05,lower
cec2014,10,100000,17,hybrid,all,holm-bonferroni,j2020,MSC-CMA,51,51,1290,0.50403690888119956,6.4627117276020272,5.9697493047444823,0.94663975988927107,30,0.94663975988927107,0.05,not significant
cec2014,10,100000,18,hybrid,all,holm-bonferroni,j2020,MSC-CMA,51,51,2188,0.15878508266051516,1.4994895334743887,0.45894903967587197,2.9129269416322625e-09,30,4.3693904124483936e-08,0.05,higher
cec2014,10,100000,19,hybrid,all,holm-bonferroni,j2020,MSC-CMA,51,51,1,0.99961553248750479,0.11868256586785719,1.6454063105700243,3.5035580838974204e-18,30,9.8099626349127768e-17,0.05,lower
cec2014,10,100000,20,hybrid,all,holm-bonferroni,j2020,MSC-CMA,51,51,691,0.73433294886582079,0.70826991176977572,1.2849718874979317,4.5844838398166494e-05,30,0.00034049888565995727,0.05,lower
cec2014,10,100000,21,hybrid,all,holm-bonferroni,j2020,MSC-CMA,51,51,153,0.94117647058823528,0.32598652773549475,1.4266696846566447,1.6344900313973792e-14,30,3.5958780690742343e-13,0.05,lower
cec2014,10,100000,22,hybrid,all,holm-bonferroni,j2020,MSC-CMA,51,51,39,0.98500576701268738,0.33864340092941347,20.436836921025588,3.1868721429319784e-17,30,7.9671803573299458e-16,0.05,lower
cec2014,10,100000,23,composition,all,holm-bonferroni,j2020,MSC-CMA,51,51,2299.5,0.11591695501730104,329.45747471071354,300.00000000020373,1.3959183457098831e-12,30,2.5126530222777897e-11,0.05,higher
cec2014,10,100000,24,composition,all,holm-bonferroni,j2020,MSC-CMA,51,51,2482.5,0.045559400230680502,111.52778338002736,106.59501597065992,2.5858213623284311e-15,30,5.9473891333553916e-14,0.05,higher
cec2014,10,100000,25,composition,all,holm-bonferroni,j2020,MSC-CMA,51,51,2005,0.2291426374471357,123.01672339334982,116.43221169254275,2.455713924347506e-06,30,2.4557139243475059e-05,0.05,higher
cec2014,10,100000,26,composition,all,holm-bonferroni,j2020,MSC-CMA,51,51,962,0.63014225297962323,100.172236614138,100.19251325086498,0.023689058731717717,30,0.11844529365858858,0.05,not significant
cec2014,10,100000,27,composition,all,holm-bonferroni,j2020,MSC-CMA,51,51,2141,0.17685505574778926,3.9049177822366801,2.3682339283668625,1.8889684094290756e-08,30,2.2667620913148908e-07,0.05,higher
cec2014,10,100000,28,composition,all,holm-bonferroni,j2020,MSC-CMA,51,51,1184,0.54479046520569008,369.3715241024247,372.12153116836953,0.43753996672917517,30,0.87507993345835033,0.05,not significant
cec2014,10,100000,29,composition,all,holm-bonferroni,j2020,MSC-CMA,51,51,1704,0.34486735870818919,225.88156906740369,224.30014824747741,0.0069933437253637473,30,0.041960062352182484,0.05,higher
cec2014,10,100000,30,composition,all,holm-bonferroni,j2020,MSC-CMA,51,51,1920,0.2618223760092272,498.70701272246379,472.57521579918148,3.4311231398866137e-05,30,0.00030880108258979523,0.05,higher
cec2014,10,100000,1,basic,all,holm-bonferroni,jSO,MSC-CMA,51,51,0,1,0,0,1.3905886961424435e-20,30,4.1717660884273307e-19,0.05,lower
cec2014,10,100000,2,basic,all,holm-bonferroni,jSO,MSC-CMA,51,51,102,0.96078431372549022,0,0,2.4951114593373185e-18,30,6.7368009402107602e-17,0.05,lower
cec2014,10,100000,3,basic,all,holm-bonferroni,jSO,MSC-CMA,51,51,688.5,0.73529411764705888,0,0,3.2510433460501254e-08,30,2.925939011445113e-07,0.05,lower
cec2014,10,100000,4,basic,all,holm-bonferroni,jSO,MSC-CMA,51,51,1993,0.23375624759707803,34.780274874720646,0,8.7144819376228131e-07,30,6.9715855500982505e-06,0.05,higher
cec2014,10,100000,5,basic,all,holm-bonferroni,jSO,MSC-CMA,51,51,1485,0.4290657439446367,20.279934455789089,19.999999999848228,0.21815025805168498,30,0.65445077415505493,0.05,not significant
cec2014,10,100000,6,basic,all,holm-bonferroni,jSO,MSC-CMA,51,51,0,1,0,3.5627060884156663,1.3905886961424435e-20,30,4.1717660884273307e-19,0.05,lower
cec2014,10,100000,7,basic,all,holm-bonferroni,jSO,MSC-CMA,51,51,309.5,0.88100730488273737,0,0.0098572846078468501,4.966669666521065e-13,30,6.9533375331294908e-12,0.05,lower
cec2014,10,100000,8,basic,all,holm-bonferroni,jSO,MSC-CMA,51,51,52.5,0.97981545559400229,0,1.9899181141865938,2.7068652049987044e-19,30,7.5792225739963727e-18,0.05,lower
cec2014,10,100000,9,basic,all,holm-bonferroni,jSO,MSC-CMA,51,51,2249.5,0.13514033064206077,1.9899181141867075,0.99495905709329691,1.7037528398897443e-10,30,2.2148786918566675e-09,0.05,higher
cec2014,10,100000,10,basic,all,holm-bonferroni,jSO,MSC-CMA,51,51,0,1,0,25.772814150715021,2.6063568398987977e-18,30,6.7765277837368743e-17,0.05,lower
cec2014,10,100000,11,basic,all,holm-bonferroni,jSO,MSC-CMA,51,51,1688,0.35101883890811225,18.659446554658643,11.891979620299935,0.0095923644468209456,30,0.04796182223410473,0.05,higher
cec2014,10,100000,12,basic,all,holm-bonferroni,jSO,MSC-CMA,51,51,2164,0.16801230296039982,0.11282290956501129,0.033245797464587667,7.658537762257202e-09,30,7.658537762257202e-08,0.05,higher
cec2014,10,100000,13,basic,all,holm-bonferroni,jSO,MSC-CMA,51,51,12,0.99538638985005767,0.069248036431872606,0.38125948453671299,6.6833152211402406e-18,30,1.4703293486508529e-16,0.05,lower
cec2014,10,100000,14,basic,all,holm-bonferroni,jSO,MSC-CMA,51,51,14,0.99461745482506725,0.055280025956562895,0.241933362851114,7.5114182807079167e-18,30,1.5773978389486626e-16,0.05,lower
cec2014,10,100000,15,basic,all,holm-bonferroni,jSO,MSC-CMA,51,51,67,0.97424067666282199,0.41521760256887319,0.94618901446119708,1.5562448484555061e-16,30,3.1124896969110123e-15,0.05,lower
cec2014,10,100000,16,basic,all,holm-bonferroni,jSO,MSC-CMA,51,51,0,1,1.067402386570393,3.2060587512919483,3.3036815016661564e-18,30,8.2592037541653907e-17,0.05,lower
cec2014,10,100000,17,hybrid,all,holm-bonferroni,jSO,MSC-CMA,51,51,405,0.84429065743944642,1.4112450263844494,5.9697493047444823,2.0848127817007656e-09,30,2.2932940598708422e-08,0.05,lower
cec2014,10,100000,18,hybrid,all,holm-bonferroni,jSO,MSC-CMA,51,51,147,0.94348327566320644,0.085068260133766671,0.45894903967587197,1.1938808840205819e-14,30,1.9102094144329311e-13,0.05,lower
cec2014,10,100000,19,hybrid,all,holm-bonferroni,jSO,MSC-CMA,51,51,0,1,0.029373667596246378,1.6454063105700243,3.3036815016661564e-18,30,8.2592037541653907e-17,0.05,lower
cec2014,10,100000,20,hybrid,all,holm-bonferroni,jSO,MSC-CMA,51,51,104,0.9600153787004998,0.2445169079542211,1.2849718874979317,1.1997452108071602e-15,30,2.1595413794528883e-14,0.05,lower
cec2014,10,100000,21,hybrid,all,holm-bonferroni,jSO,MSC-CMA,51,51,109,0.95809304113802385,0.42226595028068914,1.4266696846566447,1.5737711447333636e-15,30,2.675410946046718e-14,0.05,lower
cec2014,10,100000,22,hybrid,all,holm-bonferroni,jSO,MSC-CMA,51,51,4,0.99846212995001926,0.11219711901867413,20.436836921025588,4.1812246147484963e-18,30,9.6168166139215409e-17,0.05,lower
cec2014,10,100000,23,composition,all,holm-bonferroni,jSO,MSC-CMA,51,51,1836,0.29411764705882348,329.45747471071309,300.00000000020373,2.330173452165158e-05,30,0.00013981040712990949,0.05,higher
cec2014,10,100000,24,composition,all,holm-bonferroni,jSO,MSC-CMA,51,51,1225.5,0.52883506343713949,105.96235138559769,106.59501597065992,0.61782782513666867,30,1,0.05,not significant
cec2014,10,100000,25,composition,all,holm-bonferroni,jSO,MSC-CMA,51,51,1255.5,0.51730103806228378,115.00955154311123,116.43221169254275,0.76575727760399559,30,1,0.05,not significant
cec2014,10,100000,26,composition,all,holm-bonferroni,jSO,MSC-CMA,51,51,160,0.93848519800076891,100.06778821748367,100.19251325086498,2.3532550642032639e-14,30,3.529882596304896e-13,0.05,lower
cec2014,10,100000,27,composition,all,holm-bonferroni,jSO,MSC-CMA,51,51,89,0.96578239138792776,1.1003809738499513,2.3682339283668625,5.2802556563629327e-16,30,1.0032485747089572e-14,0.05,lower
cec2014,10,100000,28,composition,all,holm-bonferroni,jSO,MSC-CMA,51,51,1041,0.59976931949250289,356.82687929708663,372.12153116836953,0.079066381779451828,30,0.31626552711780731,0.05,not significant
cec2014,10,100000,29,composition,all,holm-bonferroni,jSO,MSC-CMA,51,51,353,0.86428296808919647,221.76056048962482,224.30014824747741,1.9708780386564737e-10,30,2.3650536463877686e-09,0.05,lower
cec2014,10,100000,30,composition,all,holm-bonferroni,jSO,MSC-CMA,51,51,650,0.75009611687812383,462.90546468340472,472.57521579918148,1.3597634950673066e-05,30,9.5183444654711461e-05,0.05,lower
cec2014,10,100000,23,composition,composition,holm-bonferroni,ARRDE,MSC-CMA,51,51,1468.5,0.43540945790080743,329.45747471071309,300.00000000020373,0.25630939089312399,8,0.76892817267937197,0.05,not significant
cec2014,10,100000,24,composition,composition,holm-bonferroni,ARRDE,MSC-CMA,51,51,1451.5,0.44194540561322571,106.59501597066037,106.59501597065992,0.31344790246334076,8,0.76892817267937197,0.05,not significant
cec2014,10,100000,25,composition,composition,holm-bonferroni,ARRDE,MSC-CMA,51,51,1387,0.46674356016916574,116.55356942961225,116.43221169254275,0.56487974324107704,8,0.76892817267937197,0.05,not significant
cec2014,10,100000,26,composition,composition,holm-bonferroni,ARRDE,MSC-CMA,51,51,58,0.97770088427527879,100.02866918146174,100.19251325086498,9.3831129234171917e-17,8,7.5064903387337534e-16,0.05,lower
cec2014,10,100000,27,composition,composition,holm-bonferroni,ARRDE,MSC-CMA,51,51,376,0.85544021530180703,1.2327584223880876,2.3682339283668625,6.2472977689988601e-10,8,3.12364888449943e-09,0.05,lower
cec2014,10,100000,28,composition,composition,holm-bonferroni,ARRDE,MSC-CMA,51,51,648,0.75086505190311414,357.1032390479445,372.12153116836953,1.2791298041835645e-05,8,5.1165192167342581e-05,0.05,lower
cec2014,10,100000,29,composition,composition,holm-bonferroni,ARRDE,MSC-CMA,51,51,359,0.86197616301422531,221.76056137387195,224.30014824747741,3.0182646696030121e-10,8,1.8109588017618072e-09,0.05,lower
cec2014,10,100000,30,composition,composition,holm-bonferroni,ARRDE,MSC-CMA,51,51,335,0.87120338331410996,462.33268815995689,472.57521579918148,1.0577200626973859e-10,8,7.4040404388817018e-10,0.05,lower
cec2014,10,100000,23,composition,composition,holm-bonferroni,BIPOP-CMA,MSC-CMA,51,51,1812,0.30334486735870814,329.45747471071309,300.00000000020373,6.1741337929309797e-05,8,0.0001852240137879294,0.05,higher
cec2014,10,100000,24,composition,composition,holm-bonferroni,BIPOP-CMA,MSC-CMA,51,51,1985.5,0.23663975394079195,107.9002563761137,106.59501597065992,4.5775855718168865e-06,8,2.2887927859084432e-05,0.05,higher
cec2014,10,100000,25,composition,composition,holm-bonferroni,BIPOP-CMA,MSC-CMA,51,51,2078.5,0.20088427527873898,123.16168019058932,116.43221169254275,1.9508338313204845e-07,8,1.1705002987922908e-06,0.05,higher
cec2014,10,100000,26,composition,composition,holm-bonferroni,BIPOP-CMA,MSC-CMA,51,51,57,0.97808535178777389,100.02661316551985,100.19251325086498,8.8682193669000396e-17,8,7.0945754935200317e-16,0.05,lower
cec2014,10,100000,27,composition,composition,holm-bonferroni,BIPOP-CMA,MSC-CMA,51,51,2486,0.044213763936947315,291.35278761490827,2.3682339283668625,1.4289030596107564e-15,8,1.0002321417275295e-14,0.05,higher
cec2014,10,100000,28,composition,composition,holm-bonferroni,BIPOP-CMA,MSC-CMA,51,51,1792,0.31103421760861205,378.32718788284365,372.12153116836953,0.0010157797711895405,8,0.0020315595423790809,0.05,higher
cec2014,10,100000,29,composition,composition,holm-bonferroni,BIPOP-CMA,MSC-CMA,51,51,1224,0.52941176470588236,223.79468367275103,224.30014824747741,0.61100054922236557,8,0.61100054922236557,0.05,not significant
cec2014,10,100000,30,composition,composition,holm-bonferroni,BIPOP-CMA,MSC-CMA,51,51,1967,0.2437524029219531,499.66852242413825,472.57521579918148,8.2981735952010488e-06,8,3.3192694380804195e-05,0.05,higher
cec2014,10,100000,23,composition,composition,holm-bonferroni,LSRTDE,MSC-CMA,51,51,1836,0.29411764705882348,329.45747471071309,300.00000000020373,2.330173452165158e-05,8,9.3206938086606321e-05,0.05,higher
cec2014,10,100000,24,composition,composition,holm-bonferroni,LSRTDE,MSC-CMA,51,51,638.5,0.7545174932718185,100.00000000000045,106.59501597065992,8.8476136496118344e-06,8,4.4238068248059174e-05,0.05,lower
cec2014,10,100000,25,composition,composition,holm-bonferroni,LSRTDE,MSC-CMA,51,51,2172.5,0.16474432910419068,192.86554242024658,116.43221169254275,5.3741205821675934e-09,8,3.2244723493005557e-08,0.05,higher
cec2014,10,100000,26,composition,composition,holm-bonferroni,LSRTDE,MSC-CMA,51,51,91,0.96501345636293734,100.05383897186312,100.19251325086498,5.8942535803087671e-16,8,4.7154028642470137e-15,0.05,lower
cec2014,10,100000,27,composition,composition,holm-bonferroni,LSRTDE,MSC-CMA,51,51,1328,0.48942714340638216,268.91976587960517,2.3682339283668625,0.85620882419345479,8,0.85620882419345479,0.05,not significant
cec2014,10,100000,28,composition,composition,holm-bonferroni,LSRTDE,MSC-CMA,51,51,1431,0.44982698961937717,360.06118121803365,372.12153116836953,0.38332761693400663,8,0.76665523386801326,0.05,not significant
cec2014,10,100000,29,composition,composition,holm-bonferroni,LSRTDE,MSC-CMA,51,51,363,0.86043829296424446,221.76056048962482,224.30014824747741,3.0563452631402304e-10,8,2.1394416841981615e-09,0.05,lower
cec2014,10,100000,30,composition,composition,holm-bonferroni,LSRTDE,MSC-CMA,51,51,1590,0.38869665513264129,480.70841590917007,472.57521579918148,0.052941646423284097,8,0.15882493926985231,0.05,not significant
cec2014,10,100000,23,composition,composition,holm-bonferroni,NLSHADE-RSP,MSC-CMA,51,51,1182,0.5455594002306805,329.45747471071309,300.00000000020373,0.40372742540251916,8,0.80745485080503832,0.05,not significant
cec2014,10,100000,24,composition,composition,holm-bonferroni,NLSHADE-RSP,MSC-CMA,51,51,2515,0.033064206074586711,112.55910169004028,106.59501597065992,4.3990788399703743e-16,8,3.5192630719762995e-15,0.05,higher
cec2014,10,100000,25,composition,composition,holm-bonferroni,NLSHADE-RSP,MSC-CMA,51,51,1685.5,0.35198000768935023,118.7978794342248,116.43221169254275,0.010069929349227432,8,0.038372723239051477,0.05,higher
cec2014,10,100000,26,composition,composition,holm-bonferroni,NLSHADE-RSP,MSC-CMA,51,51,226,0.91311034217608611,100.06795051907375,100.19251325086498,6.5762821204385429e-13,8,4.6033974843069804e-12,0.05,lower
cec2014,10,100000,27,composition,composition,holm-bonferroni,NLSHADE-RSP,MSC-CMA,51,51,1417,0.45520953479430992,2.4766966335091638,2.3682339283668625,0.43753996672917517,8,0.80745485080503832,0.05,not significant
cec2014,10,100000,28,composition,composition,holm-bonferroni,NLSHADE-RSP,MSC-CMA,51,51,913,0.64898116109188775,360.06118820142501,372.12153116836953,0.0095931808097628694,8,0.038372723239051477,0.05,lower
cec2014,10,100000,29,composition,composition,holm-bonferroni,NLSHADE-RSP,MSC-CMA,51,51,851,0.67281814686658969,223.45708477894686,224.30014824747741,0.0026555850074565061,8,0.013277925037282531,0.05,lower
cec2014,10,100000,30,composition,composition,holm-bonferroni,NLSHADE-RSP,MSC-CMA,51,51,2317,0.1091887735486351,505.45947368022144,472.57521579918148,1.0477128132299314e-11,8,6.2862768793795886e-11,0.05,higher
cec2014,10,100000,23,composition,composition,holm-bonferroni,j2020,MSC-CMA,51,51,2299.5,0.11591695501730104,329.45747471071354,300.00000000020373,1.3959183457098831e-12,8,9.7714284199691816e-12,0.05,higher
cec2014,10,100000,24,composition,composition,holm-bonferroni,j2020,MSC-CMA,51,51,2482.5,0.045559400230680502,111.52778338002736,106.59501597065992,2.5858213623284311e-15,8,2.0686570898627449e-14,0.05,higher
cec2014,10,100000,25,composition,composition,holm-bonferroni,j2020,MSC-CMA,51,51,2005,0.2291426374471357,123.01672339334982,116.43221169254275,2.455713924347506e-06,8,1.227856962173753e-05,0.05,higher
cec2014,10,100000,26,composition,composition,holm-bonferroni,j2020,MSC-CMA,51,51,962,0.63014225297962323,100.172236614138,100.19251325086498,0.023689058731717717,8,0.047378117463435433,0.05,lower
cec2014,10,100000,27,composition,composition,holm-bonferroni,j2020,MSC-CMA,51,51,2141,0.17685505574778926,3.9049177822366801,2.3682339283668625,1.8889684094290756e-08,8,1.1333810456574454e-07,0.05,higher
cec2014,10,100000,28,composition,composition,holm-bonferroni,j2020,MSC-CMA,51,51,1184,0.54479046520569008,369.3715241024247,372.12153116836953,0.43753996672917517,8,0.43753996672917517,0.05,not significant
cec2014,10,100000,29,composition,composition,holm-bonferroni,j2020,MSC-CMA,51,51,1704,0.34486735870818919,225.88156906740369,224.30014824747741,0.0069933437253637473,8,0.020980031176091242,0.05,higher
cec2014,10,100000,30,composition,composition,holm-bonferroni,j2020,MSC-CMA,51,51,1920,0.2618223760092272,498.70701272246379,472.57521579918148,3.4311231398866137e-05,8,0.00013724492559546455,0.05,higher
cec2014,10,100000,23,composition,composition,holm-bonferroni,jSO,MSC-CMA,51,51,1836,0.29411764705882348,329.45747471071309,300.00000000020373,2.330173452165158e-05,8,9.3206938086606321e-05,0.05,higher
cec2014,10,100000,24,composition,composition,holm-bonferroni,jSO,MSC-CMA,51,51,1225.5,0.52883506343713949,105.96235138559769,106.59501597065992,0.61782782513666867,8,1,0.05,not significant
cec2014,10,100000,25,composition,composition,holm-bonferroni,jSO,MSC-CMA,51,51,1255.5,0.51730103806228378,115.00955154311123,116.43221169254275,0.76575727760399559,8,1,0.05,not significant
cec2014,10,100000,26,composition,composition,holm-bonferroni,jSO,MSC-CMA,51,51,160,0.93848519800076891,100.06778821748367,100.19251325086498,2.3532550642032639e-14,8,1.6472785449422847e-13,0.05,lower
cec2014,10,100000,27,composition,composition,holm-bonferroni,jSO,MSC-CMA,51,51,89,0.96578239138792776,1.1003809738499513,2.3682339283668625,5.2802556563629327e-16,8,4.2242045250903461e-15,0.05,lower
cec2014,10,100000,28,composition,composition,holm-bonferroni,jSO,MSC-CMA,51,51,1041,0.59976931949250289,356.82687929708663,372.12153116836953,0.079066381779451828,8,0.23719914533835548,0.05,not significant
cec2014,10,100000,29,composition,composition,holm-bonferroni,jSO,MSC-CMA,51,51,353,0.86428296808919647,221.76056048962482,224.30014824747741,1.9708780386564737e-10,8,1.1825268231938843e-09,0.05,lower
cec2014,10,100000,30,composition,composition,holm-bonferroni,jSO,MSC-CMA,51,51,650,0.75009611687812383,462.90546468340472,472.57521579918148,1.3597634950673066e-05,8,6.798817475336533e-05,0.05,lower
cec2014,10,1000000,1,basic,all,holm-bonferroni,ARRDE,MSC-CMA,51,51,1198.5,0.53921568627450989,0,0,0.043338945608060793,30,0.21669472804030396,0.05,not significant
cec2014,10,1000000,2,basic,all,holm-bonferroni,ARRDE,MSC-CMA,51,51,1300.5,0.5,0,0,1,30,1,0.05,not significant
cec2014,10,1000000,3,basic,all,holm-bonferroni,ARRDE,MSC-CMA,51,51,1300.5,0.5,0,0,1,30,1,0.05,not significant
cec2014,10,1000000,4,basic,all,holm-bonferroni,ARRDE,MSC-CMA,51,51,1300.5,0.5,0,0,1,30,1,0.05,not significant
cec2014,10,1000000,5,basic,all,holm-bonferroni,ARRDE,MSC-CMA,51,51,561,0.78431372549019607,0,19.999990646187598,5.955519885136291e-07,30,7.7421758506771779e-06,0.05,lower
cec2014,10,1000000,6,basic,all,holm-bonferroni,ARRDE,MSC-CMA,51,51,0,1,0,2.5172917838419835,1.3905886961424435e-20,30,4.1271837984114911e-19,0.05,lower
cec2014,10,1000000,7,basic,all,holm-bonferroni,ARRDE,MSC-CMA,51,51,433.5,0.83333333333333337,0,0.0098572846078468501,4.6842896658008451e-12,30,7.4948634652813521e-11,0.05,lower
cec2014,10,1000000,8,basic,all,holm-bonferroni,ARRDE,MSC-CMA,51,51,1224,0.52941176470588236,0,0,0.082206511039478639,30,0.32882604415791455,0.05,not significant
cec2014,10,1000000,9,basic,all,holm-bonferroni,ARRDE,MSC-CMA,51,51,1632,0.37254901960784315,0,0,0.00012549009405965538,30,0.0013803910346562092,0.05,higher
cec2014,10,1000000,10,basic,all,holm-bonferroni,ARRDE,MSC-CMA,51,51,0,1,0,6.829921375383492,1.3757279328038303e-20,30,4.1271837984114911e-19,0.05,lower
cec2014,10,1000000,11,basic,all,holm-bonferroni,ARRDE,MSC-CMA,51,51,2300.5,0.11553248750480583,3.789687333924121,0.31227220519303955,2.0940283269649935e-11,30,3.1410424904474902e-10,0.05,higher
cec2014,10,1000000,12,basic,all,holm-bonferroni,ARRDE,MSC-CMA,51,51,219,0.91580161476355249,0,0.030170999605616089,2.9482073277372366e-13,30,5.0119524571533021e-12,0.05,lower
cec2014,10,1000000,13,basic,all,holm-bonferroni,ARRDE,MSC-CMA,51,51,0,1,0.015645472873302424,0.27855549319133388,3.3036815016661564e-18,30,8.6982927653607687e-17,0.05,lower
cec2014,10,1000000,14,basic,all,holm-bonferroni,ARRDE,MSC-CMA,51,51,0,1,0.018814144210637096,0.20217730990725613,3.3036815016661564e-18,30,8.6982927653607687e-17,0.05,lower
cec2014,10,1000000,15,basic,all,holm-bonferroni,ARRDE,MSC-CMA,51,51,18,0.99307958477508651,0.28171352471258615,0.96854443942470425,9.4831241688968276e-18,30,1.8966248337793655e-16,0.05,lower
cec2014,10,1000000,16,basic,all,holm-bonferroni,ARRDE,MSC-CMA,51,51,0,1,0.28912197376689619,3.0284282855843685,3.221589913096581e-18,30,8.6982927653607687e-17,0.05,lower
cec2014,10,1000000,17,hybrid,all,holm-bonferroni,ARRDE,MSC-CMA,51,51,630.5,0.75759323337178008,0.20814298464551939,0.20814298464551939,7.7739225293536876e-07,30,9.3287070352244243e-06,0.05,lower
cec2014,10,1000000,18,hybrid,all,holm-bonferroni,ARRDE,MSC-CMA,51,51,56,0.97846981930026911,0.024532291285368046,0.47622475087041494,8.3812099143636173e-17,30,1.5924298837290872e-15,0.05,lower
cec2014,10,1000000,19,hybrid,all,holm-bonferroni,ARRDE,MSC-CMA,51,51,0,1,0,1.5197992219650587,4.6561014706059028e-19,30,1.3037084117696528e-17,0.05,lower
cec2014,10,1000000,20,hybrid,all,holm-bonferroni,ARRDE,MSC-CMA,51,51,4,0.99846212995001926,0.0093305141970176919,0.83689434583811817,4.1812246147484963e-18,30,9.1986941524466921e-17,0.05,lower
cec2014,10,1000000,21,hybrid,all,holm-bonferroni,ARRDE,MSC-CMA,51,51,5,0.99807766243752405,0.0030631570066361746,0.82527351238604751,4.4343686629429155e-18,30,9.3121741921801224e-17,0.05,lower
cec2014,10,1000000,22,hybrid,all,holm-bonferroni,ARRDE,MSC-CMA,51,51,0,1,0.010776897355754045,1.1274902462441787,3.3036815016661564e-18,30,8.6982927653607687e-17,0.05,lower
cec2014,10,1000000,23,composition,all,holm-bonferroni,ARRDE,MSC-CMA,51,51,418,0.83929257977700877,100.00000000000045,100.00000000021691,2.4311975522656858e-09,30,3.4036765731719599e-08,0.05,lower
cec2014,10,1000000,24,composition,all,holm-bonferroni,ARRDE,MSC-CMA,51,51,190,0.92695117262591309,100.00000000000045,100.00000000000409,4.1744812613325898e-14,30,7.5140662703986616e-13,0.05,lower
cec2014,10,1000000,25,composition,all,holm-bonferroni,ARRDE,MSC-CMA,51,51,867,0.66666666666666674,100.00000000000045,100.00000000000591,0.0035868677736194065,30,0.028694942188955252,0.05,lower
cec2014,10,1000000,26,composition,all,holm-bonferroni,ARRDE,MSC-CMA,51,51,749,0.71203383314109958,100.01458221158282,100.10930474885345,0.00022630644827595283,30,0.0022630644827595281,0.05,lower
cec2014,10,1000000,27,composition,all,holm-bonferroni,ARRDE,MSC-CMA,51,51,0,1,0.26251315443505518,1.6018805095045536,3.3036815016661564e-18,30,8.6982927653607687e-17,0.05,lower
cec2014,10,1000000,28,composition,all,holm-bonferroni,ARRDE,MSC-CMA,51,51,825,0.68281430219146477,100.00664774885126,100.11508154950252,0.0014569048137646665,30,0.013112143323881999,0.05,lower
cec2014,10,1000000,29,composition,all,holm-bonferroni,ARRDE,MSC-CMA,51,51,872,0.66474432910419068,137.41868902023089,149.2117283890484,0.0041742921942689226,30,0.029220045359882457,0.05,lower
cec2014,10,1000000,30,composition,all,holm-bonferroni,ARRDE,MSC-CMA,51,51,876,0.66320645905420994,454.29104878488306,459.93123760399794,0.0045411338924580486,30,0.029220045359882457,0.05,lower
cec2014,10,1000000,1,basic,all,holm-bonferroni,BIPOP-CMA,MSC-CMA,51,51,1198.5,0.53921568627450989,0,0,0.043338945608060793,30,0.21669472804030396,0.05,not significant
cec2014,10,1000000,2,basic,all,holm-bonferroni,BIPOP-CMA,MSC-CMA,51,51,1300.5,0.5,0,0,1,30,1,0.05,not significant
cec2014,10,1000000,3,basic,all,holm-bonferroni,BIPOP-CMA,MSC-CMA,51,51,1300.5,0.5,0,0,1,30,1,0.05,not significant
cec2014,10,1000000,4,basic,all,holm-bonferroni,BIPOP-CMA,MSC-CMA,51,51,1836,0.29411764705882348,0,0,3.7582804376172312e-07,30,6.3890767439492931e-06,0.05,higher
cec2014,10,1000000,5,basic,all,holm-bonferroni,BIPOP-CMA,MSC-CMA,51,51,630,0.75778546712802775,19.99667554903192,19.999990646187598,7.3213188893917992e-06,30,8.7855826672701584e-05,0.05,lower
cec2014,10,1000000,6,basic,all,holm-bonferroni,BIPOP-CMA,MSC-CMA,51,51,0,1,0,2.5172917838419835,1.3905886961424435e-20,30,4.1717660884273307e-19,0.05,lower
cec2014,10,1000000,7,basic,all,holm-bonferroni,BIPOP-CMA,MSC-CMA,51,51,433.5,0.83333333333333337,0,0.0098572846078468501,4.6842896658008451e-12,30,1.030543726476186e-10,0.05,lower
cec2014,10,1000000,8,basic,all,holm-bonferroni,BIPOP-CMA,MSC-CMA,51,51,1693.5,0.34890426758938875,0,0,0.00019312025172420829,30,0.0019312025172420829,0.05,higher
cec2014,10,1000000,9,basic,all,holm-bonferroni,BIPOP-CMA,MSC-CMA,51,51,1428,0.4509803921568627,0,0,0.023068422739190009,30,0.16147895917433006,0.05,not significant
cec2014,10,1000000,10,basic,all,holm-bonferroni,BIPOP-CMA,MSC-CMA,51,51,2108,0.18954248366013071,18.472083231527904,6.829921375383492,6.5742103630035279e-08,30,1.2490999689706702e-06,0.05,higher
cec2014,10,1000000,11,basic,all,holm-bonferroni,BIPOP-CMA,MSC-CMA,51,51,1998.5,0.23164167627835452,3.6023240108079335,0.31227220519303955,2.8936708228331477e-06,30,4.3405062342497215e-05,0.05,higher
cec2014,10,1000000,12,basic,all,holm-bonferroni,BIPOP-CMA,MSC-CMA,51,51,0,1,0,0.030170999605616089,9.0012471559842841e-20,30,2.5203492036755996e-18,0.05,lower
cec2014,10,1000000,13,basic,all,holm-bonferroni,BIPOP-CMA,MSC-CMA,51,51,0,1,0.0040333264817036252,0.27855549319133388,3.3036815016661564e-18,30,8.5043228930933983e-17,0.05,lower
cec2014,10,1000000,14,basic,all,holm-bonferroni,BIPOP-CMA,MSC-CMA,51,51,2228,0.14340638216070745,0.28215351747076056,0.20217730990725613,5.4996914613403384e-10,30,1.0999382922680676e-08,0.05,higher
cec2014,10,1000000,15,basic,all,holm-bonferroni,BIPOP-CMA,MSC-CMA,51,51,149,0.94271434063821602,0.44226480577913208,0.96854443942470425,1.3249978120009041e-14,30,3.17999474880217e-13,0.05,lower
cec2014,10,1000000,16,basic,all,holm-bonferroni,BIPOP-CMA,MSC-CMA,51,51,0,1,0.21467382355194786,3.0284282855843685,3.2708934204205379e-18,30,8.5043228930933983e-17,0.05,lower
cec2014,10,1000000,17,hybrid,all,holm-bonferroni,BIPOP-CMA,MSC-CMA,51,51,1035,0.60207612456747406,0.20814298464551939,0.20814298464551939,0.027530717477382276,30,0.16518430486429364,0.05,not significant
cec2014,10,1000000,18,hybrid,all,holm-bonferroni,BIPOP-CMA,MSC-CMA,51,51,755,0.70972702806612842,0.32814349598561421,0.47622475087041494,0.00026477803957035488,30,0.0021465522339511422,0.05,lower
cec2014,10,1000000,19,hybrid,all,holm-bonferroni,BIPOP-CMA,MSC-CMA,51,51,0,1,0.029147729632541086,1.5197992219650587,8.3892351688929696e-19,30,2.2650934956011017e-17,0.05,lower
cec2014,10,1000000,20,hybrid,all,holm-bonferroni,BIPOP-CMA,MSC-CMA,51,51,584,0.77547097270280663,0.50634433590948902,0.83689434583811817,1.6514463999668117e-06,30,2.6423142399468987e-05,0.05,lower
cec2014,10,1000000,21,hybrid,all,holm-bonferroni,BIPOP-CMA,MSC-CMA,51,51,228,0.91234140715109568,0.47283699962008541,0.82527351238604751,7.2528297593194348e-13,30,1.66815084464347e-11,0.05,lower
cec2014,10,1000000,22,hybrid,all,holm-bonferroni,BIPOP-CMA,MSC-CMA,51,51,1428,0.4509803921568627,2.028953379945051,1.1274902462441787,0.39533963485053014,30,1,0.05,not significant
cec2014,10,1000000,23,composition,all,holm-bonferroni,BIPOP-CMA,MSC-CMA,51,51,2592,0.0034602076124568004,329.45747471071309,100.00000000021691,6.9196676681722676e-20,30,2.0067036237699577e-18,0.05,higher
cec2014,10,1000000,24,composition,all,holm-bonferroni,BIPOP-CMA,MSC-CMA,51,51,1199,0.53902345251826222,100.00000000000091,100.00000000000409,0.49402811782215361,30,1,0.05,not significant
cec2014,10,1000000,25,composition,all,holm-bonferroni,BIPOP-CMA,MSC-CMA,51,51,1992,0.23414071510957324,114.37935119489339,100.00000000000591,3.6884314158453739e-06,30,5.1638039821835238e-05,0.05,higher
cec2014,10,1000000,26,composition,all,holm-bonferroni,BIPOP-CMA,MSC-CMA,51,51,751,0.71126489811610916,100.01093993669292,100.10930474885345,0.00023850580377234913,30,0.0021465522339511422,0.05,lower
cec2014,10,1000000,27,composition,all,holm-bonferroni,BIPOP-CMA,MSC-CMA,51,51,1933,0.25682429834678966,3.0231429759037383,1.6018805095045536,2.3389604935361412e-05,30,0.00025728565428897554,0.05,higher
cec2014,10,1000000,28,composition,all,holm-bonferroni,BIPOP-CMA,MSC-CMA,51,51,2268,0.12802768166089962,372.11384105455409,100.11508154950252,9.6811486601530864e-11,30,2.033041218632148e-09,0.05,higher
cec2014,10,1000000,29,composition,all,holm-bonferroni,BIPOP-CMA,MSC-CMA,51,51,1984,0.23721645520953483,221.84113237110205,149.2117283890484,4.8512641443065582e-06,30,6.3066433875985252e-05,0.05,higher
cec2014,10,1000000,30,composition,all,holm-bonferroni,BIPOP-CMA,MSC-CMA,51,51,2105,0.19069588619761635,465.23565361274632,459.93123760399794,7.4099248294363147e-08,30,1.3337864692985365e-06,0.05,higher
cec2014,10,1000000,1,basic,all,holm-bonferroni,LSRTDE,MSC-CMA,51,51,1198.5,0.53921568627450989,0,0,0.043338945608060793,30,0.30337261925642556,0.05,not significant
cec2014,10,1000000,2,basic,all,holm-bonferroni,LSRTDE,MSC-CMA,51,51,1300.5,0.5,0,0,1,30,1,0.05,not significant
cec2014,10,1000000,3,basic,all,holm-bonferroni,LSRTDE,MSC-CMA,51,51,1300.5,0.5,0,0,1,30,1,0.05,not significant
cec2014,10,1000000,4,basic,all,holm-bonferroni,LSRTDE,MSC-CMA,51,51,2116.5,0.18627450980392157,34.780274874720646,0,1.2346456203524094e-11,30,2.3458266786695776e-10,0.05,higher
cec2014,10,1000000,5,basic,all,holm-bonferroni,LSRTDE,MSC-CMA,51,51,1597,0.38600538254517491,20.034740068150768,19.999990646187598,0.046871731310399171,30,0.30337261925642556,0.05,not significant
cec2014,10,1000000,6,basic,all,holm-bonferroni,LSRTDE,MSC-CMA,51,51,0,1,0,2.5172917838419835,1.3905886961424435e-20,30,4.170587003481785e-19,0.05,lower
cec2014,10,1000000,7,basic,all,holm-bonferroni,LSRTDE,MSC-CMA,51,51,526.5,0.79757785467128028,0,0.0098572846078468501,5.0467545017581575e-09,30,8.0748072028130519e-08,0.05,lower
cec2014,10,1000000,8,basic,all,holm-bonferroni,LSRTDE,MSC-CMA,51,51,1557,0.40138408304498274,0,0,0.0065763847808655383,30,0.059187463027789843,0.05,not significant
cec2014,10,1000000,9,basic,all,holm-bonferroni,LSRTDE,MSC-CMA,51,51,1810.5,0.30392156862745101,0,0,7.5065738277304521e-07,30,9.7585459760495884e-06,0.05,higher
cec2014,10,1000000,10,basic,all,holm-bonferroni,LSRTDE,MSC-CMA,51,51,198,0.9238754325259515,0.31227220519394905,6.829921375383492,1.5412252875058911e-13,30,3.1125519687268133e-12,0.05,lower
cec2014,10,1000000,11,basic,all,holm-bonferroni,LSRTDE,MSC-CMA,51,51,2536.5,0.024798154555940033,11.891979620298116,0.31227220519303955,1.2625592087286434e-16,30,3.1563980218216085e-15,0.05,higher
cec2014,10,1000000,12,basic,all,holm-bonferroni,LSRTDE,MSC-CMA,51,51,1182,0.5455594002306805,0.031353129934132085,0.030170999605616089,0.42966559060885579,30,1,0.05,not significant
cec2014,10,1000000,13,basic,all,holm-bonferroni,LSRTDE,MSC-CMA,51,51,0,1,0.015577629016206629,0.27855549319133388,3.3036815016661564e-18,30,8.5895719043320062e-17,0.05,lower
cec2014,10,1000000,14,basic,all,holm-bonferroni,LSRTDE,MSC-CMA,51,51,1210,0.534794309880815,0.17605500413947084,0.20217730990725613,0.5469454037966972,30,1,0.05,not significant
cec2014,10,1000000,15,basic,all,holm-bonferroni,LSRTDE,MSC-CMA,51,51,482,0.8146866589773164,0.64455573300460856,0.96854443942470425,4.3837697091014059e-08,30,6.1372775927419679e-07,0.05,lower
cec2014,10,1000000,16,basic,all,holm-bonferroni,LSRTDE,MSC-CMA,51,51,0,1,0.15217542923505789,3.0284282855843685,2.2353373431519123e-18,30,6.0354108265101632e-17,0.05,lower
cec2014,10,1000000,17,hybrid,all,holm-bonferroni,LSRTDE,MSC-CMA,51,51,1699.5,0.34659746251441759,0.41628596929103878,0.20814298464551939,0.0041108364613662426,30,0.041108364613662428,0.05,higher
cec2014,10,1000000,18,hybrid,all,holm-bonferroni,LSRTDE,MSC-CMA,51,51,85,0.9673202614379085,0.016455023461503515,0.47622475087041494,4.2352304281462028e-16,30,1.0164553027550887e-14,0.05,lower
cec2014,10,1000000,19,hybrid,all,holm-bonferroni,LSRTDE,MSC-CMA,51,51,0,1,0.029147729632541086,1.5197992219650587,1.9079766077537448e-18,30,5.3423345017104855e-17,0.05,lower
cec2014,10,1000000,20,hybrid,all,holm-bonferroni,LSRTDE,MSC-CMA,51,51,316,0.87850826605151866,0.38272322632246869,0.83689434583811817,4.5297878248049737e-11,30,8.1536180846489523e-10,0.05,lower
cec2014,10,1000000,21,hybrid,all,holm-bonferroni,LSRTDE,MSC-CMA,51,51,438,0.83160322952710497,0.43779851604995201,0.82527351238604751,7.9689513573945334e-09,30,1.19534270360918e-07,0.05,lower
cec2014,10,1000000,22,hybrid,all,holm-bonferroni,LSRTDE,MSC-CMA,51,51,196,0.92464436755094193,0.31241894299864725,1.1274902462441787,1.4821676041556254e-13,30,3.1125519687268133e-12,0.05,lower
cec2014,10,1000000,23,composition,all,holm-bonferroni,LSRTDE,MSC-CMA,51,51,2601,0,329.45747471071309,100.00000000021691,1.3901956678272616e-20,30,4.170587003481785e-19,0.05,higher
cec2014,10,1000000,24,composition,all,holm-bonferroni,LSRTDE,MSC-CMA,51,51,908.5,0.65071126489811615,100,100.00000000000409,0.0077407529529049919,30,0.061926023623239936,0.05,not significant
cec2014,10,1000000,25,composition,all,holm-bonferroni,LSRTDE,MSC-CMA,51,51,2242,0.13802383698577469,197.74785117045121,100.00000000000591,2.9085019912103617e-10,30,4.9444533850576151e-09,0.05,higher
cec2014,10,1000000,26,composition,all,holm-bonferroni,LSRTDE,MSC-CMA,51,51,765,0.70588235294117641,100.01919914000018,100.10930474885345,0.00034280817495801276,30,0.0037708899245381404,0.05,lower
cec2014,10,1000000,27,composition,all,holm-bonferroni,LSRTDE,MSC-CMA,51,51,1073,0.58746635909265665,0.69193218845202864,1.6018805095045536,0.12765161294240054,30,0.63825806471200275,0.05,not significant
cec2014,10,1000000,28,composition,all,holm-bonferroni,LSRTDE,MSC-CMA,51,51,2446,0.059592464436755144,360.0611812180332,100.11508154950252,1.4733193522510354e-14,30,3.3886345101773816e-13,0.05,higher
cec2014,10,1000000,29,composition,all,holm-bonferroni,LSRTDE,MSC-CMA,51,51,2014,0.22568242983467901,221.76056048962437,149.2117283890484,1.6969431652029161e-06,30,2.0363317982434994e-05,0.05,higher
cec2014,10,1000000,30,composition,all,holm-bonferroni,LSRTDE,MSC-CMA,51,51,2428,0.066512879661668634,480.21293295474788,459.93123760399794,4.5071130582645479e-14,30,9.9156487281820052e-13,0.05,higher
cec2014,10,1000000,1,basic,all,holm-bonferroni,NLSHADE-RSP,MSC-CMA,51,51,1781.5,0.31507112648981161,0,0,2.5426374301940822e-05,30,0.00033054286592523068,0.05,higher
cec2014,10,1000000,2,basic,all,holm-bonferroni,NLSHADE-RSP,MSC-CMA,51,51,1300.5,0.5,0,0,1,30,1,0.05,not significant
cec2014,10,1000000,3,basic,all,holm-bonferroni,NLSHADE-RSP,MSC-CMA,51,51,1300.5,0.5,0,0,1,30,1,0.05,not significant
cec2014,10,1000000,4,basic,all,holm-bonferroni,NLSHADE-RSP,MSC-CMA,51,51,1351.5,0.48039215686274506,0,0,0.15934909996239133,30,0.95609459977434796,0.05,not significant
cec2014,10,1000000,5,basic,all,holm-bonferroni,NLSHADE-RSP,MSC-CMA,51,51,447,0.82814302191464817,0,19.999990646187598,6.3228965504085105e-09,30,1.0748924135694468e-07,0.05,lower
cec2014,10,1000000,6,basic,all,holm-bonferroni,NLSHADE-RSP,MSC-CMA,51,51,0,1,0,2.5172917838419835,1.3905886961424435e-20,30,4.1271837984114911e-19,0.05,lower
cec2014,10,1000000,7,basic,all,holm-bonferroni,NLSHADE-RSP,MSC-CMA,51,51,433.5,0.83333333333333337,0,0.0098572846078468501,4.6842896658008451e-12,30,8.9001503650216059e-11,0.05,lower
cec2014,10,1000000,8,basic,all,holm-bonferroni,NLSHADE-RSP,MSC-CMA,51,51,1224,0.52941176470588236,0,0,0.082206511039478639,30,0.57544557727635048,0.05,not significant
cec2014,10,1000000,9,basic,all,holm-bonferroni,NLSHADE-RSP,MSC-CMA,51,51,1326,0.49019607843137258,0,0,0.32689257978151776,30,1,0.05,not significant
cec2014,10,1000000,10,basic,all,holm-bonferroni,NLSHADE-RSP,MSC-CMA,51,51,0,1,0,6.829921375383492,1.3757279328038303e-20,30,4.1271837984114911e-19,0.05,lower
cec2014,10,1000000,11,basic,all,holm-bonferroni,NLSHADE-RSP,MSC-CMA,51,51,1997.5,0.23202614379084963,3.5398695697695075,0.31227220519303955,3.0266797606864732e-06,30,4.2373516649610622e-05,0.05,higher
cec2014,10,1000000,12,basic,all,holm-bonferroni,NLSHADE-RSP,MSC-CMA,51,51,342.5,0.86831987697039603,0,0.030170999605616089,1.0756507362103432e-10,30,1.9361713251786176e-09,0.05,lower
cec2014,10,1000000,13,basic,all,holm-bonferroni,NLSHADE-RSP,MSC-CMA,51,51,0,1,0.04690547858717764,0.27855549319133388,3.3036815016661564e-18,30,8.7153009119888716e-17,0.05,lower
cec2014,10,1000000,14,basic,all,holm-bonferroni,NLSHADE-RSP,MSC-CMA,51,51,58,0.97770088427527879,0.053476016388231074,0.20217730990725613,9.3831129234171917e-17,30,1.9704537139176103e-15,0.05,lower
cec2014,10,1000000,15,basic,all,holm-bonferroni,NLSHADE-RSP,MSC-CMA,51,51,78,0.97001153402537488,0.37278110278839449,0.96854443942470425,2.8742673433994466e-16,30,5.7485346867988935e-15,0.05,lower
cec2014,10,1000000,16,basic,all,holm-bonferroni,NLSHADE-RSP,MSC-CMA,51,51,0,1,0.57868752195031448,3.0284282855843685,3.2278892266625449e-18,30,8.7153009119888716e-17,0.05,lower
cec2014,10,1000000,17,hybrid,all,holm-bonferroni,NLSHADE-RSP,MSC-CMA,51,51,1715,0.34063821607074207,0.41628596929444939,0.20814298464551939,0.0043058784090955777,30,0.051670540909146932,0.05,not significant
cec2014,10,1000000,18,hybrid,all,holm-bonferroni,NLSHADE-RSP,MSC-CMA,51,51,7,0.99730872741253362,0.0085516649298824632,0.47622475087041494,4.9869010925086024e-18,30,1.0971182403518926e-16,0.05,lower
cec2014,10,1000000,19,hybrid,all,holm-bonferroni,NLSHADE-RSP,MSC-CMA,51,51,0,1,0.019431819755027391,1.5197992219650587,1.7068981387860112e-18,30,4.7793147886008311e-17,0.05,lower
cec2014,10,1000000,20,hybrid,all,holm-bonferroni,NLSHADE-RSP,MSC-CMA,51,51,0,1,0.0012437762989065959,0.83689434583811817,3.3036815016661564e-18,30,8.7153009119888716e-17,0.05,lower
cec2014,10,1000000,21,hybrid,all,holm-bonferroni,NLSHADE-RSP,MSC-CMA,51,51,0,1,0.0015342767514994193,0.82527351238604751,3.3036815016661564e-18,30,8.7153009119888716e-17,0.05,lower
cec2014,10,1000000,22,hybrid,all,holm-bonferroni,NLSHADE-RSP,MSC-CMA,51,51,0,1,0.0036106309321439767,1.1274902462441787,3.3036815016661564e-18,30,8.7153009119888716e-17,0.05,lower
cec2014,10,1000000,23,composition,all,holm-bonferroni,NLSHADE-RSP,MSC-CMA,51,51,1184,0.54479046520569008,0,100.00000000021691,0.43054598397784594,30,1,0.05,not significant
cec2014,10,1000000,24,composition,all,holm-bonferroni,NLSHADE-RSP,MSC-CMA,51,51,1573,0.39523260284505957,105.14042007316357,100.00000000000409,0.067242485340487712,30,0.5379398827239017,0.05,not significant
cec2014,10,1000000,25,composition,all,holm-bonferroni,NLSHADE-RSP,MSC-CMA,51,51,1214.5,0.53306420607458671,108.44100549011227,100.00000000000591,0.56521131531245894,30,1,0.05,not significant
cec2014,10,1000000,26,composition,all,holm-bonferroni,NLSHADE-RSP,MSC-CMA,51,51,874,0.66397539407920037,100.04809497912584,100.10930474885345,0.0043569179359012958,30,0.051670540909146932,0.05,not significant
cec2014,10,1000000,27,composition,all,holm-bonferroni,NLSHADE-RSP,MSC-CMA,51,51,926,0.64398308342945021,1.3701823084056741,1.6018805095045536,0.012312030450884474,30,0.12312030450884473,0.05,not significant
cec2014,10,1000000,28,composition,all,holm-bonferroni,NLSHADE-RSP,MSC-CMA,51,51,2022,0.22260668973471742,356.82687929708663,100.11508154950252,1.3853051893838236e-06,30,2.0779577840757355e-05,0.05,higher
cec2014,10,1000000,29,composition,all,holm-bonferroni,NLSHADE-RSP,MSC-CMA,51,51,927,0.643598615916955,139.26443302418375,149.2117283890484,0.012546816972333463,30,0.12312030450884473,0.05,not significant
cec2014,10,1000000,30,composition,all,holm-bonferroni,NLSHADE-RSP,MSC-CMA,51,51,2025,0.22145328719723179,463.79796805075466,459.93123760399794,1.2628041611680263e-06,30,2.0204866578688421e-05,0.05,higher
cec2014,10,1000000,1,basic,all,holm-bonferroni,j2020,MSC-CMA,51,51,2551.5,0.019031141868512069,0,0,7.5705804201712631e-19,30,1.9683509092445283e-17,0.05,higher
cec2014,10,1000000,2,basic,all,holm-bonferroni,j2020,MSC-CMA,51,51,1555.5,0.40196078431372551,0,0,0.00094351698152610696,30,0.010378686796787176,0.05,higher
cec2014,10,1000000,3,basic,all,holm-bonferroni,j2020,MSC-CMA,51,51,1479,0.43137254901960786,0,0,0.0065206794929128075,30,0.058686115436215269,0.05,not significant
cec2014,10,1000000,4,basic,all,holm-bonferroni,j2020,MSC-CMA,51,51,2550,0.019607843137254943,0,0,1.0890350384148228e-19,30,3.1582016114029863e-18,0.05,higher
cec2014,10,1000000,5,basic,all,holm-bonferroni,j2020,MSC-CMA,51,51,1892,0.2725874663590927,20.0030366772869,19.999990646187598,7.6409887539181018e-05,30,0.00099332853800935313,0.05,higher
cec2014,10,1000000,6,basic,all,holm-bonferroni,j2020,MSC-CMA,51,51,7,0.99730872741253362,0,2.5172917838419835,6.5353064579255182e-19,30,1.7645327436398901e-17,0.05,lower
cec2014,10,1000000,7,basic,all,holm-bonferroni,j2020,MSC-CMA,51,51,734.5,0.71760861207227988,0,0.0098572846078468501,8.5578613885647678e-05,30,0.0010269433666277722,0.05,lower
cec2014,10,1000000,8,basic,all,holm-bonferroni,j2020,MSC-CMA,51,51,1224,0.52941176470588236,0,0,0.082206511039478639,30,0.57544557727635048,0.05,not significant
cec2014,10,1000000,9,basic,all,holm-bonferroni,j2020,MSC-CMA,51,51,2193,0.15686274509803921,0,0,6.274682313788417e-13,30,9.412023470682625e-12,0.05,higher
cec2014,10,1000000,10,basic,all,holm-bonferroni,j2020,MSC-CMA,51,51,0,1,0,6.829921375383492,1.9672476759972739e-20,30,5.9017430279918223e-19,0.05,lower
cec2014,10,1000000,11,basic,all,holm-bonferroni,j2020,MSC-CMA,51,51,1543.5,0.40657439446366783,0.31227220519485854,0.31227220519303955,0.10421464132989304,30,0.62528784797935821,0.05,not significant
cec2014,10,1000000,12,basic,all,holm-bonferroni,j2020,MSC-CMA,51,51,1315,0.4944252210688197,0.035841407901671118,0.030170999605616089,0.92534913629300353,30,1,0.05,not significant
cec2014,10,1000000,13,basic,all,holm-bonferroni,j2020,MSC-CMA,51,51,16,0.99384851980007693,0.088421377425902392,0.27855549319133388,8.4406347935300773e-18,30,1.7725333066413163e-16,0.05,lower
cec2014,10,1000000,14,basic,all,holm-bonferroni,j2020,MSC-CMA,51,51,40,0.98462129950019228,0.042391738672222345,0.20217730990725613,3.3745875654981136e-17,30,6.7491751309962272e-16,0.05,lower
cec2014,10,1000000,15,basic,all,holm-bonferroni,j2020,MSC-CMA,51,51,193,0.92579777008842756,0.48801828979480888,0.96854443942470425,1.2742136931489692e-13,30,2.0387419090383507e-12,0.05,lower
cec2014,10,1000000,16,basic,all,holm-bonferroni,j2020,MSC-CMA,51,51,0,1,0.38140493063542635,3.0284282855843685,3.3036815016661564e-18,30,7.9288356039987752e-17,0.05,lower
cec2014,10,1000000,17,hybrid,all,holm-bonferroni,j2020,MSC-CMA,51,51,1620.5,0.37697039600153792,0.20814298464597414,0.20814298464551939,0.029424700878947281,30,0.23539760703157825,0.05,not significant
cec2014,10,1000000,18,hybrid,all,holm-bonferroni,j2020,MSC-CMA,51,51,158,0.93925413302575933,0.035546336111110577,0.47622475087041494,2.120996618291862e-14,30,3.6056942510961655e-13,0.05,lower
cec2014,10,1000000,19,hybrid,all,holm-bonferroni,j2020,MSC-CMA,51,51,0,1,0,1.5197992219650587,1.1351996516417357e-18,30,2.8379991291043391e-17,0.05,lower
cec2014,10,1000000,20,hybrid,all,holm-bonferroni,j2020,MSC-CMA,51,51,3,0.99884659746251436,0.0099341105337771296,0.83689434583811817,3.9423573447196093e-18,30,9.0674218928551018e-17,0.05,lower
cec2014,10,1000000,21,hybrid,all,holm-bonferroni,j2020,MSC-CMA,51,51,5,0.99807766243752405,0.0043116347164868785,0.82527351238604751,4.4343686629429155e-18,30,9.7556110584744144e-17,0.05,lower
cec2014,10,1000000,22,hybrid,all,holm-bonferroni,j2020,MSC-CMA,51,51,119,0.95424836601307195,0.02960890773056235,1.1274902462441787,2.699036757627427e-15,30,5.1281698394921112e-14,0.05,lower
cec2014,10,1000000,23,composition,all,holm-bonferroni,j2020,MSC-CMA,51,51,2550,0.019607843137254943,329.45747471071309,100.00000000021691,5.6043655429475149e-19,30,1.5692223520253043e-17,0.05,higher
cec2014,10,1000000,24,composition,all,holm-bonferroni,j2020,MSC-CMA,51,51,1420,0.45405613225682429,100.04369681208073,100.00000000000409,0.42461563478252795,30,1,0.05,not significant
cec2014,10,1000000,25,composition,all,holm-bonferroni,j2020,MSC-CMA,51,51,262.5,0.89907727797001158,100.00000000000091,100.00000000000591,2.4686044181486911e-12,30,3.4560461854081672e-11,0.05,lower
cec2014,10,1000000,26,composition,all,holm-bonferroni,j2020,MSC-CMA,51,51,1157,0.55517108804306037,100.09020295328673,100.10930474885345,0.33853841013675512,30,1,0.05,not significant
cec2014,10,1000000,27,composition,all,holm-bonferroni,j2020,MSC-CMA,51,51,1758,0.32410611303344872,1.9637087831924873,1.6018805095045536,0.0022239815257209376,30,0.022239815257209375,0.05,higher
cec2014,10,1000000,28,composition,all,holm-bonferroni,j2020,MSC-CMA,51,51,2447,0.059207996924259931,368.85025079546631,100.11508154950252,1.7217841248879512e-14,30,3.0992114247983121e-13,0.05,higher
cec2014,10,1000000,29,composition,all,holm-bonferroni,j2020,MSC-CMA,51,51,1499,0.42368319876970395,164.68268376004062,149.2117283890484,0.18511939782586684,30,0.92559698912933419,0.05,not significant
cec2014,10,1000000,30,composition,all,holm-bonferroni,j2020,MSC-CMA,51,51,1199,0.53902345251826222,415.28908949641664,459.93123760399794,0.49906385656573882,30,1,0.05,not significant
cec2014,10,1000000,1,basic,all,holm-bonferroni,jSO,MSC-CMA,51,51,1198.5,0.53921568627450989,0,0,0.043338945608060793,30,0.26003367364836477,0.05,not significant
cec2014,10,1000000,2,basic,all,holm-bonferroni,jSO,MSC-CMA,51,51,1300.5,0.5,0,0,1,30,1,0.05,not significant
cec2014,10,1000000,3,basic,all,holm-bonferroni,jSO,MSC-CMA,51,51,1300.5,0.5,0,0,1,30,1,0.05,not significant
cec2014,10,1000000,4,basic,all,holm-bonferroni,jSO,MSC-CMA,51,51,2116.5,0.18627450980392157,34.780274874720646,0,1.1151919868934135e-11,30,1.3382303842720962e-10,0.05,higher
cec2014,10,1000000,5,basic,all,holm-bonferroni,jSO,MSC-CMA,51,51,199,0.9234909650134564,0,19.999990646187598,4.2944499038531831e-14,30,6.4416748557797742e-13,0.05,lower
cec2014,10,1000000,6,basic,all,holm-bonferroni,jSO,MSC-CMA,51,51,0,1,0,2.5172917838419835,1.3905886961424435e-20,30,4.1271837984114911e-19,0.05,lower
cec2014,10,1000000,7,basic,all,holm-bonferroni,jSO,MSC-CMA,51,51,433.5,0.83333333333333337,0,0.0098572846078468501,4.6842896658008451e-12,30,6.0895765655410984e-11,0.05,lower
cec2014,10,1000000,8,basic,all,holm-bonferroni,jSO,MSC-CMA,51,51,1224,0.52941176470588236,0,0,0.082206511039478639,30,0.32882604415791455,0.05,not significant
cec2014,10,1000000,9,basic,all,holm-bonferroni,jSO,MSC-CMA,51,51,2524.5,0.029411764705882359,0.99495905709329691,0,1.6584890730955731e-19,30,4.4779204973580477e-18,0.05,higher
cec2014,10,1000000,10,basic,all,holm-bonferroni,jSO,MSC-CMA,51,51,0,1,0,6.829921375383492,1.3757279328038303e-20,30,4.1271837984114911e-19,0.05,lower
cec2014,10,1000000,11,basic,all,holm-bonferroni,jSO,MSC-CMA,51,51,2555.5,0.017493271818531331,12.141797384454549,0.31227220519303955,4.3995614417912074e-17,30,7.4792544510450527e-16,0.05,higher
cec2014,10,1000000,12,basic,all,holm-bonferroni,jSO,MSC-CMA,51,51,686,0.73625528642829674,0.015013448828995024,0.030170999605616089,3.9682191683965674e-05,30,0.00039682191683965671,0.05,lower
cec2014,10,1000000,13,basic,all,holm-bonferroni,jSO,MSC-CMA,51,51,0,1,0.027191380490421579,0.27855549319133388,3.3036815016661564e-18,30,8.1949872716885242e-17,0.05,lower
cec2014,10,1000000,14,basic,all,holm-bonferroni,jSO,MSC-CMA,51,51,0,1,0.01815793790024145,0.20217730990725613,3.3036815016661564e-18,30,8.1949872716885242e-17,0.05,lower
cec2014,10,1000000,15,basic,all,holm-bonferroni,jSO,MSC-CMA,51,51,9,0.9965397923875432,0.26574699962793602,0.96854443942470425,5.6072880249935254e-18,30,1.0093118444988346e-16,0.05,lower
cec2014,10,1000000,16,basic,all,holm-bonferroni,jSO,MSC-CMA,51,51,0,1,0.42606851829873449,3.0284282855843685,3.2779949086754099e-18,30,8.1949872716885242e-17,0.05,lower
cec2014,10,1000000,17,hybrid,all,holm-bonferroni,jSO,MSC-CMA,51,51,1399.5,0.46193771626297575,0.20814298464551939,0.20814298464551939,0.4815503937633403,30,1,0.05,not significant
cec2014,10,1000000,18,hybrid,all,holm-bonferroni,jSO,MSC-CMA,51,51,1,0.99961553248750479,0.0002798891146085225,0.47622475087041494,3.5043165051200882e-18,30,8.1949872716885242e-17,0.05,lower
cec2014,10,1000000,19,hybrid,all,holm-bonferroni,jSO,MSC-CMA,51,51,0,1,0,1.5197992219650587,1.6315805454619312e-18,30,4.2421094182010209e-17,0.05,lower
cec2014,10,1000000,20,hybrid,all,holm-bonferroni,jSO,MSC-CMA,51,51,3,0.99884659746251436,0.029856212903723645,0.83689434583811817,3.9423573447196093e-18,30,8.1949872716885242e-17,0.05,lower
cec2014,10,1000000,21,hybrid,all,holm-bonferroni,jSO,MSC-CMA,51,51,5,0.99807766243752405,0.00024692371016499237,0.82527351238604751,4.4343686629429155e-18,30,8.4253004595915396e-17,0.05,lower
cec2014,10,1000000,22,hybrid,all,holm-bonferroni,jSO,MSC-CMA,51,51,0,1,0.020604590054517757,1.1274902462441787,3.3036815016661564e-18,30,8.1949872716885242e-17,0.05,lower
cec2014,10,1000000,23,composition,all,holm-bonferroni,jSO,MSC-CMA,51,51,2601,0,329.45747471071309,100.00000000021691,1.3901956678272616e-20,30,4.1271837984114911e-19,0.05,higher
cec2014,10,1000000,24,composition,all,holm-bonferroni,jSO,MSC-CMA,51,51,1718.5,0.33929257977700888,105.89649638900937,100.00000000000409,0.005146099785898234,30,0.041168798287185872,0.05,higher
cec2014,10,1000000,25,composition,all,holm-bonferroni,jSO,MSC-CMA,51,51,1576,0.39407920030757404,109.96350542377877,100.00000000000591,0.06537975395203531,30,0.32689876976017657,0.05,not significant
cec2014,10,1000000,26,composition,all,holm-bonferroni,jSO,MSC-CMA,51,51,775,0.7020376778162245,100.02588388024105,100.10930474885345,0.00044195925281961178,30,0.0039776332753765058,0.05,lower
cec2014,10,1000000,27,composition,all,holm-bonferroni,jSO,MSC-CMA,51,51,51,0.98039215686274506,0.14421393773727686,1.6018805095045536,6.3149548680310421e-17,30,1.0103927788849667e-15,0.05,lower
cec2014,10,1000000,28,composition,all,holm-bonferroni,jSO,MSC-CMA,51,51,2373,0.087658592848904315,356.82687929708663,100.11508154950252,2.1437073960682308e-13,30,3.0011903544955233e-12,0.05,higher
cec2014,10,1000000,29,composition,all,holm-bonferroni,jSO,MSC-CMA,51,51,2197,0.15532487504805848,221.76056048962437,149.2117283890484,5.0439326628811834e-10,30,5.5483259291693017e-09,0.05,higher
cec2014,10,1000000,30,composition,all,holm-bonferroni,jSO,MSC-CMA,51,51,1630,0.37331795463283357,462.33478046411574,459.93123760399794,0.027644177673035966,30,0.19350924371125178,0.05,not significant
cec2014,10,1000000,23,composition,composition,holm-bonferroni,ARRDE,MSC-CMA,51,51,418,0.83929257977700877,100.00000000000045,100.00000000021691,2.4311975522656858e-09,8,1.4587185313594116e-08,0.05,lower
cec2014,10,1000000,24,composition,composition,holm-bonferroni,ARRDE,MSC-CMA,51,51,190,0.92695117262591309,100.00000000000045,100.00000000000409,4.1744812613325898e-14,8,2.9221368829328128e-13,0.05,lower
cec2014,10,1000000,25,composition,composition,holm-bonferroni,ARRDE,MSC-CMA,51,51,867,0.66666666666666674,100.00000000000045,100.00000000000591,0.0035868677736194065,8,0.010760603320858219,0.05,lower
cec2014,10,1000000,26,composition,composition,holm-bonferroni,ARRDE,MSC-CMA,51,51,749,0.71203383314109958,100.01458221158282,100.10930474885345,0.00022630644827595283,8,0.001131532241379764,0.05,lower
cec2014,10,1000000,27,composition,composition,holm-bonferroni,ARRDE,MSC-CMA,51,51,0,1,0.26251315443505518,1.6018805095045536,3.3036815016661564e-18,8,2.6429452013329252e-17,0.05,lower
cec2014,10,1000000,28,composition,composition,holm-bonferroni,ARRDE,MSC-CMA,51,51,825,0.68281430219146477,100.00664774885126,100.11508154950252,0.0014569048137646665,8,0.0058276192550586661,0.05,lower
cec2014,10,1000000,29,composition,composition,holm-bonferroni,ARRDE,MSC-CMA,51,51,872,0.66474432910419068,137.41868902023089,149.2117283890484,0.0041742921942689226,8,0.010760603320858219,0.05,lower
cec2014,10,1000000,30,composition,composition,holm-bonferroni,ARRDE,MSC-CMA,51,51,876,0.66320645905420994,454.29104878488306,459.93123760399794,0.0045411338924580486,8,0.010760603320858219,0.05,lower
cec2014,10,1000000,23,composition,composition,holm-bonferroni,BIPOP-CMA,MSC-CMA,51,51,2592,0.0034602076124568004,329.45747471071309,100.00000000021691,6.9196676681722676e-20,8,5.5357341345378141e-19,0.05,higher
cec2014,10,1000000,24,composition,composition,holm-bonferroni,BIPOP-CMA,MSC-CMA,51,51,1199,0.53902345251826222,100.00000000000091,100.00000000000409,0.49402811782215361,8,0.49402811782215361,0.05,not significant
cec2014,10,1000000,25,composition,composition,holm-bonferroni,BIPOP-CMA,MSC-CMA,51,51,1992,0.23414071510957324,114.37935119489339,100.00000000000591,3.6884314158453739e-06,8,1.8442157079226868e-05,0.05,higher
cec2014,10,1000000,26,composition,composition,holm-bonferroni,BIPOP-CMA,MSC-CMA,51,51,751,0.71126489811610916,100.01093993669292,100.10930474885345,0.00023850580377234913,8,0.00047701160754469826,0.05,lower
cec2014,10,1000000,27,composition,composition,holm-bonferroni,BIPOP-CMA,MSC-CMA,51,51,1933,0.25682429834678966,3.0231429759037383,1.6018805095045536,2.3389604935361412e-05,8,7.016881480608424e-05,0.05,higher
cec2014,10,1000000,28,composition,composition,holm-bonferroni,BIPOP-CMA,MSC-CMA,51,51,2268,0.12802768166089962,372.11384105455409,100.11508154950252,9.6811486601530864e-11,8,6.7768040621071606e-10,0.05,higher
cec2014,10,1000000,29,composition,composition,holm-bonferroni,BIPOP-CMA,MSC-CMA,51,51,1984,0.23721645520953483,221.84113237110205,149.2117283890484,4.8512641443065582e-06,8,1.9405056577226233e-05,0.05,higher
cec2014,10,1000000,30,composition,composition,holm-bonferroni,BIPOP-CMA,MSC-CMA,51,51,2105,0.19069588619761635,465.23565361274632,459.93123760399794,7.4099248294363147e-08,8,4.4459548976617888e-07,0.05,higher
cec2014,10,1000000,23,composition,composition,holm-bonferroni,LSRTDE,MSC-CMA,51,51,2601,0,329.45747471071309,100.00000000021691,1.3901956678272616e-20,8,1.1121565342618093e-19,0.05,higher
cec2014,10,1000000,24,composition,composition,holm-bonferroni,LSRTDE,MSC-CMA,51,51,908.5,0.65071126489811615,100,100.00000000000409,0.0077407529529049919,8,0.015481505905809984,0.05,lower
cec2014,10,1000000,25,composition,composition,holm-bonferroni,LSRTDE,MSC-CMA,51,51,2242,0.13802383698577469,197.74785117045121,100.00000000000591,2.9085019912103617e-10,8,1.4542509956051809e-09,0.05,higher
cec2014,10,1000000,26,composition,composition,holm-bonferroni,LSRTDE,MSC-CMA,51,51,765,0.70588235294117641,100.01919914000018,100.10930474885345,0.00034280817495801276,8,0.0010284245248740383,0.05,lower
cec2014,10,1000000,27,composition,composition,holm-bonferroni,LSRTDE,MSC-CMA,51,51,1073,0.58746635909265665,0.69193218845202864,1.6018805095045536,0.12765161294240054,8,0.12765161294240054,0.05,not significant
cec2014,10,1000000,28,composition,composition,holm-bonferroni,LSRTDE,MSC-CMA,51,51,2446,0.059592464436755144,360.0611812180332,100.11508154950252,1.4733193522510354e-14,8,1.0313235465757248e-13,0.05,higher
cec2014,10,1000000,29,composition,composition,holm-bonferroni,LSRTDE,MSC-CMA,51,51,2014,0.22568242983467901,221.76056048962437,149.2117283890484,1.6969431652029161e-06,8,6.7877726608116642e-06,0.05,higher
cec2014,10,1000000,30,composition,composition,holm-bonferroni,LSRTDE,MSC-CMA,51,51,2428,0.066512879661668634,480.21293295474788,459.93123760399794,4.5071130582645479e-14,8,2.7042678349587286e-13,0.05,higher
cec2014,10,1000000,23,composition,composition,holm-bonferroni,NLSHADE-RSP,MSC-CMA,51,51,1184,0.54479046520569008,0,100.00000000021691,0.43054598397784594,8,0.86109196795569187,0.05,not significant
cec2014,10,1000000,24,composition,composition,holm-bonferroni,NLSHADE-RSP,MSC-CMA,51,51,1573,0.39523260284505957,105.14042007316357,100.00000000000409,0.067242485340487712,8,0.20172745602146314,0.05,not significant
cec2014,10,1000000,25,composition,composition,holm-bonferroni,NLSHADE-RSP,MSC-CMA,51,51,1214.5,0.53306420607458671,108.44100549011227,100.00000000000591,0.56521131531245894,8,0.86109196795569187,0.05,not significant
cec2014,10,1000000,26,composition,composition,holm-bonferroni,NLSHADE-RSP,MSC-CMA,51,51,874,0.66397539407920037,100.04809497912584,100.10930474885345,0.0043569179359012958,8,0.026141507615407775,0.05,lower
cec2014,10,1000000,27,composition,composition,holm-bonferroni,NLSHADE-RSP,MSC-CMA,51,51,926,0.64398308342945021,1.3701823084056741,1.6018805095045536,0.012312030450884474,8,0.061560152254422365,0.05,not significant
cec2014,10,1000000,28,composition,composition,holm-bonferroni,NLSHADE-RSP,MSC-CMA,51,51,2022,0.22260668973471742,356.82687929708663,100.11508154950252,1.3853051893838236e-06,8,1.010243328934421e-05,0.05,higher
cec2014,10,1000000,29,composition,composition,holm-bonferroni,NLSHADE-RSP,MSC-CMA,51,51,927,0.643598615916955,139.26443302418375,149.2117283890484,0.012546816972333463,8,0.061560152254422365,0.05,not significant
cec2014,10,1000000,30,composition,composition,holm-bonferroni,NLSHADE-RSP,MSC-CMA,51,51,2025,0.22145328719723179,463.79796805075466,459.93123760399794,1.2628041611680263e-06,8,1.010243328934421e-05,0.05,higher
cec2014,10,1000000,23,composition,composition,holm-bonferroni,j2020,MSC-CMA,51,51,2550,0.019607843137254943,329.45747471071309,100.00000000021691,5.6043655429475149e-19,8,4.4834924343580119e-18,0.05,higher
cec2014,10,1000000,24,composition,composition,holm-bonferroni,j2020,MSC-CMA,51,51,1420,0.45405613225682429,100.04369681208073,100.00000000000409,0.42461563478252795,8,1,0.05,not significant
cec2014,10,1000000,25,composition,composition,holm-bonferroni,j2020,MSC-CMA,51,51,262.5,0.89907727797001158,100.00000000000091,100.00000000000591,2.4686044181486911e-12,8,1.4811626508892147e-11,0.05,lower
cec2014,10,1000000,26,composition,composition,holm-bonferroni,j2020,MSC-CMA,51,51,1157,0.55517108804306037,100.09020295328673,100.10930474885345,0.33853841013675512,8,1,0.05,not significant
cec2014,10,1000000,27,composition,composition,holm-bonferroni,j2020,MSC-CMA,51,51,1758,0.32410611303344872,1.9637087831924873,1.6018805095045536,0.0022239815257209376,8,0.011119907628604687,0.05,higher
cec2014,10,1000000,28,composition,composition,holm-bonferroni,j2020,MSC-CMA,51,51,2447,0.059207996924259931,368.85025079546631,100.11508154950252,1.7217841248879512e-14,8,1.2052488874215658e-13,0.05,higher
cec2014,10,1000000,29,composition,composition,holm-bonferroni,j2020,MSC-CMA,51,51,1499,0.42368319876970395,164.68268376004062,149.2117283890484,0.18511939782586684,8,0.74047759130346735,0.05,not significant
cec2014,10,1000000,30,composition,composition,holm-bonferroni,j2020,MSC-CMA,51,51,1199,0.53902345251826222,415.28908949641664,459.93123760399794,0.49906385656573882,8,1,0.05,not significant
cec2014,10,1000000,23,composition,composition,holm-bonferroni,jSO,MSC-CMA,51,51,2601,0,329.45747471071309,100.00000000021691,1.3901956678272616e-20,8,1.1121565342618093e-19,0.05,higher
cec2014,10,1000000,24,composition,composition,holm-bonferroni,jSO,MSC-CMA,51,51,1718.5,0.33929257977700888,105.89649638900937,100.00000000000409,0.005146099785898234,8,0.015438299357694703,0.05,higher
cec2014,10,1000000,25,composition,composition,holm-bonferroni,jSO,MSC-CMA,51,51,1576,0.39407920030757404,109.96350542377877,100.00000000000591,0.06537975395203531,8,0.06537975395203531,0.05,not significant
cec2014,10,1000000,26,composition,composition,holm-bonferroni,jSO,MSC-CMA,51,51,775,0.7020376778162245,100.02588388024105,100.10930474885345,0.00044195925281961178,8,0.0017678370112784471,0.05,lower
cec2014,10,1000000,27,composition,composition,holm-bonferroni,jSO,MSC-CMA,51,51,51,0.98039215686274506,0.14421393773727686,1.6018805095045536,6.3149548680310421e-17,8,4.4204684076217293e-16,0.05,lower
cec2014,10,1000000,28,composition,composition,holm-bonferroni,jSO,MSC-CMA,51,51,2373,0.087658592848904315,356.82687929708663,100.11508154950252,2.1437073960682308e-13,8,1.2862244376409385e-12,0.05,higher
cec2014,10,1000000,29,composition,composition,holm-bonferroni,jSO,MSC-CMA,51,51,2197,0.15532487504805848,221.76056048962437,149.2117283890484,5.0439326628811834e-10,8,2.5219663314405918e-09,0.05,higher
cec2014,10,1000000,30,composition,composition,holm-bonferroni,jSO,MSC-CMA,51,51,1630,0.37331795463283357,462.33478046411574,459.93123760399794,0.027644177673035966,8,0.055288355346071932,0.05,not significant
cec2014,30,300000,1,basic,all,holm-bonferroni,ARRDE,MSC-CMA,51,51,0,1,0,2.758016053410401,3.3036815016661564e-18,30,8.6043747053268493e-17,0.05,lower
cec2014,30,300000,2,basic,all,holm-bonferroni,ARRDE,MSC-CMA,51,51,75,0.9711649365628604,0,0,1.0812692836413463e-16,30,1.0812692836413463e-15,0.05,lower
cec2014,30,300000,3,basic,all,holm-bonferroni,ARRDE,MSC-CMA,51,51,0,1,0,1.7843598811850825e-05,3.1868054464173517e-18,30,8.6043747053268493e-17,0.05,lower
cec2014,30,300000,4,basic,all,holm-bonferroni,ARRDE,MSC-CMA,51,51,0,1,0,0.0029367258013621722,3.2180953329557991e-18,30,8.6043747053268493e-17,0.05,lower
cec2014,30,300000,5,basic,all,holm-bonferroni,ARRDE,MSC-CMA,51,51,590,0.77316416762783546,20.019607202451425,20.888511781485363,2.0159159346124959e-06,30,6.0477478038374873e-06,0.05,lower
cec2014,30,300000,6,basic,all,holm-bonferroni,ARRDE,MSC-CMA,51,51,0,1,0,4.1900463167622775,2.0934427354761828e-18,30,5.8616396593333121e-17,0.05,lower
cec2014,30,300000,7,basic,all,holm-bonferroni,ARRDE,MSC-CMA,51,51,2007.5,0.22818146866589772,0,0,2.261909592735683e-07,30,9.0476383709427318e-07,0.05,higher
cec2014,30,300000,8,basic,all,holm-bonferroni,ARRDE,MSC-CMA,51,51,440.5,0.83064206074586699,3.9798362283733013,7.9596674189273244,8.4926901755993292e-09,30,5.0956141053595975e-08,0.05,lower
cec2014,30,300000,9,basic,all,holm-bonferroni,ARRDE,MSC-CMA,51,51,2445,0.059976931949250245,9.9495905709330827,4.9747952854664845,1.765147937974761e-14,30,1.4121183503798088e-13,0.05,higher
cec2014,30,300000,10,basic,all,holm-bonferroni,ARRDE,MSC-CMA,51,51,114,0.9561707035755479,0.12491548120488005,39.513139706486982,2.0361698334037436e-15,30,1.8325528500633692e-14,0.05,lower
cec2014,30,300000,11,basic,all,holm-bonferroni,ARRDE,MSC-CMA,51,51,2601,0,1692.7260514241516,279.91812202778056,3.3036815016661564e-18,30,8.6043747053268493e-17,0.05,higher
cec2014,30,300000,12,basic,all,holm-bonferroni,ARRDE,MSC-CMA,51,51,2592,0.0034602076124568004,0.15566723422671203,0.029192895157166276,5.6072880249935254e-18,30,8.6043747053268493e-17,0.05,higher
cec2014,30,300000,13,basic,all,holm-bonferroni,ARRDE,MSC-CMA,51,51,0,1,0.08055711988231451,0.27829188593887011,3.3036815016661564e-18,30,8.6043747053268493e-17,0.05,lower
cec2014,30,300000,14,basic,all,holm-bonferroni,ARRDE,MSC-CMA,51,51,1,0.99961553248750479,0.2417785529341927,0.82541352441899107,3.5043165051200882e-18,30,8.6043747053268493e-17,0.05,lower
cec2014,30,300000,15,basic,all,holm-bonferroni,ARRDE,MSC-CMA,51,51,360,0.86159169550173009,2.2275814288868787,3.0454848938982195,3.1513299792534288e-10,30,2.2059309854774e-09,0.05,lower
cec2014,30,300000,16,basic,all,holm-bonferroni,ARRDE,MSC-CMA,51,51,0,1,9.3731239382984768,12.543724877745944,3.3036815016661564e-18,30,8.6043747053268493e-17,0.05,lower
cec2014,30,300000,17,hybrid,all,holm-bonferroni,ARRDE,MSC-CMA,51,51,0,1,73.686068830697195,975.30518530488098,3.3036815016661564e-18,30,8.6043747053268493e-17,0.05,lower
cec2014,30,300000,18,hybrid,all,holm-bonferroni,ARRDE,MSC-CMA,51,51,1,0.99961553248750479,2.3041503659403588,34.354555263146267,3.5043165051200882e-18,30,8.6043747053268493e-17,0.05,lower
cec2014,30,300000,19,hybrid,all,holm-bonferroni,ARRDE,MSC-CMA,51,51,0,1,2.0049979826135313,7.1484499898901959,3.3036815016661564e-18,30,8.6043747053268493e-17,0.05,lower
cec2014,30,300000,20,hybrid,all,holm-bonferroni,ARRDE,MSC-CMA,51,51,0,1,1.5526696902750245,110.39098861207367,3.3036815016661564e-18,30,8.6043747053268493e-17,0.05,lower
cec2014,30,300000,21,hybrid,all,holm-bonferroni,ARRDE,MSC-CMA,51,51,0,1,8.0078598354675705,642.51190343099142,3.3036815016661564e-18,30,8.6043747053268493e-17,0.05,lower
cec2014,30,300000,22,hybrid,all,holm-bonferroni,ARRDE,MSC-CMA,51,51,1187,0.54363706266820455,26.208408662724651,25.076940900808495,0.4494837766683305,30,0.4494837766683305,0.05,not significant
cec2014,30,300000,23,composition,all,holm-bonferroni,ARRDE,MSC-CMA,51,51,2520,0.03114186851211076,315.24410218556659,315.24410218556568,8.0746642801700575e-19,30,2.4223992840510172e-17,0.05,higher
cec2014,30,300000,24,composition,all,holm-bonferroni,ARRDE,MSC-CMA,51,51,2601,0,223.25540439972428,200.00730954931169,3.3036815016661564e-18,30,8.6043747053268493e-17,0.05,higher
cec2014,30,300000,25,composition,all,holm-bonferroni,ARRDE,MSC-CMA,51,51,44,0.98308342945021143,202.54925302938818,202.91843469453215,4.2314124582361223e-17,30,4.6545537040597348e-16,0.05,lower
cec2014,30,300000,26,composition,all,holm-bonferroni,ARRDE,MSC-CMA,51,51,0,1,100.07878553424416,100.32248353750947,3.3036815016661564e-18,30,8.6043747053268493e-17,0.05,lower
cec2014,30,300000,27,composition,all,holm-bonferroni,ARRDE,MSC-CMA,51,51,0,1,300.00000000000091,347.79609530682728,1.1794006231350187e-18,30,3.4202618070915545e-17,0.05,lower
cec2014,30,300000,28,composition,all,holm-bonferroni,ARRDE,MSC-CMA,51,51,1582,0.39177239523260288,793.35720115195727,779.35568126672024,0.060017994043750647,30,0.12003598808750129,0.05,not significant
cec2014,30,300000,29,composition,all,holm-bonferroni,ARRDE,MSC-CMA,51,51,0,1,714.74646584463972,1112.8344739193062,3.3036815016661564e-18,30,8.6043747053268493e-17,0.05,lower
cec2014,30,300000,30,composition,all,holm-bonferroni,ARRDE,MSC-CMA,51,51,457,0.82429834678969627,911.26062071308206,1271.6868858291928,1.6813269636586354e-08,30,8.4066348182931772e-08,0.05,lower
cec2014,30,300000,1,basic,all,holm-bonferroni,BIPOP-CMA,MSC-CMA,51,51,0,1,0,2.758016053410401,8.9663174019125879e-20,30,2.241579350478147e-18,0.05,lower
cec2014,30,300000,2,basic,all,holm-bonferroni,BIPOP-CMA,MSC-CMA,51,51,0,1,0,0,1.3905886961424435e-20,30,3.7636894147611422e-19,0.05,lower
cec2014,30,300000,3,basic,all,holm-bonferroni,BIPOP-CMA,MSC-CMA,51,51,0,1,0,1.7843598811850825e-05,1.3905886961424435e-20,30,3.7636894147611422e-19,0.05,lower
cec2014,30,300000,4,basic,all,holm-bonferroni,BIPOP-CMA,MSC-CMA,51,51,0,1,0,0.0029367258013621722,1.3441747909861222e-20,30,3.7636894147611422e-19,0.05,lower
cec2014,30,300000,5,basic,all,holm-bonferroni,BIPOP-CMA,MSC-CMA,51,51,817,0.68589004229142636,19.999999961510639,20.888511781485363,0.0012267879172704109,30,0.0085875154208928765,0.05,lower
cec2014,30,300000,6,basic,all,holm-bonferroni,BIPOP-CMA,MSC-CMA,51,51,149,0.94271434063821602,0.810045402779906,4.1900463167622775,1.3135217840373831e-14,30,2.4956913896710278e-13,0.05,lower
cec2014,30,300000,7,basic,all,holm-bonferroni,BIPOP-CMA,MSC-CMA,51,51,25.5,0.99019607843137258,0,0,9.6187583198098524e-22,30,2.885627495942956e-20,0.05,lower
cec2014,30,300000,8,basic,all,holm-bonferroni,BIPOP-CMA,MSC-CMA,51,51,1700,0.34640522875816993,8.9546315138396722,7.9596674189273244,0.0075383700013912517,30,0.045230220008347512,0.05,higher
cec2014,30,300000,9,basic,all,holm-bonferroni,BIPOP-CMA,MSC-CMA,51,51,1390,0.4655901576316801,4.8493127147396535,4.9747952854664845,0.55076566490179801,30,0.55076566490179801,0.05,not significant
cec2014,30,300000,10,basic,all,holm-bonferroni,BIPOP-CMA,MSC-CMA,51,51,2366,0.09034986543637058,491.38354556708146,39.513139706486982,1.0203522203872342e-12,30,1.8366339966970217e-11,0.05,higher
cec2014,30,300000,11,basic,all,holm-bonferroni,BIPOP-CMA,MSC-CMA,51,51,2341,0.099961553248750445,742.25737383088199,279.91812202778056,3.3927028542253499e-12,30,5.7675948521830949e-11,0.05,higher
cec2014,30,300000,12,basic,all,holm-bonferroni,BIPOP-CMA,MSC-CMA,51,51,350,0.86543637062668211,0.011826350028968591,0.029192895157166276,2.0430174728881506e-10,30,2.860224462043411e-09,0.05,lower
cec2014,30,300000,13,basic,all,holm-bonferroni,BIPOP-CMA,MSC-CMA,51,51,2,0.99923106497500958,0.095333606429903739,0.27829188593887011,3.7169717691034338e-18,30,8.5490350689378984e-17,0.05,lower
cec2014,30,300000,14,basic,all,holm-bonferroni,BIPOP-CMA,MSC-CMA,51,51,71,0.97270280661284125,0.38197560279604659,0.82541352441899107,1.9464228210670911e-16,30,4.087487924240891e-15,0.05,lower
cec2014,30,300000,15,basic,all,holm-bonferroni,BIPOP-CMA,MSC-CMA,51,51,326,0.87466359092656676,2.2618349902377304,3.0454848938982195,7.0920773515306211e-11,30,1.0638116027295932e-09,0.05,lower
cec2014,30,300000,16,basic,all,holm-bonferroni,BIPOP-CMA,MSC-CMA,51,51,458,0.82391387927720106,11.839251269803299,12.543724877745944,1.7479484334928285e-08,30,2.0975381201913942e-07,0.05,lower
cec2014,30,300000,17,hybrid,all,holm-bonferroni,BIPOP-CMA,MSC-CMA,51,51,913,0.64898116109188775,886.60769841201227,975.30518530488098,0.0095954259844235317,30,0.046143593246669196,0.05,lower
cec2014,30,300000,18,hybrid,all,holm-bonferroni,BIPOP-CMA,MSC-CMA,51,51,2079,0.20069204152249132,142.3189231323297,34.354555263146267,1.9199429128105801e-07,30,1.9199429128105803e-06,0.05,higher
cec2014,30,300000,19,hybrid,all,holm-bonferroni,BIPOP-CMA,MSC-CMA,51,51,690,0.73471741637831611,5.9182913849726901,7.1484499898901959,4.4543940952224087e-05,30,0.00040089546857001679,0.05,lower
cec2014,30,300000,20,hybrid,all,holm-bonferroni,BIPOP-CMA,MSC-CMA,51,51,740,0.71549404075355638,40.519651963653814,110.39098861207367,0.00017830986678125607,30,0.0014264789342500485,0.05,lower
cec2014,30,300000,21,hybrid,all,holm-bonferroni,BIPOP-CMA,MSC-CMA,51,51,1474,0.43329488658208382,699.31593013789097,642.51190343099142,0.24693000179022373,30,0.49386000358044746,0.05,not significant
cec2014,30,300000,22,hybrid,all,holm-bonferroni,BIPOP-CMA,MSC-CMA,51,51,1690,0.35024990388312183,38.183266488715162,25.076940900808495,0.0092287186493338388,30,0.046143593246669196,0.05,higher
cec2014,30,300000,23,composition,all,holm-bonferroni,BIPOP-CMA,MSC-CMA,51,51,75,0.9711649365628604,315.24410218556523,315.24410218556568,4.0256937840005785e-21,30,1.1674511973601678e-19,0.05,lower
cec2014,30,300000,24,composition,all,holm-bonferroni,BIPOP-CMA,MSC-CMA,51,51,2496,0.040369088811995413,225.54544627273526,200.00730954931169,1.2667703311706643e-15,30,2.5335406623413287e-14,0.05,higher
cec2014,30,300000,25,composition,all,holm-bonferroni,BIPOP-CMA,MSC-CMA,51,51,416,0.8400615148019992,202.61239314675004,202.91843469453215,3.2905744289843709e-09,30,4.2777467576796819e-08,0.05,lower
cec2014,30,300000,26,composition,all,holm-bonferroni,BIPOP-CMA,MSC-CMA,51,51,31,0.98808150711264897,100.09530798106971,100.32248353750947,2.0129124775851485e-17,30,4.4284074506873269e-16,0.05,lower
cec2014,30,300000,27,composition,all,holm-bonferroni,BIPOP-CMA,MSC-CMA,51,51,1062,0.59169550173010377,346.31574238131134,347.79609530682728,0.11118658401297035,30,0.33355975203891108,0.05,not significant
cec2014,30,300000,28,composition,all,holm-bonferroni,BIPOP-CMA,MSC-CMA,51,51,2127,0.18223760092272201,861.03046217144492,779.35568126672024,3.2357686243643684e-08,30,3.5593454868008055e-07,0.05,higher
cec2014,30,300000,29,composition,all,holm-bonferroni,BIPOP-CMA,MSC-CMA,51,51,0,1,729.9206993209832,1112.8344739193062,3.3036815016661564e-18,30,7.9288356039987752e-17,0.05,lower
cec2014,30,300000,30,composition,all,holm-bonferroni,BIPOP-CMA,MSC-CMA,51,51,2295,0.11764705882352944,2232.199770911805,1271.6868858291928,2.8805576322752453e-11,30,4.6088922116403925e-10,0.05,higher
cec2014,30,300000,1,basic,all,holm-bonferroni,LSRTDE,MSC-CMA,51,51,0,1,0,2.758016053410401,3.2908144422460515e-18,30,8.2270361056151287e-17,0.05,lower
cec2014,30,300000,2,basic,all,holm-bonferroni,LSRTDE,MSC-CMA,51,51,4.5,0.9982698961937716,0,0,2.3785914542591073e-19,30,6.4221969264995895e-18,0.05,lower
cec2014,30,300000,3,basic,all,holm-bonferroni,LSRTDE,MSC-CMA,51,51,0,1,0,1.7843598811850825e-05,1.9881522354074772e-20,30,5.7656414826816843e-19,0.05,lower
cec2014,30,300000,4,basic,all,holm-bonferroni,LSRTDE,MSC-CMA,51,51,0,1,0,0.0029367258013621722,1.7556091339327214e-19,30,4.9157055750116198e-18,0.05,lower
cec2014,30,300000,5,basic,all,holm-bonferroni,LSRTDE,MSC-CMA,51,51,1817,0.30142252979623219,20.959619532096667,20.888511781485363,0.00055349159473436823,30,0.0033209495684062094,0.05,higher
cec2014,30,300000,6,basic,all,holm-bonferroni,LSRTDE,MSC-CMA,51,51,0,1,0,4.1900463167622775,1.836113776365283e-18,30,4.7738958185497357e-17,0.05,lower
cec2014,30,300000,7,basic,all,holm-bonferroni,LSRTDE,MSC-CMA,51,51,25.5,0.99019607843137258,0,0,9.6187583198098524e-22,30,2.885627495942956e-20,0.05,lower
cec2014,30,300000,8,basic,all,holm-bonferroni,LSRTDE,MSC-CMA,51,51,25.5,0.99019607843137258,0.99495905709341059,7.9596674189273244,1.236431601153487e-17,30,1.6073610814995331e-16,0.05,lower
cec2014,30,300000,9,basic,all,holm-bonferroni,LSRTDE,MSC-CMA,51,51,397,0.8473663975394079,1.9899181141870486,4.9747952854664845,1.4395357885356362e-09,30,1.151628630828509e-08,0.05,lower
cec2014,30,300000,10,basic,all,holm-bonferroni,LSRTDE,MSC-CMA,51,51,182,0.93002691272587468,1.4506690702783089,39.513139706486982,7.2951425784999586e-14,30,7.2951425784999583e-13,0.05,lower
cec2014,30,300000,11,basic,all,holm-bonferroni,LSRTDE,MSC-CMA,51,51,1366,0.47481737793156475,304.98396696840973,279.91812202778056,0.66354357186569324,30,1,0.05,not significant
cec2014,30,300000,12,basic,all,holm-bonferroni,LSRTDE,MSC-CMA,51,51,2600,0.00038446751249521238,2.4374626506205459,0.029192895157166276,3.5043165051200882e-18,30,8.2270361056151287e-17,0.05,higher
cec2014,30,300000,13,basic,all,holm-bonferroni,LSRTDE,MSC-CMA,51,51,0,1,0.1009496765861968,0.27829188593887011,3.3036815016661564e-18,30,8.2270361056151287e-17,0.05,lower
cec2014,30,300000,14,basic,all,holm-bonferroni,LSRTDE,MSC-CMA,51,51,26,0.99000384467512492,0.31198780557338068,0.82541352441899107,1.5083024848576246e-17,30,1.8099629818291495e-16,0.05,lower
cec2014,30,300000,15,basic,all,holm-bonferroni,LSRTDE,MSC-CMA,51,51,2385,0.083044982698961989,9.3254239412165134,3.0454848938982195,4.019742603849187e-13,30,3.6177683434642684e-12,0.05,higher
cec2014,30,300000,16,basic,all,holm-bonferroni,LSRTDE,MSC-CMA,51,51,0,1,9.3669123021563792,12.543724877745944,3.3036815016661564e-18,30,8.2270361056151287e-17,0.05,lower
cec2014,30,300000,17,hybrid,all,holm-bonferroni,LSRTDE,MSC-CMA,51,51,0,1,17.932177381391284,975.30518530488098,3.3036815016661564e-18,30,8.2270361056151287e-17,0.05,lower
cec2014,30,300000,18,hybrid,all,holm-bonferroni,LSRTDE,MSC-CMA,51,51,0,1,0.38220330909484801,34.354555263146267,3.3036815016661564e-18,30,8.2270361056151287e-17,0.05,lower
cec2014,30,300000,19,hybrid,all,holm-bonferroni,LSRTDE,MSC-CMA,51,51,0,1,0.82880783707810224,7.1484499898901959,3.3036815016661564e-18,30,8.2270361056151287e-17,0.05,lower
cec2014,30,300000,20,hybrid,all,holm-bonferroni,LSRTDE,MSC-CMA,51,51,0,1,1.2413160237965712,110.39098861207367,3.3036815016661564e-18,30,8.2270361056151287e-17,0.05,lower
cec2014,30,300000,21,hybrid,all,holm-bonferroni,LSRTDE,MSC-CMA,51,51,0,1,1.8466750571647026,642.51190343099142,3.3036815016661564e-18,30,8.2270361056151287e-17,0.05,lower
cec2014,30,300000,22,hybrid,all,holm-bonferroni,LSRTDE,MSC-CMA,51,51,997,0.61668589004229135,21.692153832802433,25.076940900808495,0.042571442871446347,30,0.17028577148578539,0.05,not significant
cec2014,30,300000,23,composition,all,holm-bonferroni,LSRTDE,MSC-CMA,51,51,1275,0.50980392156862742,315.24410218556568,315.24410218556568,0.32689257978151776,30,0.98067773934455327,0.05,not significant
cec2014,30,300000,24,composition,all,holm-bonferroni,LSRTDE,MSC-CMA,51,51,816,0.68627450980392157,200.00001863889111,200.00730954931169,0.0011983592509121612,30,0.0059917962545608062,0.05,lower
cec2014,30,300000,25,composition,all,holm-bonferroni,LSRTDE,MSC-CMA,51,51,63,0.97577854671280273,202.57564011836803,202.91843469453215,1.2390109615410227e-16,30,1.3629120576951251e-15,0.05,lower
cec2014,30,300000,26,composition,all,holm-bonferroni,LSRTDE,MSC-CMA,51,51,0,1,100.09999063895657,100.32248353750947,3.3036815016661564e-18,30,8.2270361056151287e-17,0.05,lower
cec2014,30,300000,27,composition,all,holm-bonferroni,LSRTDE,MSC-CMA,51,51,637,0.75509419454056137,300.00000000000045,347.79609530682728,6.2975115031804834e-06,30,4.4082580522263387e-05,0.05,lower
cec2014,30,300000,28,composition,all,holm-bonferroni,LSRTDE,MSC-CMA,51,51,1232,0.52633602460592077,775.57622220887515,779.35568126672024,0.64902138956531807,30,1,0.05,not significant
cec2014,30,300000,29,composition,all,holm-bonferroni,LSRTDE,MSC-CMA,51,51,0,1,100.00000124175131,1112.8344739193062,3.3036815016661564e-18,30,8.2270361056151287e-17,0.05,lower
cec2014,30,300000,30,composition,all,holm-bonferroni,LSRTDE,MSC-CMA,51,51,0,1,340.18520940888811,1271.6868858291928,3.3036815016661564e-18,30,8.2270361056151287e-17,0.05,lower
cec2014,30,300000,1,basic,all,holm-bonferroni,NLSHADE-RSP,MSC-CMA,51,51,2601,0,225746.43954128705,2.758016053410401,3.3036815016661564e-18,30,9.2483031630833027e-17,0.05,higher
cec2014,30,300000,2,basic,all,holm-bonferroni,NLSHADE-RSP,MSC-CMA,51,51,717,0.72433679354094571,0,0,9.5356556524713262e-05,30,0.0005721393391482796,0.05,lower
cec2014,30,300000,3,basic,all,holm-bonferroni,NLSHADE-RSP,MSC-CMA,51,51,231,0.91118800461361016,0,1.7843598811850825e-05,8.3975907800886576e-13,30,1.0916868014115255e-11,0.05,lower
cec2014,30,300000,4,basic,all,holm-bonferroni,NLSHADE-RSP,MSC-CMA,51,51,1963,0.24529027297193384,0.36879961351536394,0.0029367258013621722,9.3330029353069474e-06,30,6.5331020547148633e-05,0.05,higher
cec2014,30,300000,5,basic,all,holm-bonferroni,NLSHADE-RSP,MSC-CMA,51,51,919,0.64667435601691658,20.176874977722946,20.888511781485363,0.010774717793075143,30,0.03232415337922543,0.05,lower
cec2014,30,300000,6,basic,all,holm-bonferroni,NLSHADE-RSP,MSC-CMA,51,51,2575,0.0099961553248750779,12.653296754527105,4.1900463167622775,1.5083024848576246e-17,30,3.1674352182010115e-16,0.05,higher
cec2014,30,300000,7,basic,all,holm-bonferroni,NLSHADE-RSP,MSC-CMA,51,51,991.5,0.61880046136101496,0,0,0.0047132969204673495,30,0.018853187681869398,0.05,lower
cec2014,30,300000,8,basic,all,holm-bonferroni,NLSHADE-RSP,MSC-CMA,51,51,0,1,0,7.9596674189273244,4.5393779796313555e-19,30,1.3618133938894066e-17,0.05,lower
cec2014,30,300000,9,basic,all,holm-bonferroni,NLSHADE-RSP,MSC-CMA,51,51,2601,0,53.727718508135467,4.9747952854664845,3.0939844275292862e-18,30,8.9725548398349295e-17,0.05,higher
cec2014,30,300000,10,basic,all,holm-bonferroni,NLSHADE-RSP,MSC-CMA,51,51,0,1,0.1271966765216348,39.513139706486982,3.3029654153868941e-18,30,9.2483031630833027e-17,0.05,lower
cec2014,30,300000,11,basic,all,holm-bonferroni,NLSHADE-RSP,MSC-CMA,51,51,2601,0,1643.8084098706931,279.91812202778056,3.3036815016661564e-18,30,9.2483031630833027e-17,0.05,higher
cec2014,30,300000,12,basic,all,holm-bonferroni,NLSHADE-RSP,MSC-CMA,51,51,2601,0,0.23220590784467277,0.029192895157166276,3.3036815016661564e-18,30,9.2483031630833027e-17,0.05,higher
cec2014,30,300000,13,basic,all,holm-bonferroni,NLSHADE-RSP,MSC-CMA,51,51,137,0.94732795078815846,0.17294162185612549,0.27829188593887011,7.0478998458336793e-15,30,1.1981429737917254e-13,0.05,lower
cec2014,30,300000,14,basic,all,holm-bonferroni,NLSHADE-RSP,MSC-CMA,51,51,0,1,0.18256346898579068,0.82541352441899107,3.3036815016661564e-18,30,9.2483031630833027e-17,0.05,lower
cec2014,30,300000,15,basic,all,holm-bonferroni,NLSHADE-RSP,MSC-CMA,51,51,2437,0.063052672049211833,5.0711391754364286,3.0454848938982195,2.8953246518370366e-14,30,4.3429869777555551e-13,0.05,higher
cec2014,30,300000,16,basic,all,holm-bonferroni,NLSHADE-RSP,MSC-CMA,51,51,0,1,9.648925490564352,12.543724877745944,3.3036815016661564e-18,30,9.2483031630833027e-17,0.05,lower
cec2014,30,300000,17,hybrid,all,holm-bonferroni,NLSHADE-RSP,MSC-CMA,51,51,2573,0.010765090349865392,12051.219353217635,975.30518530488098,1.6930923141195538e-17,30,3.3861846282391077e-16,0.05,higher
cec2014,30,300000,18,hybrid,all,holm-bonferroni,NLSHADE-RSP,MSC-CMA,51,51,1280,0.50788158400615147,33.381925618274181,34.354555263146267,0.89351790943190634,30,0.89351790943190634,0.05,not significant
cec2014,30,300000,19,hybrid,all,holm-bonferroni,NLSHADE-RSP,MSC-CMA,51,51,102,0.96078431372549022,4.6549425591499585,7.1484499898901959,1.0760037474761463e-15,30,1.9368067454570631e-14,0.05,lower
cec2014,30,300000,20,hybrid,all,holm-bonferroni,NLSHADE-RSP,MSC-CMA,51,51,281,0.89196462898885043,21.128229090845252,110.39098861207367,9.1123704878534325e-12,30,1.093484458542412e-10,0.05,lower
cec2014,30,300000,21,hybrid,all,holm-bonferroni,NLSHADE-RSP,MSC-CMA,51,51,2301,0.11534025374855827,1585.0186338296794,642.51190343099142,2.1907900982097613e-11,30,2.4098691080307373e-10,0.05,higher
cec2014,30,300000,22,hybrid,all,holm-bonferroni,NLSHADE-RSP,MSC-CMA,51,51,2261,0.13071895424836599,162.17864415202575,25.076940900808495,1.3187034303843885e-10,30,1.1868330873459497e-09,0.05,higher
cec2014,30,300000,23,composition,all,holm-bonferroni,NLSHADE-RSP,MSC-CMA,51,51,1793.5,0.31045751633986929,315.24410218556568,315.24410218556568,3.0680558600760075e-06,30,2.454444688060806e-05,0.05,higher
cec2014,30,300000,24,composition,all,holm-bonferroni,NLSHADE-RSP,MSC-CMA,51,51,2601,0,223.82042531057778,200.00730954931169,3.3036815016661564e-18,30,9.2483031630833027e-17,0.05,higher
cec2014,30,300000,25,composition,all,holm-bonferroni,NLSHADE-RSP,MSC-CMA,51,51,2420,0.069588619761630111,204.77207922206662,202.91843469453215,6.9326617746501097e-14,30,9.7057264845101533e-13,0.05,higher
cec2014,30,300000,26,composition,all,holm-bonferroni,NLSHADE-RSP,MSC-CMA,51,51,305,0.88273740868896577,100.20386029968768,100.32248353750947,2.7524003184463709e-11,30,2.7524003184463707e-10,0.05,lower
cec2014,30,300000,27,composition,all,holm-bonferroni,NLSHADE-RSP,MSC-CMA,51,51,2445,0.059976931949250245,401.18944094756762,347.79609530682728,1.9113241612720821e-14,30,3.0581186580353314e-13,0.05,higher
cec2014,30,300000,28,composition,all,holm-bonferroni,NLSHADE-RSP,MSC-CMA,51,51,2565,0.01384083044982698,894.0517273985115,779.35568126672024,2.6833742570904794e-17,30,5.0984110884719113e-16,0.05,higher
cec2014,30,300000,29,composition,all,holm-bonferroni,NLSHADE-RSP,MSC-CMA,51,51,836,0.67858515955401766,1053.2617134167203,1112.8344739193062,0.0019001144925742612,30,0.0095005724628713061,0.05,lower
cec2014,30,300000,30,composition,all,holm-bonferroni,NLSHADE-RSP,MSC-CMA,51,51,1640,0.36947327950788156,1428.4741446050448,1271.6868858291928,0.023278800395417704,30,0.046557600790835409,0.05,higher
cec2014,30,300000,1,basic,all,holm-bonferroni,j2020,MSC-CMA,51,51,2601,0,299547.15248897049,2.758016053410401,3.3036815016661564e-18,30,8.7437179178213211e-17,0.05,higher
cec2014,30,300000,2,basic,all,holm-bonferroni,j2020,MSC-CMA,51,51,149,0.94271434063821602,0,0,1.2979215094232087e-14,30,1.8170901131924923e-13,0.05,lower
cec2014,30,300000,3,basic,all,holm-bonferroni,j2020,MSC-CMA,51,51,0,1,0,1.7843598811850825e-05,3.2384140436375263e-18,30,8.7437179178213211e-17,0.05,lower
cec2014,30,300000,4,basic,all,holm-bonferroni,j2020,MSC-CMA,51,51,2508,0.035755478662053086,70.45244476025664,0.0029367258013621722,6.4322262383360224e-16,30,1.0291561981337636e-14,0.05,higher
cec2014,30,300000,5,basic,all,holm-bonferroni,j2020,MSC-CMA,51,51,967,0.62821991541714728,20.429032741862784,20.888511781485363,0.025835766903074563,30,0.051671533806149125,0.05,not significant
cec2014,30,300000,6,basic,all,holm-bonferroni,j2020,MSC-CMA,51,51,1662,0.36101499423298733,6.7305996250524913,4.1900463167622775,0.015688864713033095,30,0.047066594139099284,0.05,higher
cec2014,30,300000,7,basic,all,holm-bonferroni,j2020,MSC-CMA,51,51,2248,0.13571703191080353,0,0,4.1434089617220816e-11,30,4.1434089617220819e-10,0.05,higher
cec2014,30,300000,8,basic,all,holm-bonferroni,j2020,MSC-CMA,51,51,0,1,0,7.9596674189273244,2.9460256230295048e-18,30,8.5434743067855642e-17,0.05,lower
cec2014,30,300000,9,basic,all,holm-bonferroni,j2020,MSC-CMA,51,51,2601,0,54.765241334470375,4.9747952854664845,3.0939844275292862e-18,30,8.6631563970820019e-17,0.05,higher
cec2014,30,300000,10,basic,all,holm-bonferroni,j2020,MSC-CMA,51,51,0,1,0.16671851456521836,39.513139706486982,3.3036815016661564e-18,30,8.7437179178213211e-17,0.05,lower
cec2014,30,300000,11,basic,all,holm-bonferroni,j2020,MSC-CMA,51,51,2601,0,3112.5672999553753,279.91812202778056,3.3036815016661564e-18,30,8.7437179178213211e-17,0.05,higher
cec2014,30,300000,12,basic,all,holm-bonferroni,j2020,MSC-CMA,51,51,2601,0,0.61020836018565205,0.029192895157166276,3.3036815016661564e-18,30,8.7437179178213211e-17,0.05,higher
cec2014,30,300000,13,basic,all,holm-bonferroni,j2020,MSC-CMA,51,51,1779,0.31603229527104959,0.31963087769190679,0.27829188593887011,0.0013785059527405554,30,0.0068925297637027769,0.05,higher
cec2014,30,300000,14,basic,all,holm-bonferroni,j2020,MSC-CMA,51,51,3,0.99884659746251436,0.28229820201909206,0.82541352441899107,3.9423573447196093e-18,30,8.7437179178213211e-17,0.05,lower
cec2014,30,300000,15,basic,all,holm-bonferroni,j2020,MSC-CMA,51,51,2601,0,10.63600587599467,3.0454848938982195,3.3036815016661564e-18,30,8.7437179178213211e-17,0.05,higher
cec2014,30,300000,16,basic,all,holm-bonferroni,j2020,MSC-CMA,51,51,23,0.99115724721261056,10.846509236954489,12.543724877745944,1.2678156778928414e-17,30,2.4088497879963988e-16,0.05,lower
cec2014,30,300000,17,hybrid,all,holm-bonferroni,j2020,MSC-CMA,51,51,2576,0.0096116878123798655,2073.880789194257,975.30518530488098,1.4235199004135164e-17,30,2.5623358207443298e-16,0.05,higher
cec2014,30,300000,18,hybrid,all,holm-bonferroni,j2020,MSC-CMA,51,51,1907,0.26682045367166474,84.076370266706135,34.354555263146267,4.9967135642193893e-05,30,0.00029980281385316336,0.05,higher
cec2014,30,300000,19,hybrid,all,holm-bonferroni,j2020,MSC-CMA,51,51,867,0.66666666666666674,6.5418346421822662,7.1484499898901959,0.0037561971273630708,30,0.015024788509452283,0.05,lower
cec2014,30,300000,20,hybrid,all,holm-bonferroni,j2020,MSC-CMA,51,51,386,0.85159554017685501,31.341106494582846,110.39098861207367,9.5272945953359706e-10,30,8.5745651358023731e-09,0.05,lower
cec2014,30,300000,21,hybrid,all,holm-bonferroni,j2020,MSC-CMA,51,51,2421,0.069204152249134898,1088.5373678552387,642.51190343099142,6.5879015804491786e-14,30,7.9054818965390144e-13,0.05,higher
cec2014,30,300000,22,hybrid,all,holm-bonferroni,j2020,MSC-CMA,51,51,2560,0.015763168012302931,84.688573753125638,25.076940900808495,3.5732019608951416e-17,30,6.0744433335217407e-16,0.05,higher
cec2014,30,300000,23,composition,all,holm-bonferroni,j2020,MSC-CMA,51,51,2597,0.0015378700499807385,315.24410218556659,315.24410218556568,1.7048791701819527e-21,30,5.114637510545858e-20,0.05,higher
cec2014,30,300000,24,composition,all,holm-bonferroni,j2020,MSC-CMA,51,51,2601,0,224.52939888129822,200.00730954931169,3.3036815016661564e-18,30,8.7437179178213211e-17,0.05,higher
cec2014,30,300000,25,composition,all,holm-bonferroni,j2020,MSC-CMA,51,51,2475,0.048442906574394429,204.56128221355902,202.91843469453215,3.9269495559019399e-15,30,5.8904243338529099e-14,0.05,higher
cec2014,30,300000,26,composition,all,holm-bonferroni,j2020,MSC-CMA,51,51,1389,0.46597462514417531,100.33259836505067,100.32248353750947,0.55588928343596355,30,0.55588928343596355,0.05,not significant
cec2014,30,300000,27,composition,all,holm-bonferroni,j2020,MSC-CMA,51,51,2014,0.22568242983467901,390.2594820762406,347.79609530682728,1.8249581028168794e-06,30,1.4599664822535035e-05,0.05,higher
cec2014,30,300000,28,composition,all,holm-bonferroni,j2020,MSC-CMA,51,51,2000,0.23106497500961165,817.02934798506521,779.35568126672024,2.8940076732038511e-06,30,2.0258053712426957e-05,0.05,higher
cec2014,30,300000,29,composition,all,holm-bonferroni,j2020,MSC-CMA,51,51,2425,0.06766628219915416,1439.0011610750316,1112.8344739193062,5.3696263330509342e-14,30,6.9805142329662141e-13,0.05,higher
cec2014,30,300000,30,composition,all,holm-bonferroni,j2020,MSC-CMA,51,51,2317,0.1091887735486351,2017.0197852237234,1271.6868858291928,1.0477128132299314e-11,30,1.1524840945529246e-10,0.05,higher
cec2014,30,300000,1,basic,all,holm-bonferroni,jSO,MSC-CMA,51,51,0,1,0,2.758016053410401,3.1847297440156725e-18,30,7.6433513856376143e-17,0.05,lower
cec2014,30,300000,2,basic,all,holm-bonferroni,jSO,MSC-CMA,51,51,0.5,0.99980776624375245,0,0,2.0550469332470478e-20,30,5.7541314130917342e-19,0.05,lower
cec2014,30,300000,3,basic,all,holm-bonferroni,jSO,MSC-CMA,51,51,0,1,0,1.7843598811850825e-05,1.3905886961424435e-20,30,4.0327072188130864e-19,0.05,lower
cec2014,30,300000,4,basic,all,holm-bonferroni,jSO,MSC-CMA,51,51,0,1,0,0.0029367258013621722,2.6365596915428376e-19,30,6.8550551980113782e-18,0.05,lower
cec2014,30,300000,5,basic,all,holm-bonferroni,jSO,MSC-CMA,51,51,1610,0.38100730488273737,20.934953979048146,20.888511781485363,0.038635644317176851,30,0.11590693295153055,0.05,not significant
cec2014,30,300000,6,basic,all,holm-bonferroni,jSO,MSC-CMA,51,51,0,1,0,4.1900463167622775,2.3091401924836716e-19,30,6.2346785197059135e-18,0.05,lower
cec2014,30,300000,7,basic,all,holm-bonferroni,jSO,MSC-CMA,51,51,25.5,0.99019607843137258,0,0,9.6187583198098524e-22,30,2.885627495942956e-20,0.05,lower
cec2014,30,300000,8,basic,all,holm-bonferroni,jSO,MSC-CMA,51,51,0,1,0,7.9596674189273244,2.2235007973859457e-18,30,5.558751993464864e-17,0.05,lower
cec2014,30,300000,9,basic,all,holm-bonferroni,jSO,MSC-CMA,51,51,2513,0.033833141099577135,10.00717118408204,4.9747952854664845,4.719960985726259e-16,30,3.3039726900083811e-15,0.05,higher
cec2014,30,300000,10,basic,all,holm-bonferroni,jSO,MSC-CMA,51,51,0,1,0.47278474503764301,39.513139706486982,3.3036815016661564e-18,30,7.6433513856376143e-17,0.05,lower
cec2014,30,300000,11,basic,all,holm-bonferroni,jSO,MSC-CMA,51,51,2601,0,1363.969755387272,279.91812202778056,3.3036815016661564e-18,30,7.6433513856376143e-17,0.05,higher
cec2014,30,300000,12,basic,all,holm-bonferroni,jSO,MSC-CMA,51,51,2601,0,0.23512933798701852,0.029192895157166276,3.3036815016661564e-18,30,7.6433513856376143e-17,0.05,higher
cec2014,30,300000,13,basic,all,holm-bonferroni,jSO,MSC-CMA,51,51,10,0.9961553248750481,0.1380655080104134,0.27829188593887011,5.9454550836585812e-18,30,7.6433513856376143e-17,0.05,lower
cec2014,30,300000,14,basic,all,holm-bonferroni,jSO,MSC-CMA,51,51,0,1,0.24383807629442344,0.82541352441899107,3.3036815016661564e-18,30,7.6433513856376143e-17,0.05,lower
cec2014,30,300000,15,basic,all,holm-bonferroni,jSO,MSC-CMA,51,51,240,0.90772779700115336,2.2434560524386598,3.0454848938982195,1.3003624487590543e-12,30,7.8021746925543259e-12,0.05,lower
cec2014,30,300000,16,basic,all,holm-bonferroni,jSO,MSC-CMA,51,51,0,1,9.0160411498027315,12.543724877745944,3.3036815016661564e-18,30,7.6433513856376143e-17,0.05,lower
cec2014,30,300000,17,hybrid,all,holm-bonferroni,jSO,MSC-CMA,51,51,0,1,62.009245321879007,975.30518530488098,3.3036815016661564e-18,30,7.6433513856376143e-17,0.05,lower
cec2014,30,300000,18,hybrid,all,holm-bonferroni,jSO,MSC-CMA,51,51,6,0.99769319492502884,2.3311374155991871,34.354555263146267,4.7026307769839093e-18,30,7.6433513856376143e-17,0.05,lower
cec2014,30,300000,19,hybrid,all,holm-bonferroni,jSO,MSC-CMA,51,51,0,1,2.0437360114360672,7.1484499898901959,3.3036815016661564e-18,30,7.6433513856376143e-17,0.05,lower
cec2014,30,300000,20,hybrid,all,holm-bonferroni,jSO,MSC-CMA,51,51,0,1,2.0691230100362645,110.39098861207367,3.3036815016661564e-18,30,7.6433513856376143e-17,0.05,lower
cec2014,30,300000,21,hybrid,all,holm-bonferroni,jSO,MSC-CMA,51,51,0,1,12.304776584916453,642.51190343099142,3.3036815016661564e-18,30,7.6433513856376143e-17,0.05,lower
cec2014,30,300000,22,hybrid,all,holm-bonferroni,jSO,MSC-CMA,51,51,1797,0.3091118800461361,29.719032312801119,25.076940900808495,0.00090152052293618063,30,0.0036060820917447225,0.05,higher
cec2014,30,300000,23,composition,all,holm-bonferroni,jSO,MSC-CMA,51,51,1275,0.50980392156862742,315.24410218556568,315.24410218556568,0.32689257978151776,30,0.65378515956303551,0.05,not significant
cec2014,30,300000,24,composition,all,holm-bonferroni,jSO,MSC-CMA,51,51,1380,0.46943483275663211,200.00063581493896,200.00730954931169,0.59699700908945941,30,0.65378515956303551,0.05,not significant
cec2014,30,300000,25,composition,all,holm-bonferroni,jSO,MSC-CMA,51,51,81,0.96885813148788924,202.57564011836803,202.91843469453215,3.359156679562827e-16,30,2.6873253436502616e-15,0.05,lower
cec2014,30,300000,26,composition,all,holm-bonferroni,jSO,MSC-CMA,51,51,29,0.9888504421376394,100.13256562176684,100.32248353750947,1.7936922303834937e-17,30,1.7936922303834936e-16,0.05,lower
cec2014,30,300000,27,composition,all,holm-bonferroni,jSO,MSC-CMA,51,51,98,0.96232218377547096,300,347.79609530682728,2.9355920997545013e-16,30,2.642032889779051e-15,0.05,lower
cec2014,30,300000,28,composition,all,holm-bonferroni,jSO,MSC-CMA,51,51,2356,0.094194540561322593,843.34099625335693,779.35568126672024,1.6553928267985652e-12,30,8.2769641339928256e-12,0.05,higher
cec2014,30,300000,29,composition,all,holm-bonferroni,jSO,MSC-CMA,51,51,0,1,148.8952158762022,1112.8344739193062,3.3036815016661564e-18,30,7.6433513856376143e-17,0.05,lower
cec2014,30,300000,30,composition,all,holm-bonferroni,jSO,MSC-CMA,51,51,0,1,391.13952807181022,1271.6868858291928,3.3036815016661564e-18,30,7.6433513856376143e-17,0.05,lower
cec2014,30,300000,23,composition,composition,holm-bonferroni,ARRDE,MSC-CMA,51,51,2520,0.03114186851211076,315.24410218556659,315.24410218556568,8.0746642801700575e-19,8,6.459731424136046e-18,0.05,higher
cec2014,30,300000,24,composition,composition,holm-bonferroni,ARRDE,MSC-CMA,51,51,2601,0,223.25540439972428,200.00730954931169,3.3036815016661564e-18,8,1.9822089009996938e-17,0.05,higher
cec2014,30,300000,25,composition,composition,holm-bonferroni,ARRDE,MSC-CMA,51,51,44,0.98308342945021143,202.54925302938818,202.91843469453215,4.2314124582361223e-17,8,1.2694237374708367e-16,0.05,lower
cec2014,30,300000,26,composition,composition,holm-bonferroni,ARRDE,MSC-CMA,51,51,0,1,100.07878553424416,100.32248353750947,3.3036815016661564e-18,8,1.9822089009996938e-17,0.05,lower
cec2014,30,300000,27,composition,composition,holm-bonferroni,ARRDE,MSC-CMA,51,51,0,1,300.00000000000091,347.79609530682728,1.1794006231350187e-18,8,8.2558043619451312e-18,0.05,lower
cec2014,30,300000,28,composition,composition,holm-bonferroni,ARRDE,MSC-CMA,51,51,1582,0.39177239523260288,793.35720115195727,779.35568126672024,0.060017994043750647,8,0.060017994043750647,0.05,not significant
cec2014,30,300000,29,composition,composition,holm-bonferroni,ARRDE,MSC-CMA,51,51,0,1,714.74646584463972,1112.8344739193062,3.3036815016661564e-18,8,1.9822089009996938e-17,0.05,lower
cec2014,30,300000,30,composition,composition,holm-bonferroni,ARRDE,MSC-CMA,51,51,457,0.82429834678969627,911.26062071308206,1271.6868858291928,1.6813269636586354e-08,8,3.3626539273172707e-08,0.05,lower
cec2014,30,300000,23,composition,composition,holm-bonferroni,BIPOP-CMA,MSC-CMA,51,51,75,0.9711649365628604,315.24410218556523,315.24410218556568,4.0256937840005785e-21,8,3.2205550272004628e-20,0.05,lower
cec2014,30,300000,24,composition,composition,holm-bonferroni,BIPOP-CMA,MSC-CMA,51,51,2496,0.040369088811995413,225.54544627273526,200.00730954931169,1.2667703311706643e-15,8,6.3338516558533217e-15,0.05,higher
cec2014,30,300000,25,composition,composition,holm-bonferroni,BIPOP-CMA,MSC-CMA,51,51,416,0.8400615148019992,202.61239314675004,202.91843469453215,3.2905744289843709e-09,8,9.8717232869531119e-09,0.05,lower
cec2014,30,300000,26,composition,composition,holm-bonferroni,BIPOP-CMA,MSC-CMA,51,51,31,0.98808150711264897,100.09530798106971,100.32248353750947,2.0129124775851485e-17,8,1.207747486551089e-16,0.05,lower
cec2014,30,300000,27,composition,composition,holm-bonferroni,BIPOP-CMA,MSC-CMA,51,51,1062,0.59169550173010377,346.31574238131134,347.79609530682728,0.11118658401297035,8,0.11118658401297035,0.05,not significant
cec2014,30,300000,28,composition,composition,holm-bonferroni,BIPOP-CMA,MSC-CMA,51,51,2127,0.18223760092272201,861.03046217144492,779.35568126672024,3.2357686243643684e-08,8,6.4715372487287368e-08,0.05,higher
cec2014,30,300000,29,composition,composition,holm-bonferroni,BIPOP-CMA,MSC-CMA,51,51,0,1,729.9206993209832,1112.8344739193062,3.3036815016661564e-18,8,2.3125770511663096e-17,0.05,lower
cec2014,30,300000,30,composition,composition,holm-bonferroni,BIPOP-CMA,MSC-CMA,51,51,2295,0.11764705882352944,2232.199770911805,1271.6868858291928,2.8805576322752453e-11,8,1.1522230529100981e-10,0.05,higher
cec2014,30,300000,23,composition,composition,holm-bonferroni,LSRTDE,MSC-CMA,51,51,1275,0.50980392156862742,315.24410218556568,315.24410218556568,0.32689257978151776,8,0.65378515956303551,0.05,not significant
cec2014,30,300000,24,composition,composition,holm-bonferroni,LSRTDE,MSC-CMA,51,51,816,0.68627450980392157,200.00001863889111,200.00730954931169,0.0011983592509121612,8,0.0035950777527364837,0.05,lower
cec2014,30,300000,25,composition,composition,holm-bonferroni,LSRTDE,MSC-CMA,51,51,63,0.97577854671280273,202.57564011836803,202.91843469453215,1.2390109615410227e-16,8,6.1950548077051132e-16,0.05,lower
cec2014,30,300000,26,composition,composition,holm-bonferroni,LSRTDE,MSC-CMA,51,51,0,1,100.09999063895657,100.32248353750947,3.3036815016661564e-18,8,2.6429452013329252e-17,0.05,lower
cec2014,30,300000,27,composition,composition,holm-bonferroni,LSRTDE,MSC-CMA,51,51,637,0.75509419454056137,300.00000000000045,347.79609530682728,6.2975115031804834e-06,8,2.5190046012721934e-05,0.05,lower
cec2014,30,300000,28,composition,composition,holm-bonferroni,LSRTDE,MSC-CMA,51,51,1232,0.52633602460592077,775.57622220887515,779.35568126672024,0.64902138956531807,8,0.65378515956303551,0.05,not significant
cec2014,30,300000,29,composition,composition,holm-bonferroni,LSRTDE,MSC-CMA,51,51,0,1,100.00000124175131,1112.8344739193062,3.3036815016661564e-18,8,2.6429452013329252e-17,0.05,lower
cec2014,30,300000,30,composition,composition,holm-bonferroni,LSRTDE,MSC-CMA,51,51,0,1,340.18520940888811,1271.6868858291928,3.3036815016661564e-18,8,2.6429452013329252e-17,0.05,lower
cec2014,30,300000,23,composition,composition,holm-bonferroni,NLSHADE-RSP,MSC-CMA,51,51,1793.5,0.31045751633986929,315.24410218556568,315.24410218556568,3.0680558600760075e-06,8,9.2041675802280234e-06,0.05,higher
cec2014,30,300000,24,composition,composition,holm-bonferroni,NLSHADE-RSP,MSC-CMA,51,51,2601,0,223.82042531057778,200.00730954931169,3.3036815016661564e-18,8,2.6429452013329252e-17,0.05,higher
cec2014,30,300000,25,composition,composition,holm-bonferroni,NLSHADE-RSP,MSC-CMA,51,51,2420,0.069588619761630111,204.77207922206662,202.91843469453215,6.9326617746501097e-14,8,3.466330887325055e-13,0.05,higher
cec2014,30,300000,26,composition,composition,holm-bonferroni,NLSHADE-RSP,MSC-CMA,51,51,305,0.88273740868896577,100.20386029968768,100.32248353750947,2.7524003184463709e-11,8,1.1009601273785484e-10,0.05,lower
cec2014,30,300000,27,composition,composition,holm-bonferroni,NLSHADE-RSP,MSC-CMA,51,51,2445,0.059976931949250245,401.18944094756762,347.79609530682728,1.9113241612720821e-14,8,1.1467944967632493e-13,0.05,higher
cec2014,30,300000,28,composition,composition,holm-bonferroni,NLSHADE-RSP,MSC-CMA,51,51,2565,0.01384083044982698,894.0517273985115,779.35568126672024,2.6833742570904794e-17,8,1.8783619799633356e-16,0.05,higher
cec2014,30,300000,29,composition,composition,holm-bonferroni,NLSHADE-RSP,MSC-CMA,51,51,836,0.67858515955401766,1053.2617134167203,1112.8344739193062,0.0019001144925742612,8,0.0038002289851485223,0.05,lower
cec2014,30,300000,30,composition,composition,holm-bonferroni,NLSHADE-RSP,MSC-CMA,51,51,1640,0.36947327950788156,1428.4741446050448,1271.6868858291928,0.023278800395417704,8,0.023278800395417704,0.05,higher
cec2014,30,300000,23,composition,composition,holm-bonferroni,j2020,MSC-CMA,51,51,2597,0.0015378700499807385,315.24410218556659,315.24410218556568,1.7048791701819527e-21,8,1.3639033361455622e-20,0.05,higher
cec2014,30,300000,24,composition,composition,holm-bonferroni,j2020,MSC-CMA,51,51,2601,0,224.52939888129822,200.00730954931169,3.3036815016661564e-18,8,2.3125770511663096e-17,0.05,higher
cec2014,30,300000,25,composition,composition,holm-bonferroni,j2020,MSC-CMA,51,51,2475,0.048442906574394429,204.56128221355902,202.91843469453215,3.9269495559019399e-15,8,2.3561697335411641e-14,0.05,higher
cec2014,30,300000,26,composition,composition,holm-bonferroni,j2020,MSC-CMA,51,51,1389,0.46597462514417531,100.33259836505067,100.32248353750947,0.55588928343596355,8,0.55588928343596355,0.05,not significant
cec2014,30,300000,27,composition,composition,holm-bonferroni,j2020,MSC-CMA,51,51,2014,0.22568242983467901,390.2594820762406,347.79609530682728,1.8249581028168794e-06,8,5.4748743084506379e-06,0.05,higher
cec2014,30,300000,28,composition,composition,holm-bonferroni,j2020,MSC-CMA,51,51,2000,0.23106497500961165,817.02934798506521,779.35568126672024,2.8940076732038511e-06,8,5.7880153464077022e-06,0.05,higher
cec2014,30,300000,29,composition,composition,holm-bonferroni,j2020,MSC-CMA,51,51,2425,0.06766628219915416,1439.0011610750316,1112.8344739193062,5.3696263330509342e-14,8,2.6848131665254672e-13,0.05,higher
cec2014,30,300000,30,composition,composition,holm-bonferroni,j2020,MSC-CMA,51,51,2317,0.1091887735486351,2017.0197852237234,1271.6868858291928,1.0477128132299314e-11,8,4.1908512529197257e-11,0.05,higher
cec2014,30,300000,23,composition,composition,holm-bonferroni,jSO,MSC-CMA,51,51,1275,0.50980392156862742,315.24410218556568,315.24410218556568,0.32689257978151776,8,0.65378515956303551,0.05,not significant
cec2014,30,300000,24,composition,composition,holm-bonferroni,jSO,MSC-CMA,51,51,1380,0.46943483275663211,200.00063581493896,200.00730954931169,0.59699700908945941,8,0.65378515956303551,0.05,not significant
cec2014,30,300000,25,composition,composition,holm-bonferroni,jSO,MSC-CMA,51,51,81,0.96885813148788924,202.57564011836803,202.91843469453215,3.359156679562827e-16,8,1.4677960498772507e-15,0.05,lower
cec2014,30,300000,26,composition,composition,holm-bonferroni,jSO,MSC-CMA,51,51,29,0.9888504421376394,100.13256562176684,100.32248353750947,1.7936922303834937e-17,8,1.0762153382300963e-16,0.05,lower
cec2014,30,300000,27,composition,composition,holm-bonferroni,jSO,MSC-CMA,51,51,98,0.96232218377547096,300,347.79609530682728,2.9355920997545013e-16,8,1.4677960498772507e-15,0.05,lower
cec2014,30,300000,28,composition,composition,holm-bonferroni,jSO,MSC-CMA,51,51,2356,0.094194540561322593,843.34099625335693,779.35568126672024,1.6553928267985652e-12,8,4.966178480395696e-12,0.05,higher
cec2014,30,300000,29,composition,composition,holm-bonferroni,jSO,MSC-CMA,51,51,0,1,148.8952158762022,1112.8344739193062,3.3036815016661564e-18,8,2.6429452013329252e-17,0.05,lower
cec2014,30,300000,30,composition,composition,holm-bonferroni,jSO,MSC-CMA,51,51,0,1,391.13952807181022,1271.6868858291928,3.3036815016661564e-18,8,2.6429452013329252e-17,0.05,lower
cec2014,30,1000000,1,basic,all,holm-bonferroni,ARRDE,MSC-CMA,51,51,2601,0,0,0,3.8179961342441288e-20,30,1.1453988402732387e-18,0.05,higher
cec2014,30,1000000,2,basic,all,holm-bonferroni,ARRDE,MSC-CMA,51,51,739.5,0.71568627450980393,0,0,1.3980672899815013e-07,30,9.786471029870509e-07,0.05,lower
cec2014,30,1000000,3,basic,all,holm-bonferroni,ARRDE,MSC-CMA,51,51,994.5,0.61764705882352944,0,0,0.00060301494328620655,30,0.0024120597731448262,0.05,lower
cec2014,30,1000000,4,basic,all,holm-bonferroni,ARRDE,MSC-CMA,51,51,970,0.62706651287966164,0,0,0.0083309572001376946,30,0.024992871600413084,0.05,lower
cec2014,30,1000000,5,basic,all,holm-bonferroni,ARRDE,MSC-CMA,51,51,423,0.83737024221453282,19.999998947161998,20.00762838711637,4.3709991766767622e-09,30,3.9338992590090859e-08,0.05,lower
cec2014,30,1000000,6,basic,all,holm-bonferroni,ARRDE,MSC-CMA,51,51,0,1,0,3.0525140119075331,3.8334797959434275e-20,30,1.1453988402732387e-18,0.05,lower
cec2014,30,1000000,7,basic,all,holm-bonferroni,ARRDE,MSC-CMA,51,51,747.5,0.71261053440984234,0,0,1.5513388352407756e-05,30,7.7566941762038778e-05,0.05,lower
cec2014,30,1000000,8,basic,all,holm-bonferroni,ARRDE,MSC-CMA,51,51,0,1,0,5.9697543425597814,8.0263784641167643e-19,30,2.1671221853115265e-17,0.05,lower
cec2014,30,1000000,9,basic,all,holm-bonferroni,ARRDE,MSC-CMA,51,51,1973,0.24144559784698194,3.9798362283731876,2.9848771712800044,5.6588786346468515e-06,30,3.3953271807881112e-05,0.05,higher
cec2014,30,1000000,10,basic,all,holm-bonferroni,ARRDE,MSC-CMA,51,51,0,1,0.020819246867176844,28.693516766054017,1.7335056785899483e-18,30,4.5071147643338653e-17,0.05,lower
cec2014,30,1000000,11,basic,all,holm-bonferroni,ARRDE,MSC-CMA,51,51,2601,0,1040.9382276038414,42.757244744514537,3.3036815016661564e-18,30,8.2592037541653907e-17,0.05,higher
cec2014,30,1000000,12,basic,all,holm-bonferroni,ARRDE,MSC-CMA,51,51,2262,0.13033448673587078,0.058501826633118981,0.023408438862816183,1.2619145230539655e-10,30,1.5142974276647587e-09,0.05,higher
cec2014,30,1000000,13,basic,all,holm-bonferroni,ARRDE,MSC-CMA,51,51,0,1,0.06189840610045394,0.28679467098595524,3.3036815016661564e-18,30,8.2592037541653907e-17,0.05,lower
cec2014,30,1000000,14,basic,all,holm-bonferroni,ARRDE,MSC-CMA,51,51,1,0.99961553248750479,0.18199463953237682,0.75042519413227637,3.5043165051200882e-18,30,8.2592037541653907e-17,0.05,lower
cec2014,30,1000000,15,basic,all,holm-bonferroni,ARRDE,MSC-CMA,51,51,52,0.98000768935024996,1.5202776111634648,3.0412071723303598,6.683376620571545e-17,30,1.1361740254971626e-15,0.05,lower
cec2014,30,1000000,16,basic,all,holm-bonferroni,ARRDE,MSC-CMA,51,51,0,1,7.3674563525446501,12.464132002324504,3.3036815016661564e-18,30,8.2592037541653907e-17,0.05,lower
cec2014,30,1000000,17,hybrid,all,holm-bonferroni,ARRDE,MSC-CMA,51,51,485,0.81353325643983077,52.616577587363736,220.56588893882645,4.9095228159385102e-08,30,3.9276182527508081e-07,0.05,lower
cec2014,30,1000000,18,hybrid,all,holm-bonferroni,ARRDE,MSC-CMA,51,51,149,0.94271434063821602,0.38842601700002888,2.2009877600428354,1.3259018424678072e-14,30,1.8562625794549301e-13,0.05,lower
cec2014,30,1000000,19,hybrid,all,holm-bonferroni,ARRDE,MSC-CMA,51,51,0,1,1.1336363072098266,5.6526770963150739,3.3036815016661564e-18,30,8.2592037541653907e-17,0.05,lower
cec2014,30,1000000,20,hybrid,all,holm-bonferroni,ARRDE,MSC-CMA,51,51,0,1,1.350738393452275,5.5613650824964225,3.3036815016661564e-18,30,8.2592037541653907e-17,0.05,lower
cec2014,30,1000000,21,hybrid,all,holm-bonferroni,ARRDE,MSC-CMA,51,51,152,0.94156093810073049,1.8468596711563805,26.194977519007807,1.5512910276569678e-14,30,2.016678335954058e-13,0.05,lower
cec2014,30,1000000,22,hybrid,all,holm-bonferroni,ARRDE,MSC-CMA,51,51,390,0.85005767012687428,21.05028365916678,22.524217407657034,1.1265447514064457e-09,30,1.2391992265470902e-08,0.05,lower
cec2014,30,1000000,23,composition,all,holm-bonferroni,ARRDE,MSC-CMA,51,51,1300.5,0.5,315.24410218556568,315.24410218556568,1,30,1,0.05,not significant
cec2014,30,1000000,24,composition,all,holm-bonferroni,ARRDE,MSC-CMA,51,51,2601,0,223.24702006472307,158.73775230765295,3.3036815016661564e-18,30,8.2592037541653907e-17,0.05,higher
cec2014,30,1000000,25,composition,all,holm-bonferroni,ARRDE,MSC-CMA,51,51,55,0.97885428681276432,202.54716388734096,202.73206758422293,7.5990006454387675e-17,30,1.2158401032702028e-15,0.05,lower
cec2014,30,1000000,26,composition,all,holm-bonferroni,ARRDE,MSC-CMA,51,51,0,1,100.06480215329202,100.26911599304913,3.3036815016661564e-18,30,8.2592037541653907e-17,0.05,lower
cec2014,30,1000000,27,composition,all,holm-bonferroni,ARRDE,MSC-CMA,51,51,0,1,300.00000000000045,308.16295310304895,8.9663174019125879e-20,30,2.5105688725355245e-18,0.05,lower
cec2014,30,1000000,28,composition,all,holm-bonferroni,ARRDE,MSC-CMA,51,51,1338,0.48558246828143026,747.07579812813583,744.05636906105292,0.80441948058245816,30,1,0.05,not significant
cec2014,30,1000000,29,composition,all,holm-bonferroni,ARRDE,MSC-CMA,51,51,103,0.96039984621299501,714.28301639218171,752.955873786746,1.1362162389644351e-15,30,1.7043243584466526e-14,0.05,lower
cec2014,30,1000000,30,composition,all,holm-bonferroni,ARRDE,MSC-CMA,51,51,405,0.84429065743944642,713.51430167311855,1077.4494473149844,2.0987578661946905e-09,30,2.0987578661946905e-08,0.05,lower
cec2014,30,1000000,1,basic,all,holm-bonferroni,BIPOP-CMA,MSC-CMA,51,51,76.5,0.97058823529411764,0,0,2.7653303420632676e-21,30,7.4663919235708219e-20,0.05,lower
cec2014,30,1000000,2,basic,all,holm-bonferroni,BIPOP-CMA,MSC-CMA,51,51,0,1,0,0,9.5660898901095712e-24,30,2.8698269670328714e-22,0.05,lower
cec2014,30,1000000,3,basic,all,holm-bonferroni,BIPOP-CMA,MSC-CMA,51,51,25.5,0.99019607843137258,0,0,6.7967230949423876e-23,30,1.9030824665838684e-21,0.05,lower
cec2014,30,1000000,4,basic,all,holm-bonferroni,BIPOP-CMA,MSC-CMA,51,51,51,0.98039215686274506,0,0,6.3554901819945805e-20,30,1.6524274473185909e-18,0.05,lower
cec2014,30,1000000,5,basic,all,holm-bonferroni,BIPOP-CMA,MSC-CMA,51,51,429,0.83506343713956177,19.999997135016201,20.00762838711637,5.5644323393399157e-09,30,5.5644323393399157e-08,0.05,lower
cec2014,30,1000000,6,basic,all,holm-bonferroni,BIPOP-CMA,MSC-CMA,51,51,76,0.97078046905036519,0,3.0525140119075331,2.1003982806192874e-16,30,3.7807169051147171e-15,0.05,lower
cec2014,30,1000000,7,basic,all,holm-bonferroni,BIPOP-CMA,MSC-CMA,51,51,153,0.94117647058823528,0,0,4.5515737958013549e-18,30,1.001346235076298e-16,0.05,lower
cec2014,30,1000000,8,basic,all,holm-bonferroni,BIPOP-CMA,MSC-CMA,51,51,1472,0.43406382160707424,5.9697543425597814,5.9697543425597814,0.25023441386741585,30,0.51939961532136281,0.05,not significant
cec2014,30,1000000,9,basic,all,holm-bonferroni,BIPOP-CMA,MSC-CMA,51,51,1009,0.61207227989234902,2.9848771712798907,2.9848771712800044,0.049272306001520508,30,0.29563383600912307,0.05,not significant
cec2014,30,1000000,10,basic,all,holm-bonferroni,BIPOP-CMA,MSC-CMA,51,51,1990,0.23490965013456366,35.885487268336874,28.693516766054017,4.0020598975718682e-06,30,3.2016479180574946e-05,0.05,higher
cec2014,30,1000000,11,basic,all,holm-bonferroni,BIPOP-CMA,MSC-CMA,51,51,1938,0.25490196078431371,244.02158379279535,42.757244744514537,2.014707614930746e-05,30,0.00014102953304515222,0.05,higher
cec2014,30,1000000,12,basic,all,holm-bonferroni,BIPOP-CMA,MSC-CMA,51,51,81,0.96885813148788924,0.0026048393999644759,0.023408438862816183,3.3946282067533207e-16,30,5.7708679514806448e-15,0.05,lower
cec2014,30,1000000,13,basic,all,holm-bonferroni,BIPOP-CMA,MSC-CMA,51,51,0,1,0.038511688483595208,0.28679467098595524,3.3036815016661564e-18,30,8.2592037541653907e-17,0.05,lower
cec2014,30,1000000,14,basic,all,holm-bonferroni,BIPOP-CMA,MSC-CMA,51,51,399,0.84659746251441748,0.36013055623425316,0.75042519413227637,1.638285352225196e-09,30,1.8021138874477156e-08,0.05,lower
cec2014,30,1000000,15,basic,all,holm-bonferroni,BIPOP-CMA,MSC-CMA,51,51,156,0.94002306805074975,1.9041683241409828,3.0412071723303598,1.9113241612720821e-14,30,2.8669862419081233e-13,0.05,lower
cec2014,30,1000000,16,basic,all,holm-bonferroni,BIPOP-CMA,MSC-CMA,51,51,17,0.99346405228758172,9.1714531294599055,12.464132002324504,8.9469060666723419e-18,30,1.7893812133344684e-16,0.05,lower
cec2014,30,1000000,17,hybrid,all,holm-bonferroni,BIPOP-CMA,MSC-CMA,51,51,1208,0.53556324490580542,157.46750617338648,220.56588893882645,0.53807334426691478,30,0.53807334426691478,0.05,not significant
cec2014,30,1000000,18,hybrid,all,holm-bonferroni,BIPOP-CMA,MSC-CMA,51,51,2588,0.0049980776624375389,70.945100568013686,2.2009877600428354,7.0854355339299241e-18,30,1.4879414621252841e-16,0.05,higher
cec2014,30,1000000,19,hybrid,all,holm-bonferroni,BIPOP-CMA,MSC-CMA,51,51,223,0.91426374471357175,4.0197561451072943,5.6526770963150739,5.6760538273943613e-13,30,7.3788699756126702e-12,0.05,lower
cec2014,30,1000000,20,hybrid,all,holm-bonferroni,BIPOP-CMA,MSC-CMA,51,51,1533,0.4106113033448674,5.9004153588036843,5.5613650824964225,0.1204928855838005,30,0.51939961532136281,0.05,not significant
cec2014,30,1000000,21,hybrid,all,holm-bonferroni,BIPOP-CMA,MSC-CMA,51,51,2429,0.066128412149173421,283.65656455922499,26.194977519007807,4.3735567654124152e-14,30,6.122979471577381e-13,0.05,higher
cec2014,30,1000000,22,hybrid,all,holm-bonferroni,BIPOP-CMA,MSC-CMA,51,51,1544,0.40638216070742017,22.73227772347127,22.524217407657034,0.10387992306427256,30,0.51939961532136281,0.05,not significant
cec2014,30,1000000,23,composition,all,holm-bonferroni,BIPOP-CMA,MSC-CMA,51,51,0,1,315.24410218556523,315.24410218556568,9.5660898901095712e-24,30,2.8698269670328714e-22,0.05,lower
cec2014,30,1000000,24,composition,all,holm-bonferroni,BIPOP-CMA,MSC-CMA,51,51,2601,0,200.00001504103921,158.73775230765295,3.3036815016661564e-18,30,8.2592037541653907e-17,0.05,higher
cec2014,30,1000000,25,composition,all,holm-bonferroni,BIPOP-CMA,MSC-CMA,51,51,46.5,0.98212226066897346,202.5478251591644,202.73206758422293,4.6314157681743061e-17,30,8.7996899595311818e-16,0.05,lower
cec2014,30,1000000,26,composition,all,holm-bonferroni,BIPOP-CMA,MSC-CMA,51,51,0,1,100.03796245752756,100.26911599304913,3.3036815016661564e-18,30,8.2592037541653907e-17,0.05,lower
cec2014,30,1000000,27,composition,all,holm-bonferroni,BIPOP-CMA,MSC-CMA,51,51,1095,0.57900807381776243,313.74782308919248,308.16295310304895,0.17003410538503794,30,0.51939961532136281,0.05,not significant
cec2014,30,1000000,28,composition,all,holm-bonferroni,BIPOP-CMA,MSC-CMA,51,51,2115,0.18685121107266434,819.33729430307494,744.05636906105292,5.0978377089219316e-08,30,4.5880539380297382e-07,0.05,higher
cec2014,30,1000000,29,composition,all,holm-bonferroni,BIPOP-CMA,MSC-CMA,51,51,100,0.96155324875048054,544.19770442940808,752.955873786746,9.6485453095138012e-16,30,1.5437672495222082e-14,0.05,lower
cec2014,30,1000000,30,composition,all,holm-bonferroni,BIPOP-CMA,MSC-CMA,51,51,2372,0.088043060361399417,1486.4737562071459,1077.4494473149844,7.6162701018722971e-13,30,9.1395241222467562e-12,0.05,higher
cec2014,30,1000000,1,basic,all,holm-bonferroni,LSRTDE,MSC-CMA,51,51,76.5,0.97058823529411764,0,0,2.7653303420632676e-21,30,7.7429249577771495e-20,0.05,lower
cec2014,30,1000000,2,basic,all,holm-bonferroni,LSRTDE,MSC-CMA,51,51,0,1,0,0,9.5660898901095712e-24,30,2.8698269670328714e-22,0.05,lower
cec2014,30,1000000,3,basic,all,holm-bonferroni,LSRTDE,MSC-CMA,51,51,25.5,0.99019607843137258,0,0,6.7967230949423876e-23,30,1.9710496975332925e-21,0.05,lower
cec2014,30,1000000,4,basic,all,holm-bonferroni,LSRTDE,MSC-CMA,51,51,51,0.98039215686274506,0,0,6.3554901819945805e-20,30,1.5888725454986451e-18,0.05,lower
cec2014,30,1000000,5,basic,all,holm-bonferroni,LSRTDE,MSC-CMA,51,51,2077,0.20146097654748174,20.898589325757484,20.00762838711637,2.0633159084351757e-07,30,1.2379895450611053e-06,0.05,higher
cec2014,30,1000000,6,basic,all,holm-bonferroni,LSRTDE,MSC-CMA,51,51,0,1,0,3.0525140119075331,1.3905886961424435e-20,30,3.7545894795845977e-19,0.05,lower
cec2014,30,1000000,7,basic,all,holm-bonferroni,LSRTDE,MSC-CMA,51,51,153,0.94117647058823528,0,0,4.5515737958013549e-18,30,7.7376754528623036e-17,0.05,lower
cec2014,30,1000000,8,basic,all,holm-bonferroni,LSRTDE,MSC-CMA,51,51,0,1,0,5.9697543425597814,1.253480902845391e-18,30,3.0083541668289382e-17,0.05,lower
cec2014,30,1000000,9,basic,all,holm-bonferroni,LSRTDE,MSC-CMA,51,51,112,0.95693963860053821,0.99495905709329691,2.9848771712800044,7.5360512883024512e-16,30,9.7968666747931859e-15,0.05,lower
cec2014,30,1000000,10,basic,all,holm-bonferroni,LSRTDE,MSC-CMA,51,51,92,0.96462898885044213,1.3882113296476746,28.693516766054017,6.1701372323785263e-16,30,8.6381921253299376e-15,0.05,lower
cec2014,30,1000000,11,basic,all,holm-bonferroni,LSRTDE,MSC-CMA,51,51,1245,0.52133794694348334,124.95501728164345,42.757244744514537,0.71279716033450957,30,1,0.05,not significant
cec2014,30,1000000,12,basic,all,holm-bonferroni,LSRTDE,MSC-CMA,51,51,2223,0.1453287197231834,0.65093679940196125,0.023408438862816183,6.7998563828792583e-10,30,6.1198707445913329e-09,0.05,higher
cec2014,30,1000000,13,basic,all,holm-bonferroni,LSRTDE,MSC-CMA,51,51,0,1,0.054068012729885595,0.28679467098595524,3.3036815016661564e-18,30,7.5951737954365555e-17,0.05,lower
cec2014,30,1000000,14,basic,all,holm-bonferroni,LSRTDE,MSC-CMA,51,51,189,0.9273356401384083,0.31137893038976472,0.75042519413227637,1.0409607303088785e-13,30,1.1450568033397665e-12,0.05,lower
cec2014,30,1000000,15,basic,all,holm-bonferroni,LSRTDE,MSC-CMA,51,51,463,0.8219915417147251,2.378269815616477,3.0412071723303598,2.1214208524985701e-08,30,1.6971366819988561e-07,0.05,lower
cec2014,30,1000000,16,basic,all,holm-bonferroni,LSRTDE,MSC-CMA,51,51,0,1,6.8167658904344535,12.464132002324504,3.3036815016661564e-18,30,7.5951737954365555e-17,0.05,lower
cec2014,30,1000000,17,hybrid,all,holm-bonferroni,LSRTDE,MSC-CMA,51,51,84,0.96770472895040371,6.9180309526500423,220.56588893882645,3.9984745874433153e-16,30,5.9977118811649731e-15,0.05,lower
cec2014,30,1000000,18,hybrid,all,holm-bonferroni,LSRTDE,MSC-CMA,51,51,497,0.80891964628988844,0.5,2.2009877600428354,4.5586912852730754e-08,30,3.1910838996911526e-07,0.05,lower
cec2014,30,1000000,19,hybrid,all,holm-bonferroni,LSRTDE,MSC-CMA,51,51,0,1,0.17773589811827151,5.6526770963150739,3.3036815016661564e-18,30,7.5951737954365555e-17,0.05,lower
cec2014,30,1000000,20,hybrid,all,holm-bonferroni,LSRTDE,MSC-CMA,51,51,0,1,1.1969932577212603,5.5613650824964225,3.3036815016661564e-18,30,7.5951737954365555e-17,0.05,lower
cec2014,30,1000000,21,hybrid,all,holm-bonferroni,LSRTDE,MSC-CMA,51,51,17,0.99346405228758172,0.83786738803701155,26.194977519007807,8.9393502519053275e-18,30,1.4302960403048524e-16,0.05,lower
cec2014,30,1000000,22,hybrid,all,holm-bonferroni,LSRTDE,MSC-CMA,51,51,874,0.66397539407920037,21.363334674560519,22.524217407657034,0.0043569179359012958,30,0.013070753807703887,0.05,lower
cec2014,30,1000000,23,composition,all,holm-bonferroni,LSRTDE,MSC-CMA,51,51,1300.5,0.5,315.24410218556568,315.24410218556568,1,30,1,0.05,not significant
cec2014,30,1000000,24,composition,all,holm-bonferroni,LSRTDE,MSC-CMA,51,51,1938,0.25490196078431371,200.00000000000182,158.73775230765295,1.9575238509761137e-05,30,9.7876192548805685e-05,0.05,higher
cec2014,30,1000000,25,composition,all,holm-bonferroni,LSRTDE,MSC-CMA,51,51,162,0.93771626297577859,202.55759846994033,202.73206758422293,2.5548960633622915e-14,30,3.0658752760347499e-13,0.05,lower
cec2014,30,1000000,26,composition,all,holm-bonferroni,LSRTDE,MSC-CMA,51,51,0,1,100.05392166214142,100.26911599304913,3.3036815016661564e-18,30,7.5951737954365555e-17,0.05,lower
cec2014,30,1000000,27,composition,all,holm-bonferroni,LSRTDE,MSC-CMA,51,51,408,0.84313725490196079,300,308.16295310304895,5.3520264716812018e-10,30,5.352026471681202e-09,0.05,lower
cec2014,30,1000000,28,composition,all,holm-bonferroni,LSRTDE,MSC-CMA,51,51,1796,0.30949634755863131,764.67626635895704,744.05636906105292,0.00092049972101819586,30,0.0036819988840727834,0.05,higher
cec2014,30,1000000,29,composition,all,holm-bonferroni,LSRTDE,MSC-CMA,51,51,0,1,100.00000000000045,752.955873786746,1.3905886961424435e-20,30,3.7545894795845977e-19,0.05,lower
cec2014,30,1000000,30,composition,all,holm-bonferroni,LSRTDE,MSC-CMA,51,51,0,1,342.23049376860536,1077.4494473149844,3.3022494762767633e-18,30,7.5951737954365555e-17,0.05,lower
cec2014,30,1000000,1,basic,all,holm-bonferroni,NLSHADE-RSP,MSC-CMA,51,51,2601,0,28596.554871391945,0,3.8334797959434275e-20,30,1.0733743428641596e-18,0.05,higher
cec2014,30,1000000,2,basic,all,holm-bonferroni,NLSHADE-RSP,MSC-CMA,51,51,484.5,0.81372549019607843,0,0,2.839163467137808e-10,30,2.8391634671378081e-09,0.05,lower
cec2014,30,1000000,3,basic,all,holm-bonferroni,NLSHADE-RSP,MSC-CMA,51,51,862.5,0.66839677047289503,0,0,0.00056190433738892767,30,0.0033714260243335658,0.05,lower
cec2014,30,1000000,4,basic,all,holm-bonferroni,NLSHADE-RSP,MSC-CMA,51,51,1530,0.41176470588235292,0.00036586289542128725,0,0.12101298786802341,30,0.36303896360407023,0.05,not significant
cec2014,30,1000000,5,basic,all,holm-bonferroni,NLSHADE-RSP,MSC-CMA,51,51,1484,0.42945021145713191,20.058366095837982,20.00762838711637,0.2206636085473761,30,0.36303896360407023,0.05,not significant
cec2014,30,1000000,6,basic,all,holm-bonferroni,NLSHADE-RSP,MSC-CMA,51,51,2540,0.023452518262206845,9.1283704858952888,3.0525140119075331,1.1111260531838554e-16,30,1.7778016850941686e-15,0.05,higher
cec2014,30,1000000,7,basic,all,holm-bonferroni,NLSHADE-RSP,MSC-CMA,51,51,235,0.90965013456362942,0,0,1.8589847221535426e-15,30,2.6025786110149597e-14,0.05,lower
cec2014,30,1000000,8,basic,all,holm-bonferroni,NLSHADE-RSP,MSC-CMA,51,51,0,1,0,5.9697543425597814,1.8487347571957838e-20,30,5.361330795867773e-19,0.05,lower
cec2014,30,1000000,9,basic,all,holm-bonferroni,NLSHADE-RSP,MSC-CMA,51,51,2601,0,42.209863520458953,2.9848771712800044,2.5152445780642463e-18,30,6.7911603607734653e-17,0.05,higher
cec2014,30,1000000,10,basic,all,holm-bonferroni,NLSHADE-RSP,MSC-CMA,51,51,0,1,0,28.693516766054017,1.3905886961424435e-20,30,4.1717660884273307e-19,0.05,lower
cec2014,30,1000000,11,basic,all,holm-bonferroni,NLSHADE-RSP,MSC-CMA,51,51,2601,0,1301.8275499368683,42.757244744514537,3.3036815016661564e-18,30,8.5895719043320062e-17,0.05,higher
cec2014,30,1000000,12,basic,all,holm-bonferroni,NLSHADE-RSP,MSC-CMA,51,51,2545,0.021530180699730894,0.10148623917416444,0.023408438862816183,8.3812099143636173e-17,30,1.4248056854418149e-15,0.05,higher
cec2014,30,1000000,13,basic,all,holm-bonferroni,NLSHADE-RSP,MSC-CMA,51,51,34,0.98692810457516345,0.15762830929929805,0.28679467098595524,2.3921935435486677e-17,30,4.3059483783876017e-16,0.05,lower
cec2014,30,1000000,14,basic,all,holm-bonferroni,NLSHADE-RSP,MSC-CMA,51,51,0,1,0.16044700889392516,0.75042519413227637,3.3036815016661564e-18,30,8.5895719043320062e-17,0.05,lower
cec2014,30,1000000,15,basic,all,holm-bonferroni,NLSHADE-RSP,MSC-CMA,51,51,1777,0.31680123029604002,3.7617124946161766,3.0412071723303598,0.0014438993306367827,30,0.0057755973225471309,0.05,higher
cec2014,30,1000000,16,basic,all,holm-bonferroni,NLSHADE-RSP,MSC-CMA,51,51,0,1,8.7077030990037656,12.464132002324504,3.3036815016661564e-18,30,8.5895719043320062e-17,0.05,lower
cec2014,30,1000000,17,hybrid,all,holm-bonferroni,NLSHADE-RSP,MSC-CMA,51,51,2591,0.0038446751249519018,1790.7979907715985,220.56588893882645,5.9454550836585812e-18,30,1.248545567568302e-16,0.05,higher
cec2014,30,1000000,18,hybrid,all,holm-bonferroni,NLSHADE-RSP,MSC-CMA,51,51,2597,0.0015378700499807385,18.739197758168302,2.2009877600428354,4.1812246147484963e-18,30,9.1986941524466921e-17,0.05,higher
cec2014,30,1000000,19,hybrid,all,holm-bonferroni,NLSHADE-RSP,MSC-CMA,51,51,201,0.92272202998846597,3.7650947324239041,5.6526770963150739,1.9051965569501811e-13,30,2.0957162126451994e-12,0.05,lower
cec2014,30,1000000,20,hybrid,all,holm-bonferroni,NLSHADE-RSP,MSC-CMA,51,51,2514,0.033448673587081923,15.57768905692069,5.5613650824964225,4.729381638995831e-16,30,7.0940724584937467e-15,0.05,higher
cec2014,30,1000000,21,hybrid,all,holm-bonferroni,NLSHADE-RSP,MSC-CMA,51,51,2571,0.011534025374855816,642.03652549062281,26.194977519007807,1.9001855510256677e-17,30,3.6103525469487685e-16,0.05,higher
cec2014,30,1000000,22,hybrid,all,holm-bonferroni,NLSHADE-RSP,MSC-CMA,51,51,2082,0.19953863898500579,139.59983251358153,22.524217407657034,1.7227837109351265e-07,30,1.3782269687481012e-06,0.05,higher
cec2014,30,1000000,23,composition,all,holm-bonferroni,NLSHADE-RSP,MSC-CMA,51,51,1351.5,0.48039215686274506,315.24410218556568,315.24410218556568,0.15934909996239133,30,0.36303896360407023,0.05,not significant
cec2014,30,1000000,24,composition,all,holm-bonferroni,NLSHADE-RSP,MSC-CMA,51,51,2601,0,223.2797625274743,158.73775230765295,3.3036815016661564e-18,30,8.5895719043320062e-17,0.05,higher
cec2014,30,1000000,25,composition,all,holm-bonferroni,NLSHADE-RSP,MSC-CMA,51,51,2487,0.043829296424452102,203.94035076651971,202.73206758422293,2.0621241962658489e-15,30,2.6807614551456035e-14,0.05,higher
cec2014,30,1000000,26,composition,all,holm-bonferroni,NLSHADE-RSP,MSC-CMA,51,51,426,0.8362168396770473,100.18698215551285,100.26911599304913,4.9327163165452533e-09,30,4.4394446848907283e-08,0.05,lower
cec2014,30,1000000,27,composition,all,holm-bonferroni,NLSHADE-RSP,MSC-CMA,51,51,2448,0.058823529411764719,400.75260917103969,308.16295310304895,1.6344900313973792e-14,30,1.9613880376768549e-13,0.05,higher
cec2014,30,1000000,28,composition,all,holm-bonferroni,NLSHADE-RSP,MSC-CMA,51,51,2582,0.0073048827374087022,869.50258308419416,744.05636906105292,1.0051035068862958e-17,30,2.0102070137725915e-16,0.05,higher
cec2014,30,1000000,29,composition,all,holm-bonferroni,NLSHADE-RSP,MSC-CMA,51,51,1787,0.312956555171088,818.45966556050917,752.955873786746,0.001143319114089499,30,0.0057165955704474945,0.05,higher
cec2014,30,1000000,30,composition,all,holm-bonferroni,NLSHADE-RSP,MSC-CMA,51,51,1912,0.26489811610918879,1229.7691200202262,1077.4494473149844,4.3278107008449954e-05,30,0.00030294674905914968,0.05,higher
cec2014,30,1000000,1,basic,all,holm-bonferroni,j2020,MSC-CMA,51,51,2601,0,28.239942317864774,0,3.8334797959434275e-20,30,1.0733743428641596e-18,0.05,higher
cec2014,30,1000000,2,basic,all,holm-bonferroni,j2020,MSC-CMA,51,51,2601,0,0,0,1.364488941065086e-20,30,4.0934668231952578e-19,0.05,higher
cec2014,30,1000000,3,basic,all,holm-bonferroni,j2020,MSC-CMA,51,51,2601,0,0,0,1.7428957285505275e-20,30,5.05439761279653e-19,0.05,higher
cec2014,30,1000000,4,basic,all,holm-bonferroni,j2020,MSC-CMA,51,51,1551,0.40369088811995391,0.8593509093608418,0,0.090507904140826656,30,0.27152371242247997,0.05,not significant
cec2014,30,1000000,5,basic,all,holm-bonferroni,j2020,MSC-CMA,51,51,1592,0.38792772010765086,20.272597269799348,20.00762838711637,0.051465497896845243,30,0.20586199158738097,0.05,not significant
cec2014,30,1000000,6,basic,all,holm-bonferroni,j2020,MSC-CMA,51,51,1131,0.56516724336793533,2.5758384353131305,3.0525140119075331,0.25801993574675519,30,0.3527974133682712,0.05,not significant
cec2014,30,1000000,7,basic,all,holm-bonferroni,j2020,MSC-CMA,51,51,2091,0.19607843137254899,0,0,5.7192886906678881e-08,30,4.5754309525343105e-07,0.05,higher
cec2014,30,1000000,8,basic,all,holm-bonferroni,j2020,MSC-CMA,51,51,0,1,0,5.9697543425597814,2.3585973018766326e-18,30,6.1323529848792445e-17,0.05,lower
cec2014,30,1000000,9,basic,all,holm-bonferroni,j2020,MSC-CMA,51,51,2601,0,43.2921658818982,2.9848771712800044,2.5152445780642463e-18,30,6.2881114451606154e-17,0.05,higher
cec2014,30,1000000,10,basic,all,holm-bonferroni,j2020,MSC-CMA,51,51,0,1,0,28.693516766054017,1.0582596622325479e-18,30,2.8573010880278792e-17,0.05,lower
cec2014,30,1000000,11,basic,all,holm-bonferroni,j2020,MSC-CMA,51,51,2601,0,2319.7196758375285,42.757244744514537,3.3036815016661564e-18,30,7.9288356039987752e-17,0.05,higher
cec2014,30,1000000,12,basic,all,holm-bonferroni,j2020,MSC-CMA,51,51,2601,0,0.32695408823997241,0.023408438862816183,3.3036815016661564e-18,30,7.9288356039987752e-17,0.05,higher
cec2014,30,1000000,13,basic,all,holm-bonferroni,j2020,MSC-CMA,51,51,685,0.73663975394079206,0.2380349449890673,0.28679467098595524,3.8547920465554169e-05,30,0.00026983544325887921,0.05,lower
cec2014,30,1000000,14,basic,all,holm-bonferroni,j2020,MSC-CMA,51,51,7,0.99730872741253362,0.23705962880944753,0.75042519413227637,4.9869010925086024e-18,30,8.9764219665154845e-17,0.05,lower
cec2014,30,1000000,15,basic,all,holm-bonferroni,j2020,MSC-CMA,51,51,2580,0.008073817762399127,6.6284592960842019,3.0412071723303598,1.1289426161559856e-17,30,1.8063081858495769e-16,0.05,higher
cec2014,30,1000000,16,basic,all,holm-bonferroni,j2020,MSC-CMA,51,51,0,1,9.669848028955812,12.464132002324504,3.3036815016661564e-18,30,7.9288356039987752e-17,0.05,lower
cec2014,30,1000000,17,hybrid,all,holm-bonferroni,j2020,MSC-CMA,51,51,2586,0.0057670126874279637,1023.0831846359879,220.56588893882645,7.9626592822660999e-18,30,1.353652077985237e-16,0.05,higher
cec2014,30,1000000,18,hybrid,all,holm-bonferroni,j2020,MSC-CMA,51,51,2601,0,36.348730006251344,2.2009877600428354,3.3036815016661564e-18,30,7.9288356039987752e-17,0.05,higher
cec2014,30,1000000,19,hybrid,all,holm-bonferroni,j2020,MSC-CMA,51,51,779,0.70049980776624376,5.081320727875891,5.6526770963150739,0.00048865307660533289,30,0.0029319184596319973,0.05,lower
cec2014,30,1000000,20,hybrid,all,holm-bonferroni,j2020,MSC-CMA,51,51,2601,0,16.176177303995701,5.5613650824964225,3.3036815016661564e-18,30,7.9288356039987752e-17,0.05,higher
cec2014,30,1000000,21,hybrid,all,holm-bonferroni,j2020,MSC-CMA,51,51,2578,0.0088427527873894407,499.05833465972228,26.194977519007807,1.2678156778928414e-17,30,1.9017235168392622e-16,0.05,higher
cec2014,30,1000000,22,hybrid,all,holm-bonferroni,j2020,MSC-CMA,51,51,2552,0.018838908112264519,59.725113635949128,22.524217407657034,5.6371721071795437e-17,30,7.8920409500513611e-16,0.05,higher
cec2014,30,1000000,23,composition,all,holm-bonferroni,j2020,MSC-CMA,51,51,2397,0.078431372549019662,315.24410218556613,315.24410218556568,1.3894814327481739e-16,30,1.806325862572626e-15,0.05,higher
cec2014,30,1000000,24,composition,all,holm-bonferroni,j2020,MSC-CMA,51,51,2601,0,223.70827209752633,158.73775230765295,3.3036815016661564e-18,30,7.9288356039987752e-17,0.05,higher
cec2014,30,1000000,25,composition,all,holm-bonferroni,j2020,MSC-CMA,51,51,2392,0.080353710111495613,203.41706205453238,202.73206758422293,2.8406197651360161e-13,30,3.4087437181632194e-12,0.05,higher
cec2014,30,1000000,26,composition,all,holm-bonferroni,j2020,MSC-CMA,51,51,1098,0.57785467128027679,100.25788961113858,100.26911599304913,0.1763987066841356,30,0.3527974133682712,0.05,not significant
cec2014,30,1000000,27,composition,all,holm-bonferroni,j2020,MSC-CMA,51,51,2143,0.17608612072279894,366.58791249914884,308.16295310304895,1.7443962915614242e-08,30,1.5699566624052818e-07,0.05,higher
cec2014,30,1000000,28,composition,all,holm-bonferroni,j2020,MSC-CMA,51,51,2155,0.17147251057285662,795.37299768819958,744.05636906105292,1.0933556962944173e-08,30,1.0933556962944173e-07,0.05,higher
cec2014,30,1000000,29,composition,all,holm-bonferroni,j2020,MSC-CMA,51,51,1760,0.32333717800845829,813.29940168437406,752.955873786746,0.0021266344256505821,30,0.010633172128252912,0.05,higher
cec2014,30,1000000,30,composition,all,holm-bonferroni,j2020,MSC-CMA,51,51,2236,0.14033064206074586,1295.1680840164108,1077.4494473149844,3.9074312779517321e-10,30,4.2981744057469051e-09,0.05,higher
cec2014,30,1000000,1,basic,all,holm-bonferroni,jSO,MSC-CMA,51,51,76.5,0.97058823529411764,0,0,2.7653303420632676e-21,30,7.7429249577771495e-20,0.05,lower
cec2014,30,1000000,2,basic,all,holm-bonferroni,jSO,MSC-CMA,51,51,0,1,0,0,9.5660898901095712e-24,30,2.8698269670328714e-22,0.05,lower
cec2014,30,1000000,3,basic,all,holm-bonferroni,jSO,MSC-CMA,51,51,25.5,0.99019607843137258,0,0,6.7967230949423876e-23,30,1.9710496975332925e-21,0.05,lower
cec2014,30,1000000,4,basic,all,holm-bonferroni,jSO,MSC-CMA,51,51,51,0.98039215686274506,0,0,6.3554901819945805e-20,30,1.6524274473185909e-18,0.05,lower
cec2014,30,1000000,5,basic,all,holm-bonferroni,jSO,MSC-CMA,51,51,1556,0.40176855055747784,20.052267840207946,20.00762838711637,0.0878889164381539,30,0.26366674931446171,0.05,not significant
cec2014,30,1000000,6,basic,all,holm-bonferroni,jSO,MSC-CMA,51,51,0,1,0,3.0525140119075331,1.3905886961424435e-20,30,3.7545894795845977e-19,0.05,lower
cec2014,30,1000000,7,basic,all,holm-bonferroni,jSO,MSC-CMA,51,51,153,0.94117647058823528,0,0,4.5515737958013549e-18,30,6.9377311534989286e-17,0.05,lower
cec2014,30,1000000,8,basic,all,holm-bonferroni,jSO,MSC-CMA,51,51,0,1,0,5.9697543425597814,4.6683763717512217e-19,30,1.1204103292202933e-17,0.05,lower
cec2014,30,1000000,9,basic,all,holm-bonferroni,jSO,MSC-CMA,51,51,2601,0,8.9546315138402406,2.9848771712800044,2.438947026583193e-18,30,5.3656834584830249e-17,0.05,higher
cec2014,30,1000000,10,basic,all,holm-bonferroni,jSO,MSC-CMA,51,51,0,1,0,28.693516766054017,9.0246056261233678e-20,30,2.2561514065308421e-18,0.05,lower
cec2014,30,1000000,11,basic,all,holm-bonferroni,jSO,MSC-CMA,51,51,2601,0,1117.4913612582641,42.757244744514537,3.3036815016661564e-18,30,6.9377311534989286e-17,0.05,higher
cec2014,30,1000000,12,basic,all,holm-bonferroni,jSO,MSC-CMA,51,51,2524,0.02960399846212991,0.091993722925280963,0.023408438862816183,2.7189450995250805e-16,30,2.7189450995250803e-15,0.05,higher
cec2014,30,1000000,13,basic,all,holm-bonferroni,jSO,MSC-CMA,51,51,0,1,0.11265724809868516,0.28679467098595524,3.3036815016661564e-18,30,6.9377311534989286e-17,0.05,lower
cec2014,30,1000000,14,basic,all,holm-bonferroni,jSO,MSC-CMA,51,51,0,1,0.17515032674168651,0.75042519413227637,3.3036815016661564e-18,30,6.9377311534989286e-17,0.05,lower
cec2014,30,1000000,15,basic,all,holm-bonferroni,jSO,MSC-CMA,51,51,61,0.97654748173779315,1.560208770380541,3.0412071723303598,1.1111260531838554e-16,30,1.2222386585022408e-15,0.05,lower
cec2014,30,1000000,16,basic,all,holm-bonferroni,jSO,MSC-CMA,51,51,0,1,7.9666087926352702,12.464132002324504,3.3036815016661564e-18,30,6.9377311534989286e-17,0.05,lower
cec2014,30,1000000,17,hybrid,all,holm-bonferroni,jSO,MSC-CMA,51,51,500,0.80776624375240291,56.135049711865577,220.56588893882645,8.5951986714582435e-08,30,6.0166390700207707e-07,0.05,lower
cec2014,30,1000000,18,hybrid,all,holm-bonferroni,jSO,MSC-CMA,51,51,1048,0.59707804690503652,2.172908658039205,2.2009877600428354,0.091687555878285865,30,0.26366674931446171,0.05,not significant
cec2014,30,1000000,19,hybrid,all,holm-bonferroni,jSO,MSC-CMA,51,51,0,1,1.2749432684986459,5.6526770963150739,3.3036815016661564e-18,30,6.9377311534989286e-17,0.05,lower
cec2014,30,1000000,20,hybrid,all,holm-bonferroni,jSO,MSC-CMA,51,51,15,0.99423298731257204,2.2635317521408069,5.5613650824964225,7.9626592822660999e-18,30,1.035145706694593e-16,0.05,lower
cec2014,30,1000000,21,hybrid,all,holm-bonferroni,jSO,MSC-CMA,51,51,536,0.79392541330257593,7.2425066542618879,26.194977519007807,3.1669897194517516e-07,30,1.9001938316710511e-06,0.05,lower
cec2014,30,1000000,22,hybrid,all,holm-bonferroni,jSO,MSC-CMA,51,51,1011,0.61130334486735871,21.676324810724054,22.524217407657034,0.053089473826264819,30,0.21235789530505927,0.05,not significant
cec2014,30,1000000,23,composition,all,holm-bonferroni,jSO,MSC-CMA,51,51,1300.5,0.5,315.24410218556568,315.24410218556568,1,30,1,0.05,not significant
cec2014,30,1000000,24,composition,all,holm-bonferroni,jSO,MSC-CMA,51,51,2055,0.20991926182237597,200.00000000000546,158.73775230765295,4.4675957939419205e-07,30,2.2337978969709603e-06,0.05,higher
cec2014,30,1000000,25,composition,all,holm-bonferroni,jSO,MSC-CMA,51,51,143,0.94502114571318718,202.54925302938136,202.73206758422293,9.032083320132389e-15,30,8.12887498811915e-14,0.05,lower
cec2014,30,1000000,26,composition,all,holm-bonferroni,jSO,MSC-CMA,51,51,3,0.99884659746251436,100.10244474481442,100.26911599304913,3.9423573447196093e-18,30,6.9377311534989286e-17,0.05,lower
cec2014,30,1000000,27,composition,all,holm-bonferroni,jSO,MSC-CMA,51,51,204,0.92156862745098045,300,308.16295310304895,3.787211001065657e-14,30,3.0297688008525256e-13,0.05,lower
cec2014,30,1000000,28,composition,all,holm-bonferroni,jSO,MSC-CMA,51,51,2554,0.018069973087274094,825.97524292796334,744.05636906105292,5.0292180064948153e-17,30,6.0350616077937783e-16,0.05,higher
cec2014,30,1000000,29,composition,all,holm-bonferroni,jSO,MSC-CMA,51,51,0,1,100.00000000000045,752.955873786746,7.5716057167488027e-19,30,1.7414693148522247e-17,0.05,lower
cec2014,30,1000000,30,composition,all,holm-bonferroni,jSO,MSC-CMA,51,51,0,1,378.38165216508332,1077.4494473149844,3.3036815016661564e-18,30,6.9377311534989286e-17,0.05,lower
cec2014,30,1000000,23,composition,composition,holm-bonferroni,ARRDE,MSC-CMA,51,51,1300.5,0.5,315.24410218556568,315.24410218556568,1,8,1,0.05,not significant
cec2014,30,1000000,24,composition,composition,holm-bonferroni,ARRDE,MSC-CMA,51,51,2601,0,223.24702006472307,158.73775230765295,3.3036815016661564e-18,8,2.3125770511663096e-17,0.05,higher
cec2014,30,1000000,25,composition,composition,holm-bonferroni,ARRDE,MSC-CMA,51,51,55,0.97885428681276432,202.54716388734096,202.73206758422293,7.5990006454387675e-17,8,3.7995003227193837e-16,0.05,lower
cec2014,30,1000000,26,composition,composition,holm-bonferroni,ARRDE,MSC-CMA,51,51,0,1,100.06480215329202,100.26911599304913,3.3036815016661564e-18,8,2.3125770511663096e-17,0.05,lower
cec2014,30,1000000,27,composition,composition,holm-bonferroni,ARRDE,MSC-CMA,51,51,0,1,300.00000000000045,308.16295310304895,8.9663174019125879e-20,8,7.1730539215300703e-19,0.05,lower
cec2014,30,1000000,28,composition,composition,holm-bonferroni,ARRDE,MSC-CMA,51,51,1338,0.48558246828143026,747.07579812813583,744.05636906105292,0.80441948058245816,8,1,0.05,not significant
cec2014,30,1000000,29,composition,composition,holm-bonferroni,ARRDE,MSC-CMA,51,51,103,0.96039984621299501,714.28301639218171,752.955873786746,1.1362162389644351e-15,8,4.5448649558577404e-15,0.05,lower
cec2014,30,1000000,30,composition,composition,holm-bonferroni,ARRDE,MSC-CMA,51,51,405,0.84429065743944642,713.51430167311855,1077.4494473149844,2.0987578661946905e-09,8,6.2962735985840721e-09,0.05,lower
cec2014,30,1000000,23,composition,composition,holm-bonferroni,BIPOP-CMA,MSC-CMA,51,51,0,1,315.24410218556523,315.24410218556568,9.5660898901095712e-24,8,7.6528719120876569e-23,0.05,lower
cec2014,30,1000000,24,composition,composition,holm-bonferroni,BIPOP-CMA,MSC-CMA,51,51,2601,0,200.00001504103921,158.73775230765295,3.3036815016661564e-18,8,2.3125770511663096e-17,0.05,higher
cec2014,30,1000000,25,composition,composition,holm-bonferroni,BIPOP-CMA,MSC-CMA,51,51,46.5,0.98212226066897346,202.5478251591644,202.73206758422293,4.6314157681743061e-17,8,2.3157078840871529e-16,0.05,lower
cec2014,30,1000000,26,composition,composition,holm-bonferroni,BIPOP-CMA,MSC-CMA,51,51,0,1,100.03796245752756,100.26911599304913,3.3036815016661564e-18,8,2.3125770511663096e-17,0.05,lower
cec2014,30,1000000,27,composition,composition,holm-bonferroni,BIPOP-CMA,MSC-CMA,51,51,1095,0.57900807381776243,313.74782308919248,308.16295310304895,0.17003410538503794,8,0.17003410538503794,0.05,not significant
cec2014,30,1000000,28,composition,composition,holm-bonferroni,BIPOP-CMA,MSC-CMA,51,51,2115,0.18685121107266434,819.33729430307494,744.05636906105292,5.0978377089219316e-08,8,1.0195675417843863e-07,0.05,higher
cec2014,30,1000000,29,composition,composition,holm-bonferroni,BIPOP-CMA,MSC-CMA,51,51,100,0.96155324875048054,544.19770442940808,752.955873786746,9.6485453095138012e-16,8,3.8594181238055205e-15,0.05,lower
cec2014,30,1000000,30,composition,composition,holm-bonferroni,BIPOP-CMA,MSC-CMA,51,51,2372,0.088043060361399417,1486.4737562071459,1077.4494473149844,7.6162701018722971e-13,8,2.284881030561689e-12,0.05,higher
cec2014,30,1000000,23,composition,composition,holm-bonferroni,LSRTDE,MSC-CMA,51,51,1300.5,0.5,315.24410218556568,315.24410218556568,1,8,1,0.05,not significant
cec2014,30,1000000,24,composition,composition,holm-bonferroni,LSRTDE,MSC-CMA,51,51,1938,0.25490196078431371,200.00000000000182,158.73775230765295,1.9575238509761137e-05,8,5.8725715529283411e-05,0.05,higher
cec2014,30,1000000,25,composition,composition,holm-bonferroni,LSRTDE,MSC-CMA,51,51,162,0.93771626297577859,202.55759846994033,202.73206758422293,2.5548960633622915e-14,8,1.2774480316811458e-13,0.05,lower
cec2014,30,1000000,26,composition,composition,holm-bonferroni,LSRTDE,MSC-CMA,51,51,0,1,100.05392166214142,100.26911599304913,3.3036815016661564e-18,8,2.3115746333937344e-17,0.05,lower
cec2014,30,1000000,27,composition,composition,holm-bonferroni,LSRTDE,MSC-CMA,51,51,408,0.84313725490196079,300,308.16295310304895,5.3520264716812018e-10,8,2.1408105886724807e-09,0.05,lower
cec2014,30,1000000,28,composition,composition,holm-bonferroni,LSRTDE,MSC-CMA,51,51,1796,0.30949634755863131,764.67626635895704,744.05636906105292,0.00092049972101819586,8,0.0018409994420363917,0.05,higher
cec2014,30,1000000,29,composition,composition,holm-bonferroni,LSRTDE,MSC-CMA,51,51,0,1,100.00000000000045,752.955873786746,1.3905886961424435e-20,8,1.1124709569139548e-19,0.05,lower
cec2014,30,1000000,30,composition,composition,holm-bonferroni,LSRTDE,MSC-CMA,51,51,0,1,342.23049376860536,1077.4494473149844,3.3022494762767633e-18,8,2.3115746333937344e-17,0.05,lower
cec2014,30,1000000,23,composition,composition,holm-bonferroni,NLSHADE-RSP,MSC-CMA,51,51,1351.5,0.48039215686274506,315.24410218556568,315.24410218556568,0.15934909996239133,8,0.15934909996239133,0.05,not significant
cec2014,30,1000000,24,composition,composition,holm-bonferroni,NLSHADE-RSP,MSC-CMA,51,51,2601,0,223.2797625274743,158.73775230765295,3.3036815016661564e-18,8,2.6429452013329252e-17,0.05,higher
cec2014,30,1000000,25,composition,composition,holm-bonferroni,NLSHADE-RSP,MSC-CMA,51,51,2487,0.043829296424452102,203.94035076651971,202.73206758422293,2.0621241962658489e-15,8,1.2372745177595094e-14,0.05,higher
cec2014,30,1000000,26,composition,composition,holm-bonferroni,NLSHADE-RSP,MSC-CMA,51,51,426,0.8362168396770473,100.18698215551285,100.26911599304913,4.9327163165452533e-09,8,1.9730865266181013e-08,0.05,lower
cec2014,30,1000000,27,composition,composition,holm-bonferroni,NLSHADE-RSP,MSC-CMA,51,51,2448,0.058823529411764719,400.75260917103969,308.16295310304895,1.6344900313973792e-14,8,8.1724501569868961e-14,0.05,higher
cec2014,30,1000000,28,composition,composition,holm-bonferroni,NLSHADE-RSP,MSC-CMA,51,51,2582,0.0073048827374087022,869.50258308419416,744.05636906105292,1.0051035068862958e-17,8,7.0357245482040705e-17,0.05,higher
cec2014,30,1000000,29,composition,composition,holm-bonferroni,NLSHADE-RSP,MSC-CMA,51,51,1787,0.312956555171088,818.45966556050917,752.955873786746,0.001143319114089499,8,0.002286638228178998,0.05,higher
cec2014,30,1000000,30,composition,composition,holm-bonferroni,NLSHADE-RSP,MSC-CMA,51,51,1912,0.26489811610918879,1229.7691200202262,1077.4494473149844,4.3278107008449954e-05,8,0.00012983432102534986,0.05,higher
cec2014,30,1000000,23,composition,composition,holm-bonferroni,j2020,MSC-CMA,51,51,2397,0.078431372549019662,315.24410218556613,315.24410218556568,1.3894814327481739e-16,8,9.7263700292372176e-16,0.05,higher
cec2014,30,1000000,24,composition,composition,holm-bonferroni,j2020,MSC-CMA,51,51,2601,0,223.70827209752633,158.73775230765295,3.3036815016661564e-18,8,2.6429452013329252e-17,0.05,higher
cec2014,30,1000000,25,composition,composition,holm-bonferroni,j2020,MSC-CMA,51,51,2392,0.080353710111495613,203.41706205453238,202.73206758422293,2.8406197651360161e-13,8,1.7043718590816097e-12,0.05,higher
cec2014,30,1000000,26,composition,composition,holm-bonferroni,j2020,MSC-CMA,51,51,1098,0.57785467128027679,100.25788961113858,100.26911599304913,0.1763987066841356,8,0.1763987066841356,0.05,not significant
cec2014,30,1000000,27,composition,composition,holm-bonferroni,j2020,MSC-CMA,51,51,2143,0.17608612072279894,366.58791249914884,308.16295310304895,1.7443962915614242e-08,8,5.2331888746842726e-08,0.05,higher
cec2014,30,1000000,28,composition,composition,holm-bonferroni,j2020,MSC-CMA,51,51,2155,0.17147251057285662,795.37299768819958,744.05636906105292,1.0933556962944173e-08,8,4.3734227851776692e-08,0.05,higher
cec2014,30,1000000,29,composition,composition,holm-bonferroni,j2020,MSC-CMA,51,51,1760,0.32333717800845829,813.29940168437406,752.955873786746,0.0021266344256505821,8,0.0042532688513011643,0.05,higher
cec2014,30,1000000,30,composition,composition,holm-bonferroni,j2020,MSC-CMA,51,51,2236,0.14033064206074586,1295.1680840164108,1077.4494473149844,3.9074312779517321e-10,8,1.9537156389758662e-09,0.05,higher
cec2014,30,1000000,23,composition,composition,holm-bonferroni,jSO,MSC-CMA,51,51,1300.5,0.5,315.24410218556568,315.24410218556568,1,8,1,0.05,not significant
cec2014,30,1000000,24,composition,composition,holm-bonferroni,jSO,MSC-CMA,51,51,2055,0.20991926182237597,200.00000000000546,158.73775230765295,4.4675957939419205e-07,8,8.9351915878838411e-07,0.05,higher
cec2014,30,1000000,25,composition,composition,holm-bonferroni,jSO,MSC-CMA,51,51,143,0.94502114571318718,202.54925302938136,202.73206758422293,9.032083320132389e-15,8,3.6128333280529556e-14,0.05,lower
cec2014,30,1000000,26,composition,composition,holm-bonferroni,jSO,MSC-CMA,51,51,3,0.99884659746251436,100.10244474481442,100.26911599304913,3.9423573447196093e-18,8,2.3654144068317657e-17,0.05,lower
cec2014,30,1000000,27,composition,composition,holm-bonferroni,jSO,MSC-CMA,51,51,204,0.92156862745098045,300,308.16295310304895,3.787211001065657e-14,8,1.1361633003196971e-13,0.05,lower
cec2014,30,1000000,28,composition,composition,holm-bonferroni,jSO,MSC-CMA,51,51,2554,0.018069973087274094,825.97524292796334,744.05636906105292,5.0292180064948153e-17,8,2.5146090032474079e-16,0.05,higher
cec2014,30,1000000,29,composition,composition,holm-bonferroni,jSO,MSC-CMA,51,51,0,1,100.00000000000045,752.955873786746,7.5716057167488027e-19,8,6.0572845733990421e-18,0.05,lower
cec2014,30,1000000,30,composition,composition,holm-bonferroni,jSO,MSC-CMA,51,51,0,1,378.38165216508332,1077.4494473149844,3.3036815016661564e-18,8,2.3125770511663096e-17,0.05,lower
cec2017,10,100000,1,basic,all,holm-bonferroni,ARRDE,MSC-CMA,51,51,46.5,0.98212226066897346,0,2.3741932864140836e-08,2.4738405993425859e-17,29,6.4319855582907234e-16,0.05,lower
cec2017,10,100000,3,basic,all,holm-bonferroni,ARRDE,MSC-CMA,51,51,1895.5,0.27124183006535951,0,0,8.428249258042437e-06,29,0.00010113899109650924,0.05,higher
cec2017,10,100000,4,basic,all,holm-bonferroni,ARRDE,MSC-CMA,51,51,1934.5,0.2562475970780469,0,0,1.4986268054580279e-05,29,0.00016484894860038308,0.05,higher
cec2017,10,100000,5,basic,all,holm-bonferroni,ARRDE,MSC-CMA,51,51,1448.5,0.44309880815071123,1.9899181141865938,1.9899181141865938,0.31607517218510639,29,0.8235976085526957,0.05,not significant
cec2017,10,100000,6,basic,all,holm-bonferroni,ARRDE,MSC-CMA,51,51,0,1,0,0.0054526571231008347,3.2730223337664137e-18,29,9.1644625345459584e-17,0.05,lower
cec2017,10,100000,7,basic,all,holm-bonferroni,ARRDE,MSC-CMA,51,51,2144.5,0.17550941945405618,12.341920910405747,11.255435098558905,1.6487946383816643e-08,29,2.3083124937343299e-07,0.05,higher
cec2017,10,100000,8,basic,all,holm-bonferroni,ARRDE,MSC-CMA,51,51,2104.5,0.1908881199538639,1.9899181141865938,0.99495905709329691,5.0419722225771571e-08,29,6.5545638893503045e-07,0.05,higher
cec2017,10,100000,9,basic,all,holm-bonferroni,ARRDE,MSC-CMA,51,51,1050,0.59630911188004609,0,0,0.068055509260911487,29,0.40833305556546895,0.05,not significant
cec2017,10,100000,10,basic,all,holm-bonferroni,ARRDE,MSC-CMA,51,51,1514,0.4179161860822761,26.824193282057422,18.534537672567239,0.15397945069516675,29,0.76989725347583371,0.05,not significant
cec2017,10,100000,11,hybrid,all,holm-bonferroni,ARRDE,MSC-CMA,51,51,818.5,0.6853133410226836,0,0,0.00083266257974209175,29,0.0074939632176788257,0.05,lower
cec2017,10,100000,12,hybrid,all,holm-bonferroni,ARRDE,MSC-CMA,51,51,377,0.85505574778931182,0.41628596929240302,129.6114397674753,6.5157047938602718e-10,29,9.9647043977526697e-09,0.05,lower
cec2017,10,100000,13,hybrid,all,holm-bonferroni,ARRDE,MSC-CMA,51,51,376,0.85544021530180703,4.8371369155954653,6.525558370929275,6.2279402485954186e-10,29,9.9647043977526697e-09,0.05,lower
cec2017,10,100000,14,hybrid,all,holm-bonferroni,ARRDE,MSC-CMA,51,51,215,0.91733948481353322,0,0.99572440905853909,2.0055778791293614e-13,29,3.8105979703457863e-12,0.05,lower
cec2017,10,100000,15,hybrid,all,holm-bonferroni,ARRDE,MSC-CMA,51,51,9,0.9965397923875432,0.15004373332044452,1.6389835030211088,5.6072880249935254e-18,29,1.5139677667482518e-16,0.05,lower
cec2017,10,100000,16,hybrid,all,holm-bonferroni,ARRDE,MSC-CMA,51,51,40,0.98462129950019228,0.51932648760339362,1.85164876491217,3.3745875654981136e-17,29,8.4364689137452838e-16,0.05,lower
cec2017,10,100000,17,hybrid,all,holm-bonferroni,ARRDE,MSC-CMA,51,51,138,0.94694348327566324,1.3268616571967868,21.36945826367446,7.421776673837239e-15,29,1.5585731015058201e-13,0.05,lower
cec2017,10,100000,18,hybrid,all,holm-bonferroni,ARRDE,MSC-CMA,51,51,74,0.97154940407535562,0.28358373984815444,20.590704395655848,2.3009392642233735e-16,29,5.5222542341360965e-15,0.05,lower
cec2017,10,100000,19,hybrid,all,holm-bonferroni,ARRDE,MSC-CMA,51,51,0,1,0.019431819755254764,2.4489783865108166,3.0492046489191095e-18,29,8.8426934818654176e-17,0.05,lower
cec2017,10,100000,20,hybrid,all,holm-bonferroni,ARRDE,MSC-CMA,51,51,131,0.94963475586312951,0,17.22869822255393,3.9836346942302102e-15,29,9.1623597967294837e-14,0.05,lower
cec2017,10,100000,21,composition,all,holm-bonferroni,ARRDE,MSC-CMA,51,51,1121,0.56901191849288735,100.000000000005,100.0000000000191,0.23068695163233133,29,0.8235976085526957,0.05,not significant
cec2017,10,100000,22,composition,all,holm-bonferroni,ARRDE,MSC-CMA,51,51,2468,0.051134179161860804,100.00000000000045,11.396522268506942,5.6001143630477817e-15,29,1.2320251598705119e-13,0.05,higher
cec2017,10,100000,23,composition,all,holm-bonferroni,ARRDE,MSC-CMA,51,51,793.5,0.69492502883506346,302.81579789967918,305.3196661022962,0.00069807118202215644,29,0.0069807118202215648,0.05,lower
cec2017,10,100000,24,composition,all,holm-bonferroni,ARRDE,MSC-CMA,51,51,1790,0.31180315263360248,100.00000000003138,100.00000000001637,0.0010641859783099203,29,0.0080296936616842118,0.05,higher
cec2017,10,100000,25,composition,all,holm-bonferroni,ARRDE,MSC-CMA,51,51,2270,0.1272587466359093,200.00000000054933,100.00738903956926,8.8476072846112601e-11,29,1.5040932383839142e-09,0.05,higher
cec2017,10,100000,26,composition,all,holm-bonferroni,ARRDE,MSC-CMA,51,51,808.5,0.6891580161476355,200.00000000000682,200.00000000014143,0.0010037117077105265,29,0.0080296936616842118,0.05,lower
cec2017,10,100000,27,composition,all,holm-bonferroni,ARRDE,MSC-CMA,51,51,220.5,0.91522491349480972,389.00552651867838,389.70567982845569,3.0665751206198051e-13,29,5.5198352171156489e-12,0.05,lower
cec2017,10,100000,28,composition,all,holm-bonferroni,ARRDE,MSC-CMA,51,51,1231.5,0.52652825836216843,300.00000000000227,300.00000000000682,0.64646954076566754,29,0.8235976085526957,0.05,not significant
cec2017,10,100000,29,composition,all,holm-bonferroni,ARRDE,MSC-CMA,51,51,1111,0.57285659361783936,230.89423011428244,232.24487492695289,0.20589940213817393,29,0.8235976085526957,0.05,not significant
cec2017,10,100000,30,composition,all,holm-bonferroni,ARRDE,MSC-CMA,51,51,180,0.9307958477508651,394.5017030173376,413.34032146369509,6.5879015804491786e-14,29,1.3175803160898357e-12,0.05,lower
cec2017,10,100000,1,basic,all,holm-bonferroni,BIPOP-CMA,MSC-CMA,51,51,25.5,0.99019607843137258,0,2.3741932864140836e-08,5.2901810024806998e-20,29,1.5341524907194029e-18,0.05,lower
cec2017,10,100000,3,basic,all,holm-bonferroni,BIPOP-CMA,MSC-CMA,51,51,867,0.66666666666666674,0,0,7.147198956769631e-06,29,0.00012864958122185336,0.05,lower
cec2017,10,100000,4,basic,all,holm-bonferroni,BIPOP-CMA,MSC-CMA,51,51,586.5,0.77450980392156865,0,0,1.0856724010907245e-09,29,2.4970465225086661e-08,0.05,lower
cec2017,10,100000,5,basic,all,holm-bonferroni,BIPOP-CMA,MSC-CMA,51,51,1645,0.36755094194540561,1.9899181141865938,1.9899181141865938,0.018987850139748734,29,0.22785420167698481,0.05,not significant
cec2017,10,100000,6,basic,all,holm-bonferroni,BIPOP-CMA,MSC-CMA,51,51,0,1,0,0.0054526571231008347,1.803974767559985e-18,29,5.0511293491679579e-17,0.05,lower
cec2017,10,100000,7,basic,all,holm-bonferroni,BIPOP-CMA,MSC-CMA,51,51,1162,0.55324875048058442,11.185164822383513,11.255435098558905,0.35569794043564351,29,1,0.05,not significant
cec2017,10,100000,8,basic,all,holm-bonferroni,BIPOP-CMA,MSC-CMA,51,51,1612.5,0.3800461361014994,0.99495905709329691,0.99495905709329691,0.031399381220016578,29,0.34539319342018238,0.05,not significant
cec2017,10,100000,9,basic,all,holm-bonferroni,BIPOP-CMA,MSC-CMA,51,51,637.5,0.75490196078431371,0,0,6.8625401544398181e-09,29,1.50975883397676e-07,0.05,lower
cec2017,10,100000,10,basic,all,holm-bonferroni,BIPOP-CMA,MSC-CMA,51,51,1519,0.41599384851980004,25.181239051161356,18.534537672567239,0.14454186406180547,29,1,0.05,not significant
cec2017,10,100000,11,hybrid,all,holm-bonferroni,BIPOP-CMA,MSC-CMA,51,51,772,0.70319108035371003,0,0,0.00017361289618703188,29,0.0026041934428054784,0.05,lower
cec2017,10,100000,12,hybrid,all,holm-bonferroni,BIPOP-CMA,MSC-CMA,51,51,1012,0.6109188773548635,118.64647759908348,129.6114397674753,0.053883461166047052,29,0.53883461166047053,0.05,not significant
cec2017,10,100000,13,hybrid,all,holm-bonferroni,BIPOP-CMA,MSC-CMA,51,51,379,0.85428681276432139,4.8371369155943285,6.525558370929275,6.9566805267791031e-10,29,1.6696033264269846e-08,0.05,lower
cec2017,10,100000,14,hybrid,all,holm-bonferroni,BIPOP-CMA,MSC-CMA,51,51,1445,0.44444444444444442,1.9899181141865938,0.99572440905853909,0.33510848875006594,29,1,0.05,not significant
cec2017,10,100000,15,hybrid,all,holm-bonferroni,BIPOP-CMA,MSC-CMA,51,51,856,0.67089580930411374,0.99866660666225471,1.6389835030211088,0.0029628087962406584,29,0.038516514351128558,0.05,lower
cec2017,10,100000,16,hybrid,all,holm-bonferroni,BIPOP-CMA,MSC-CMA,51,51,702,0.73010380622837368,1.2815480998942803,1.85164876491217,6.2745870715289417e-05,29,0.0010039339314446307,0.05,lower
cec2017,10,100000,17,hybrid,all,holm-bonferroni,BIPOP-CMA,MSC-CMA,51,51,1531,0.41138023836985771,22.157573666205053,21.36945826367446,0.12372553767409961,29,0.99680838570521635,0.05,not significant
cec2017,10,100000,18,hybrid,all,holm-bonferroni,BIPOP-CMA,MSC-CMA,51,51,1312,0.49557862360630522,20.5,20.590704395655848,0.94131293108537195,29,1,0.05,not significant
cec2017,10,100000,19,hybrid,all,holm-bonferroni,BIPOP-CMA,MSC-CMA,51,51,684,0.73702422145328716,1.1234001954726409,2.4489783865108166,3.7444468777284192e-05,29,0.00063655596921383128,0.05,lower
cec2017,10,100000,20,hybrid,all,holm-bonferroni,BIPOP-CMA,MSC-CMA,51,51,1829,0.29680891964628986,20.994941740519607,17.22869822255393,0.00040970922515634438,29,0.0057359291521888213,0.05,higher
cec2017,10,100000,21,composition,all,holm-bonferroni,BIPOP-CMA,MSC-CMA,51,51,1538.5,0.40849673202614378,102.15069054188234,100.0000000000191,0.11075648730057959,29,0.99680838570521635,0.05,not significant
cec2017,10,100000,22,composition,all,holm-bonferroni,BIPOP-CMA,MSC-CMA,51,51,2270,0.1272587466359093,100,11.396522268506942,6.1903046011734334e-11,29,1.5475761502933583e-09,0.05,higher
cec2017,10,100000,23,composition,all,holm-bonferroni,BIPOP-CMA,MSC-CMA,51,51,1386.5,0.46693579392541329,305.37563269285056,305.3196661022962,0.56713676744759733,29,1,0.05,not significant
cec2017,10,100000,24,composition,all,holm-bonferroni,BIPOP-CMA,MSC-CMA,51,51,2157,0.17070357554786619,200.00000000000227,100.00000000001637,1.0077028939298152e-08,29,2.116176077252612e-07,0.05,higher
cec2017,10,100000,25,composition,all,holm-bonferroni,BIPOP-CMA,MSC-CMA,51,51,2435,0.063821607074202258,398.00898944057781,100.00738903956926,2.9060450718600699e-14,29,7.8463216940221889e-13,0.05,higher
cec2017,10,100000,26,composition,all,holm-bonferroni,BIPOP-CMA,MSC-CMA,51,51,2141.5,0.17666282199154171,300.00000000000136,200.00000000014143,1.8326649924177115e-08,29,3.6653299848354227e-07,0.05,higher
cec2017,10,100000,27,composition,all,holm-bonferroni,BIPOP-CMA,MSC-CMA,51,51,619.5,0.7618223760092272,389.30807675644701,389.70567982845569,4.7491556846193462e-06,29,9.0233958007767572e-05,0.05,lower
cec2017,10,100000,28,composition,all,holm-bonferroni,BIPOP-CMA,MSC-CMA,51,51,1462.5,0.43771626297577859,300.00000000000318,300.00000000000682,0.27953225442181051,29,1,0.05,not significant
cec2017,10,100000,29,composition,all,holm-bonferroni,BIPOP-CMA,MSC-CMA,51,51,2310,0.11188004613610147,246.74623999946107,232.24487492695289,1.4487716135774875e-11,29,3.7668061953014674e-10,0.05,higher
cec2017,10,100000,30,composition,all,holm-bonferroni,BIPOP-CMA,MSC-CMA,51,51,1175,0.54825067281814688,403.58385981819765,413.34032146369509,0.40282262829618687,29,1,0.05,not significant
cec2017,10,100000,1,basic,all,holm-bonferroni,LSRTDE,MSC-CMA,51,51,25.5,0.99019607843137258,0,2.3741932864140836e-08,5.2901810024806998e-20,29,1.5341524907194029e-18,0.05,lower
cec2017,10,100000,3,basic,all,holm-bonferroni,LSRTDE,MSC-CMA,51,51,867,0.66666666666666674,0,0,7.147198956769631e-06,29,4.288319374061779e-05,0.05,lower
cec2017,10,100000,4,basic,all,holm-bonferroni,LSRTDE,MSC-CMA,51,51,2601,0,0.79944810608509442,0,1.7672199133410188e-18,29,4.4180497833525467e-17,0.05,higher
cec2017,10,100000,5,basic,all,holm-bonferroni,LSRTDE,MSC-CMA,51,51,541.5,0.79181084198385232,0.99495905709329691,1.9899181141865938,1.5918713973968416e-07,29,1.4326842576571574e-06,0.05,lower
cec2017,10,100000,6,basic,all,holm-bonferroni,LSRTDE,MSC-CMA,51,51,0,1,0,0.0054526571231008347,1.1294954138851473e-18,29,2.936688076101383e-17,0.05,lower
cec2017,10,100000,7,basic,all,holm-bonferroni,LSRTDE,MSC-CMA,51,51,1770,0.31949250288350639,11.459239420095287,11.255435098558905,0.0016958989623208961,29,0.0067835958492835843,0.05,higher
cec2017,10,100000,8,basic,all,holm-bonferroni,LSRTDE,MSC-CMA,51,51,954,0.63321799307958471,0,0.99495905709329691,0.012050170536327736,29,0.036150511608983207,0.05,lower
cec2017,10,100000,9,basic,all,holm-bonferroni,LSRTDE,MSC-CMA,51,51,637.5,0.75490196078431371,0,0,6.8625401544398181e-09,29,6.862540154439818e-08,0.05,lower
cec2017,10,100000,10,basic,all,holm-bonferroni,LSRTDE,MSC-CMA,51,51,389,0.85044213763936949,3.5398695697695075,18.534537672567239,1.0539044684859496e-09,29,1.1592949153345445e-08,0.05,lower
cec2017,10,100000,11,hybrid,all,holm-bonferroni,LSRTDE,MSC-CMA,51,51,2049,0.21222606689734713,0.080390456510940567,0,4.7620644057453891e-07,29,3.8096515245963112e-06,0.05,higher
cec2017,10,100000,12,hybrid,all,holm-bonferroni,LSRTDE,MSC-CMA,51,51,193,0.92579777008842756,0.20814298464551939,129.6114397674753,7.3842515931983636e-14,29,1.1076377389797544e-12,0.05,lower
cec2017,10,100000,13,hybrid,all,holm-bonferroni,LSRTDE,MSC-CMA,51,51,324,0.87543252595155707,0.99495905709341059,6.525558370929275,5.3371073155504376e-11,29,6.4045287786605249e-10,0.05,lower
cec2017,10,100000,14,hybrid,all,holm-bonferroni,LSRTDE,MSC-CMA,51,51,16,0.99384851980007693,0,0.99572440905853909,5.7479762786131779e-20,29,1.6094333580116899e-18,0.05,lower
cec2017,10,100000,15,hybrid,all,holm-bonferroni,LSRTDE,MSC-CMA,51,51,13,0.99500192233756246,0.17517637703417677,1.6389835030211088,7.0854355339299241e-18,29,1.6296501728038825e-16,0.05,lower
cec2017,10,100000,16,hybrid,all,holm-bonferroni,LSRTDE,MSC-CMA,51,51,9,0.9965397923875432,0.51840893572216373,1.85164876491217,5.6072880249935254e-18,29,1.3457491259984461e-16,0.05,lower
cec2017,10,100000,17,hybrid,all,holm-bonferroni,LSRTDE,MSC-CMA,51,51,187,0.92810457516339873,1.3268616571967868,21.36945826367446,9.297224761211513e-14,29,1.3016114665696119e-12,0.05,lower
cec2017,10,100000,18,hybrid,all,holm-bonferroni,LSRTDE,MSC-CMA,51,51,43,0.98346789696270664,0.11213469168455958,20.590704395655848,4.0056563501884917e-17,29,8.4118783353958325e-16,0.05,lower
cec2017,10,100000,19,hybrid,all,holm-bonferroni,LSRTDE,MSC-CMA,51,51,0,1,0.019431819755027391,2.4489783865108166,4.0829580172168102e-19,29,1.1023986646485388e-17,0.05,lower
cec2017,10,100000,20,hybrid,all,holm-bonferroni,LSRTDE,MSC-CMA,51,51,90,0.96539792387543255,0.31217325598140633,17.22869822255393,2.5873832065245921e-16,29,4.916028092396725e-15,0.05,lower
cec2017,10,100000,21,composition,all,holm-bonferroni,LSRTDE,MSC-CMA,51,51,1405.5,0.45963091118800459,165.67936065575577,100.0000000000191,0.48313328694638602,29,0.96626657389277204,0.05,not significant
cec2017,10,100000,22,composition,all,holm-bonferroni,LSRTDE,MSC-CMA,51,51,2448,0.058823529411764719,100.00000000000045,11.396522268506942,5.3301405047032859e-15,29,9.0612388579955862e-14,0.05,higher
cec2017,10,100000,23,composition,all,holm-bonferroni,LSRTDE,MSC-CMA,51,51,673.5,0.74106113033448673,300,305.3196661022962,1.2304082280067003e-05,29,6.1520411400335016e-05,0.05,lower
cec2017,10,100000,24,composition,all,holm-bonferroni,LSRTDE,MSC-CMA,51,51,2527,0.028450595924644384,327.91997632915354,100.00000000001637,2.2214006633516191e-16,29,4.4428013267032383e-15,0.05,higher
cec2017,10,100000,25,composition,all,holm-bonferroni,LSRTDE,MSC-CMA,51,51,2520,0.03114186851211076,398.03315579022637,100.00738903956926,3.0528940974696422e-16,29,5.4952093754453559e-15,0.05,higher
cec2017,10,100000,26,composition,all,holm-bonferroni,LSRTDE,MSC-CMA,51,51,2499,0.039215686274509776,300,200.00000000014143,1.387236707592219e-17,29,3.0519207567028817e-16,0.05,higher
cec2017,10,100000,27,composition,all,holm-bonferroni,LSRTDE,MSC-CMA,51,51,2376.5,0.086312956555171128,393.81876468429846,389.70567982845569,2.9102123489661155e-13,29,3.7832760536559498e-12,0.05,higher
cec2017,10,100000,28,composition,all,holm-bonferroni,LSRTDE,MSC-CMA,51,51,1353,0.47981545559400229,300,300.00000000000682,0.7158557682422847,29,0.96626657389277204,0.05,not significant
cec2017,10,100000,29,composition,all,holm-bonferroni,LSRTDE,MSC-CMA,51,51,611,0.76509034986543634,229.40464935400769,232.24487492695289,4.0010558596425835e-06,29,2.8007391017498085e-05,0.05,lower
cec2017,10,100000,30,composition,all,holm-bonferroni,LSRTDE,MSC-CMA,51,51,159,0.93886966551326412,394.51415060055251,413.34032146369509,2.0763455762923898e-14,29,3.3221529220678237e-13,0.05,lower
cec2017,10,100000,1,basic,all,holm-bonferroni,NLSHADE-RSP,MSC-CMA,51,51,132,0.94925028835063441,0,2.3741932864140836e-08,2.9199195782208662e-15,29,5.5478471986196459e-14,0.05,lower
cec2017,10,100000,3,basic,all,holm-bonferroni,NLSHADE-RSP,MSC-CMA,51,51,1113.5,0.57189542483660127,0,0,0.096005544976269605,29,0.24906782423928481,0.05,not significant
cec2017,10,100000,4,basic,all,holm-bonferroni,NLSHADE-RSP,MSC-CMA,51,51,2271.5,0.12668204536716643,0,0,5.6279719300096801e-11,29,7.8791607020135517e-10,0.05,higher
cec2017,10,100000,5,basic,all,holm-bonferroni,NLSHADE-RSP,MSC-CMA,51,51,2268,0.12802768166089962,3.173132041006113,1.9899181141865938,6.4459667711742981e-11,29,8.3797568025265872e-10,0.05,higher
cec2017,10,100000,6,basic,all,holm-bonferroni,NLSHADE-RSP,MSC-CMA,51,51,0,1,0,0.0054526571231008347,1.4541836122316111e-19,29,4.0717141142485114e-18,0.05,lower
cec2017,10,100000,7,basic,all,holm-bonferroni,NLSHADE-RSP,MSC-CMA,51,51,2485,0.044598231449442527,13.605348031780409,11.255435098558905,2.2968356403259128e-15,29,4.5936712806518253e-14,0.05,higher
cec2017,10,100000,8,basic,all,holm-bonferroni,NLSHADE-RSP,MSC-CMA,51,51,2517.5,0.032103037293348735,2.9961034624832337,0.99495905709329691,1.9219617903036017e-16,29,4.2283159386679239e-15,0.05,higher
cec2017,10,100000,9,basic,all,holm-bonferroni,NLSHADE-RSP,MSC-CMA,51,51,637.5,0.75490196078431371,0,0,6.8625401544398181e-09,29,6.862540154439818e-08,0.05,lower
cec2017,10,100000,10,basic,all,holm-bonferroni,NLSHADE-RSP,MSC-CMA,51,51,1655.5,0.36351403306420604,118.62569793755392,18.534537672567239,0.017663141935348421,29,0.088315709676742099,0.05,not significant
cec2017,10,100000,11,hybrid,all,holm-bonferroni,NLSHADE-RSP,MSC-CMA,51,51,1428.5,0.45078815840061515,0,0,0.38673054232568804,29,0.38673054232568804,0.05,not significant
cec2017,10,100000,12,hybrid,all,holm-bonferroni,NLSHADE-RSP,MSC-CMA,51,51,1560,0.40023068050749711,126.36624300952849,129.6114397674753,0.083022608079761598,29,0.24906782423928481,0.05,not significant
cec2017,10,100000,13,hybrid,all,holm-bonferroni,NLSHADE-RSP,MSC-CMA,51,51,950,0.63475586312956556,5.4239413780080667,6.525558370929275,0.019157725504595102,29,0.088315709676742099,0.05,not significant
cec2017,10,100000,14,hybrid,all,holm-bonferroni,NLSHADE-RSP,MSC-CMA,51,51,517,0.80123029603998464,0.99495905709341059,0.99572440905853909,1.3103828941616007e-07,29,1.1793446047454406e-06,0.05,lower
cec2017,10,100000,15,hybrid,all,holm-bonferroni,NLSHADE-RSP,MSC-CMA,51,51,72,0.97231833910034604,0.011951446145531008,1.6389835030211088,2.058159516174416e-16,29,4.3221349839662733e-15,0.05,lower
cec2017,10,100000,16,hybrid,all,holm-bonferroni,NLSHADE-RSP,MSC-CMA,51,51,0,1,0.47831081525578156,1.85164876491217,3.3036815016661564e-18,29,8.5895719043320062e-17,0.05,lower
cec2017,10,100000,17,hybrid,all,holm-bonferroni,NLSHADE-RSP,MSC-CMA,51,51,15,0.99423298731257204,0.030837104270858617,21.36945826367446,7.8653802858372859e-18,29,1.9663450714593214e-16,0.05,lower
cec2017,10,100000,18,hybrid,all,holm-bonferroni,NLSHADE-RSP,MSC-CMA,51,51,69,0.97347174163783157,0.3413904908038603,20.590704395655848,1.7405878014959949e-16,29,4.0033519434407883e-15,0.05,lower
cec2017,10,100000,19,hybrid,all,holm-bonferroni,NLSHADE-RSP,MSC-CMA,51,51,0,1,0.019431819771625669,2.4489783865108166,2.9178870232437591e-18,29,7.8782949627581497e-17,0.05,lower
cec2017,10,100000,20,hybrid,all,holm-bonferroni,NLSHADE-RSP,MSC-CMA,51,51,0,1,0,17.22869822255393,1.3905886961424435e-20,29,4.0327072188130864e-19,0.05,lower
cec2017,10,100000,21,composition,all,holm-bonferroni,NLSHADE-RSP,MSC-CMA,51,51,329,0.87351018838908112,100.00000000000045,100.0000000000191,2.249082349382853e-11,29,3.3736235240742794e-10,0.05,lower
cec2017,10,100000,22,composition,all,holm-bonferroni,NLSHADE-RSP,MSC-CMA,51,51,2220.5,0.14628988850442137,36.312095525842324,11.396522268506942,7.4745458791494859e-10,29,8.9694550549793835e-09,0.05,higher
cec2017,10,100000,23,composition,all,holm-bonferroni,NLSHADE-RSP,MSC-CMA,51,51,1668,0.35870818915801617,306.5394463825105,305.3196661022962,0.014034607802510212,29,0.084207646815061266,0.05,not significant
cec2017,10,100000,24,composition,all,holm-bonferroni,NLSHADE-RSP,MSC-CMA,51,51,830,0.68089196462898882,100.00000000000045,100.00000000001637,0.001477918752045695,29,0.010345431264319865,0.05,lower
cec2017,10,100000,25,composition,all,holm-bonferroni,NLSHADE-RSP,MSC-CMA,51,51,2420,0.069588619761630111,397.74286946998745,100.00738903956926,3.9011425221734329e-15,29,7.0220565399121798e-14,0.05,higher
cec2017,10,100000,26,composition,all,holm-bonferroni,NLSHADE-RSP,MSC-CMA,51,51,238,0.90849673202614378,0,200.00000000014143,5.1849745755232146e-13,29,8.8144567783894644e-12,0.05,lower
cec2017,10,100000,27,composition,all,holm-bonferroni,NLSHADE-RSP,MSC-CMA,51,51,2209,0.15071126489811615,390.384498139671,389.70567982845569,1.1743496501504948e-09,29,1.2917846151655443e-08,0.05,higher
cec2017,10,100000,28,composition,all,holm-bonferroni,NLSHADE-RSP,MSC-CMA,51,51,644,0.75240292195309499,1.3044336810708046e-07,300.00000000000682,1.0465750512314457e-05,29,8.3726004098515653e-05,0.05,lower
cec2017,10,100000,29,composition,all,holm-bonferroni,NLSHADE-RSP,MSC-CMA,51,51,2374,0.087274125336409103,243.47403710421304,232.24487492695289,6.9064284474675233e-13,29,1.1050285515948037e-11,0.05,higher
cec2017,10,100000,30,composition,all,holm-bonferroni,NLSHADE-RSP,MSC-CMA,51,51,2551,0.019223375624759731,618.35581131868275,413.34032146369509,5.9665786663000249e-17,29,1.431978879912006e-15,0.05,higher
cec2017,10,100000,1,basic,all,holm-bonferroni,j2020,MSC-CMA,51,51,66,0.9746251441753172,0,2.3741932864140836e-08,1.4628217351315012e-16,29,3.0719256437761527e-15,0.05,lower
cec2017,10,100000,3,basic,all,holm-bonferroni,j2020,MSC-CMA,51,51,2601,0,0,0,5.956093130365744e-19,29,1.7272670078060657e-17,0.05,higher
cec2017,10,100000,4,basic,all,holm-bonferroni,j2020,MSC-CMA,51,51,2601,0,0.15001747302784452,0,1.7672199133410188e-18,29,4.7714937660207507e-17,0.05,higher
cec2017,10,100000,5,basic,all,holm-bonferroni,j2020,MSC-CMA,51,51,2102,0.19184928873510187,2.9848771712802886,1.9899181141865938,7.6636930848735018e-08,29,9.1964317018482021e-07,0.05,higher
cec2017,10,100000,6,basic,all,holm-bonferroni,j2020,MSC-CMA,51,51,0,1,0,0.0054526571231008347,2.715421095521486e-18,29,7.0600948483558635e-17,0.05,lower
cec2017,10,100000,7,basic,all,holm-bonferroni,j2020,MSC-CMA,51,51,2313,0.11072664359861595,14.243583495698772,11.255435098558905,1.2612165750792515e-11,29,1.8918248626188772e-10,0.05,higher
cec2017,10,100000,8,basic,all,holm-bonferroni,j2020,MSC-CMA,51,51,2496,0.040369088811995413,2.9848771712837561,0.99495905709329691,9.2333858889652558e-16,29,1.8466771777930512e-14,0.05,higher
cec2017,10,100000,9,basic,all,holm-bonferroni,j2020,MSC-CMA,51,51,1498,0.42406766628219916,0,0,0.16463620626375186,29,0.98781723758251117,0.05,not significant
cec2017,10,100000,10,basic,all,holm-bonferroni,j2020,MSC-CMA,51,51,1695.5,0.34813533256439833,57.706997197698001,18.534537672567239,0.008282100918522434,29,0.074538908266701911,0.05,not significant
cec2017,10,100000,11,hybrid,all,holm-bonferroni,j2020,MSC-CMA,51,51,2544,0.021914648212226107,1.3955581735490341,0,8.0653446112540122e-17,29,1.7743758144758826e-15,0.05,higher
cec2017,10,100000,12,hybrid,all,holm-bonferroni,j2020,MSC-CMA,51,51,1095,0.57900807381776243,43.010899711461434,129.6114397674753,0.17006187976573151,29,0.98781723758251117,0.05,not significant
cec2017,10,100000,13,hybrid,all,holm-bonferroni,j2020,MSC-CMA,51,51,1028,0.60476739715494043,5.8843504120129637,6.525558370929275,0.06869561729009338,29,0.54956493832074704,0.05,not significant
cec2017,10,100000,14,hybrid,all,holm-bonferroni,j2020,MSC-CMA,51,51,549,0.78892733564013839,0.99495905709363797,0.99572440905853909,4.9210261688114443e-07,29,5.4131287856925888e-06,0.05,lower
cec2017,10,100000,15,hybrid,all,holm-bonferroni,j2020,MSC-CMA,51,51,665,0.74432910419069587,0.99569776395173903,1.6389835030211088,2.1389541885986008e-05,29,0.00021389541885986007,0.05,lower
cec2017,10,100000,16,hybrid,all,holm-bonferroni,j2020,MSC-CMA,51,51,333,0.87197231833910038,0.64875018352927327,1.85164876491217,9.6811486601530864e-11,29,1.3553608124214321e-09,0.05,lower
cec2017,10,100000,17,hybrid,all,holm-bonferroni,j2020,MSC-CMA,51,51,10,0.9961553248750481,0.31217325598186108,21.36945826367446,5.8785401221644917e-18,29,1.410849629319478e-16,0.05,lower
cec2017,10,100000,18,hybrid,all,holm-bonferroni,j2020,MSC-CMA,51,51,113,0.95655517108804311,0.99599439223584341,20.590704395655848,1.9537928350051552e-15,29,3.5168271030092796e-14,0.05,lower
cec2017,10,100000,19,hybrid,all,holm-bonferroni,j2020,MSC-CMA,51,51,8,0.99692425990003841,0.019431819755482138,2.4489783865108166,5.1982570778008626e-18,29,1.2995642694502156e-16,0.05,lower
cec2017,10,100000,20,hybrid,all,holm-bonferroni,j2020,MSC-CMA,51,51,4,0.99846212995001926,0,17.22869822255393,1.5034055103698122e-18,29,4.2095354290354739e-17,0.05,lower
cec2017,10,100000,21,composition,all,holm-bonferroni,j2020,MSC-CMA,51,51,1501,0.42291426374471353,100.00000000843693,100.0000000000191,0.18047705945625492,29,0.98781723758251117,0.05,not significant
cec2017,10,100000,22,composition,all,holm-bonferroni,j2020,MSC-CMA,51,51,2491.5,0.042099192618223813,55.578258960737912,11.396522268506942,1.6075611933352661e-15,29,3.0543662673370058e-14,0.05,higher
cec2017,10,100000,23,composition,all,holm-bonferroni,j2020,MSC-CMA,51,51,2210,0.15032679738562094,307.72836759174606,305.3196661022962,1.1744892616238093e-09,29,1.5268360401109521e-08,0.05,higher
cec2017,10,100000,24,composition,all,holm-bonferroni,j2020,MSC-CMA,51,51,1119,0.56978085351787766,100.00000000000227,100.00000000001637,0.22529287133924358,29,0.98781723758251117,0.05,not significant
cec2017,10,100000,25,composition,all,holm-bonferroni,j2020,MSC-CMA,51,51,2388.5,0.081699346405228801,397.742869469992,100.00738903956926,3.3764410449649909e-13,29,5.7399497764404844e-12,0.05,higher
cec2017,10,100000,26,composition,all,holm-bonferroni,j2020,MSC-CMA,51,51,1553,0.40292195309496348,200.00000000102636,200.00000000014143,0.091261768394476694,29,0.63883237876133681,0.05,not significant
cec2017,10,100000,27,composition,all,holm-bonferroni,j2020,MSC-CMA,51,51,1313,0.49519415609381012,389.51799024017919,389.70567982845569,0.93595492983632156,29,0.98781723758251117,0.05,not significant
cec2017,10,100000,28,composition,all,holm-bonferroni,j2020,MSC-CMA,51,51,1161,0.55363321799307963,300.00000000000091,300.00000000000682,0.35085320630780448,29,0.98781723758251117,0.05,not significant
cec2017,10,100000,29,composition,all,holm-bonferroni,j2020,MSC-CMA,51,51,2344,0.098808150711264919,245.59989877103726,232.24487492695289,2.9414443382830251e-12,29,4.7063109412528402e-11,0.05,higher
cec2017,10,100000,30,composition,all,holm-bonferroni,j2020,MSC-CMA,51,51,2571,0.011534025374855816,636.62650847491659,413.34032146369509,1.9001855510256677e-17,29,4.3704267673590357e-16,0.05,higher
cec2017,10,100000,1,basic,all,holm-bonferroni,jSO,MSC-CMA,51,51,25.5,0.99019607843137258,0,2.3741932864140836e-08,5.2901810024806998e-20,29,1.5341524907194029e-18,0.05,lower
cec2017,10,100000,3,basic,all,holm-bonferroni,jSO,MSC-CMA,51,51,867,0.66666666666666674,0,0,7.147198956769631e-06,29,4.7977253332414106e-05,0.05,lower
cec2017,10,100000,4,basic,all,holm-bonferroni,jSO,MSC-CMA,51,51,586.5,0.77450980392156865,0,0,1.0856724010907245e-09,29,1.194239641199797e-08,0.05,lower
cec2017,10,100000,5,basic,all,holm-bonferroni,jSO,MSC-CMA,51,51,1643.5,0.36812764321414837,1.9899181141866507,1.9899181141865938,0.02091314880181875,29,0.062739446405456256,0.05,not significant
cec2017,10,100000,6,basic,all,holm-bonferroni,jSO,MSC-CMA,51,51,0,1,0,0.0054526571231008347,4.9688136689879811e-19,29,1.3912678273166347e-17,0.05,lower
cec2017,10,100000,7,basic,all,holm-bonferroni,jSO,MSC-CMA,51,51,2136,0.17877739331026532,12.088057482113868,11.255435098558905,2.2915725878911982e-08,29,2.0624153291020784e-07,0.05,higher
cec2017,10,100000,8,basic,all,holm-bonferroni,jSO,MSC-CMA,51,51,2357,0.09381007304882738,1.9899181141867075,0.99495905709329691,1.0134475574841814e-12,29,1.2161370689810178e-11,0.05,higher
cec2017,10,100000,9,basic,all,holm-bonferroni,jSO,MSC-CMA,51,51,637.5,0.75490196078431371,0,0,6.8625401544398181e-09,29,6.862540154439818e-08,0.05,lower
cec2017,10,100000,10,basic,all,holm-bonferroni,jSO,MSC-CMA,51,51,1453.5,0.44117647058823528,118.95317671776502,18.534537672567239,0.30741783470210116,29,0.61483566940420231,0.05,not significant
cec2017,10,100000,11,hybrid,all,holm-bonferroni,jSO,MSC-CMA,51,51,255,0.90196078431372551,0,0,2.8708585534047459e-15,29,4.3062878301071189e-14,0.05,lower
cec2017,10,100000,12,hybrid,all,holm-bonferroni,jSO,MSC-CMA,51,51,162,0.93771626297577859,0.20814298464574676,129.6114397674753,2.0991254738108061e-14,29,2.9387756633351287e-13,0.05,lower
cec2017,10,100000,13,hybrid,all,holm-bonferroni,jSO,MSC-CMA,51,51,31,0.98808150711264897,0,6.525558370929275,1.2853635272854543e-17,29,2.4421907018423632e-16,0.05,lower
cec2017,10,100000,14,hybrid,all,holm-bonferroni,jSO,MSC-CMA,51,51,32,0.98769703960015376,0,0.99572440905853909,4.1466902962618836e-18,29,9.5373876814023322e-17,0.05,lower
cec2017,10,100000,15,hybrid,all,holm-bonferroni,jSO,MSC-CMA,51,51,20,0.99231064975009609,0.42664144790887804,1.6389835030211088,1.0652485006475807e-17,29,2.1304970012951616e-16,0.05,lower
cec2017,10,100000,16,hybrid,all,holm-bonferroni,jSO,MSC-CMA,51,51,6,0.99769319492502884,0.50460005948980324,1.85164876491217,4.7026307769839093e-18,29,1.0345787709364601e-16,0.05,lower
cec2017,10,100000,17,hybrid,all,holm-bonferroni,jSO,MSC-CMA,51,51,17,0.99346405228758172,0.41239165319620952,21.36945826367446,8.9469060666723419e-18,29,1.8788502740011918e-16,0.05,lower
cec2017,10,100000,18,hybrid,all,holm-bonferroni,jSO,MSC-CMA,51,51,54,0.97923875432525953,0.3309474869222413,20.590704395655848,7.484964009883525e-17,29,1.2724438816801993e-15,0.05,lower
cec2017,10,100000,19,hybrid,all,holm-bonferroni,jSO,MSC-CMA,51,51,0,1,0,2.4489783865108166,2.2817709912254893e-18,29,5.932604577186272e-17,0.05,lower
cec2017,10,100000,20,hybrid,all,holm-bonferroni,jSO,MSC-CMA,51,51,14,0.99461745482506725,0,17.22869822255393,2.5418407428778348e-18,29,6.3546018571945867e-17,0.05,lower
cec2017,10,100000,21,composition,all,holm-bonferroni,jSO,MSC-CMA,51,51,505,0.80584390618992696,100.00000000000045,100.0000000000191,6.0332748284100622e-08,29,4.8266198627280497e-07,0.05,lower
cec2017,10,100000,22,composition,all,holm-bonferroni,jSO,MSC-CMA,51,51,2601,0,100.00000000000045,11.396522268506942,5.568618200511052e-19,29,1.503526914137984e-17,0.05,higher
cec2017,10,100000,23,composition,all,holm-bonferroni,jSO,MSC-CMA,51,51,694,0.73317954632833526,300.00000000000045,305.3196661022962,4.6562510687201382e-05,29,0.00023281255343600692,0.05,lower
cec2017,10,100000,24,composition,all,holm-bonferroni,jSO,MSC-CMA,51,51,1972,0.24183006535947715,323.16335155398701,100.00000000001637,6.8538933332020148e-06,29,4.7977253332414106e-05,0.05,higher
cec2017,10,100000,25,composition,all,holm-bonferroni,jSO,MSC-CMA,51,51,2488,0.04344482891195689,397.74286946998745,100.00738903956926,7.6533897517280355e-16,29,1.2245423602764857e-14,0.05,higher
cec2017,10,100000,26,composition,all,holm-bonferroni,jSO,MSC-CMA,51,51,2499,0.039215686274509776,300,200.00000000014143,3.9852605816593707e-17,29,7.1734690469868676e-16,0.05,higher
cec2017,10,100000,27,composition,all,holm-bonferroni,jSO,MSC-CMA,51,51,2382.5,0.084006151480199964,393.81876468429846,389.70567982845569,7.815026256941817e-14,29,1.0159534134024362e-12,0.05,higher
cec2017,10,100000,28,composition,all,holm-bonferroni,jSO,MSC-CMA,51,51,1301,0.49980776624375245,300,300.00000000000682,1,29,1,0.05,not significant
cec2017,10,100000,29,composition,all,holm-bonferroni,jSO,MSC-CMA,51,51,1810,0.30411380238369856,234.86170856571107,232.24487492695289,0.00065780332239492509,29,0.0026312132895797004,0.05,higher
cec2017,10,100000,30,composition,all,holm-bonferroni,jSO,MSC-CMA,51,51,0,1,394.50077241437975,413.34032146369509,2.6455267757400926e-18,29,6.3546018571945867e-17,0.05,lower
cec2017,10,100000,21,composition,composition,holm-bonferroni,ARRDE,MSC-CMA,51,51,1121,0.56901191849288735,100.000000000005,100.0000000000191,0.23068695163233133,10,0.61769820641452178,0.05,not significant
cec2017,10,100000,22,composition,composition,holm-bonferroni,ARRDE,MSC-CMA,51,51,2468,0.051134179161860804,100.00000000000045,11.396522268506942,5.6001143630477817e-15,10,5.6001143630477815e-14,0.05,higher
cec2017,10,100000,23,composition,composition,holm-bonferroni,ARRDE,MSC-CMA,51,51,793.5,0.69492502883506346,302.81579789967918,305.3196661022962,0.00069807118202215644,10,0.0041884270921329382,0.05,lower
cec2017,10,100000,24,composition,composition,holm-bonferroni,ARRDE,MSC-CMA,51,51,1790,0.31180315263360248,100.00000000003138,100.00000000001637,0.0010641859783099203,10,0.0050185585385526324,0.05,higher
cec2017,10,100000,25,composition,composition,holm-bonferroni,ARRDE,MSC-CMA,51,51,2270,0.1272587466359093,200.00000000054933,100.00738903956926,8.8476072846112601e-11,10,6.1933250992278826e-10,0.05,higher
cec2017,10,100000,26,composition,composition,holm-bonferroni,ARRDE,MSC-CMA,51,51,808.5,0.6891580161476355,200.00000000000682,200.00000000014143,0.0010037117077105265,10,0.0050185585385526324,0.05,lower
cec2017,10,100000,27,composition,composition,holm-bonferroni,ARRDE,MSC-CMA,51,51,220.5,0.91522491349480972,389.00552651867838,389.70567982845569,3.0665751206198051e-13,10,2.4532600964958441e-12,0.05,lower
cec2017,10,100000,28,composition,composition,holm-bonferroni,ARRDE,MSC-CMA,51,51,1231.5,0.52652825836216843,300.00000000000227,300.00000000000682,0.64646954076566754,10,0.64646954076566754,0.05,not significant
cec2017,10,100000,29,composition,composition,holm-bonferroni,ARRDE,MSC-CMA,51,51,1111,0.57285659361783936,230.89423011428244,232.24487492695289,0.20589940213817393,10,0.61769820641452178,0.05,not significant
cec2017,10,100000,30,composition,composition,holm-bonferroni,ARRDE,MSC-CMA,51,51,180,0.9307958477508651,394.5017030173376,413.34032146369509,6.5879015804491786e-14,10,5.9291114224042608e-13,0.05,lower
cec2017,10,100000,21,composition,composition,holm-bonferroni,BIPOP-CMA,MSC-CMA,51,51,1538.5,0.40849673202614378,102.15069054188234,100.0000000000191,0.11075648730057959,10,0.44302594920231836,0.05,not significant
cec2017,10,100000,22,composition,composition,holm-bonferroni,BIPOP-CMA,MSC-CMA,51,51,2270,0.1272587466359093,100,11.396522268506942,6.1903046011734334e-11,10,4.9522436809387467e-10,0.05,higher
cec2017,10,100000,23,composition,composition,holm-bonferroni,BIPOP-CMA,MSC-CMA,51,51,1386.5,0.46693579392541329,305.37563269285056,305.3196661022962,0.56713676744759733,10,0.83859676326543153,0.05,not significant
cec2017,10,100000,24,composition,composition,holm-bonferroni,BIPOP-CMA,MSC-CMA,51,51,2157,0.17070357554786619,200.00000000000227,100.00000000001637,1.0077028939298152e-08,10,7.0539202575087063e-08,0.05,higher
cec2017,10,100000,25,composition,composition,holm-bonferroni,BIPOP-CMA,MSC-CMA,51,51,2435,0.063821607074202258,398.00898944057781,100.00738903956926,2.9060450718600699e-14,10,2.9060450718600699e-13,0.05,higher
cec2017,10,100000,26,composition,composition,holm-bonferroni,BIPOP-CMA,MSC-CMA,51,51,2141.5,0.17666282199154171,300.00000000000136,200.00000000014143,1.8326649924177115e-08,10,1.0995989954506269e-07,0.05,higher
cec2017,10,100000,27,composition,composition,holm-bonferroni,BIPOP-CMA,MSC-CMA,51,51,619.5,0.7618223760092272,389.30807675644701,389.70567982845569,4.7491556846193462e-06,10,2.374577842309673e-05,0.05,lower
cec2017,10,100000,28,composition,composition,holm-bonferroni,BIPOP-CMA,MSC-CMA,51,51,1462.5,0.43771626297577859,300.00000000000318,300.00000000000682,0.27953225442181051,10,0.83859676326543153,0.05,not significant
cec2017,10,100000,29,composition,composition,holm-bonferroni,BIPOP-CMA,MSC-CMA,51,51,2310,0.11188004613610147,246.74623999946107,232.24487492695289,1.4487716135774875e-11,10,1.3038944522197388e-10,0.05,higher
cec2017,10,100000,30,composition,composition,holm-bonferroni,BIPOP-CMA,MSC-CMA,51,51,1175,0.54825067281814688,403.58385981819765,413.34032146369509,0.40282262829618687,10,0.83859676326543153,0.05,not significant
cec2017,10,100000,21,composition,composition,holm-bonferroni,LSRTDE,MSC-CMA,51,51,1405.5,0.45963091118800459,165.67936065575577,100.0000000000191,0.48313328694638602,10,0.96626657389277204,0.05,not significant
cec2017,10,100000,22,composition,composition,holm-bonferroni,LSRTDE,MSC-CMA,51,51,2448,0.058823529411764719,100.00000000000045,11.396522268506942,5.3301405047032859e-15,10,3.7310983532923e-14,0.05,higher
cec2017,10,100000,23,composition,composition,holm-bonferroni,LSRTDE,MSC-CMA,51,51,673.5,0.74106113033448673,300,305.3196661022962,1.2304082280067003e-05,10,3.6912246840201004e-05,0.05,lower
cec2017,10,100000,24,composition,composition,holm-bonferroni,LSRTDE,MSC-CMA,51,51,2527,0.028450595924644384,327.91997632915354,100.00000000001637,2.2214006633516191e-16,10,1.999260597016457e-15,0.05,higher
cec2017,10,100000,25,composition,composition,holm-bonferroni,LSRTDE,MSC-CMA,51,51,2520,0.03114186851211076,398.03315579022637,100.00738903956926,3.0528940974696422e-16,10,2.4423152779757138e-15,0.05,higher
cec2017,10,100000,26,composition,composition,holm-bonferroni,LSRTDE,MSC-CMA,51,51,2499,0.039215686274509776,300,200.00000000014143,1.387236707592219e-17,10,1.3872367075922189e-16,0.05,higher
cec2017,10,100000,27,composition,composition,holm-bonferroni,LSRTDE,MSC-CMA,51,51,2376.5,0.086312956555171128,393.81876468429846,389.70567982845569,2.9102123489661155e-13,10,1.4551061744830578e-12,0.05,higher
cec2017,10,100000,28,composition,composition,holm-bonferroni,LSRTDE,MSC-CMA,51,51,1353,0.47981545559400229,300,300.00000000000682,0.7158557682422847,10,0.96626657389277204,0.05,not significant
cec2017,10,100000,29,composition,composition,holm-bonferroni,LSRTDE,MSC-CMA,51,51,611,0.76509034986543634,229.40464935400769,232.24487492695289,4.0010558596425835e-06,10,1.6004223438570334e-05,0.05,lower
cec2017,10,100000,30,composition,composition,holm-bonferroni,LSRTDE,MSC-CMA,51,51,159,0.93886966551326412,394.51415060055251,413.34032146369509,2.0763455762923898e-14,10,1.2458073457754339e-13,0.05,lower
cec2017,10,100000,21,composition,composition,holm-bonferroni,NLSHADE-RSP,MSC-CMA,51,51,329,0.87351018838908112,100.00000000000045,100.0000000000191,2.249082349382853e-11,10,1.3494494096297119e-10,0.05,lower
cec2017,10,100000,22,composition,composition,holm-bonferroni,NLSHADE-RSP,MSC-CMA,51,51,2220.5,0.14628988850442137,36.312095525842324,11.396522268506942,7.4745458791494859e-10,10,3.7372729395747433e-09,0.05,higher
cec2017,10,100000,23,composition,composition,holm-bonferroni,NLSHADE-RSP,MSC-CMA,51,51,1668,0.35870818915801617,306.5394463825105,305.3196661022962,0.014034607802510212,10,0.014034607802510212,0.05,higher
cec2017,10,100000,24,composition,composition,holm-bonferroni,NLSHADE-RSP,MSC-CMA,51,51,830,0.68089196462898882,100.00000000000045,100.00000000001637,0.001477918752045695,10,0.0029558375040913899,0.05,lower
cec2017,10,100000,25,composition,composition,holm-bonferroni,NLSHADE-RSP,MSC-CMA,51,51,2420,0.069588619761630111,397.74286946998745,100.00738903956926,3.9011425221734329e-15,10,3.5110282699560899e-14,0.05,higher
cec2017,10,100000,26,composition,composition,holm-bonferroni,NLSHADE-RSP,MSC-CMA,51,51,238,0.90849673202614378,0,200.00000000014143,5.1849745755232146e-13,10,4.1479796604185717e-12,0.05,lower
cec2017,10,100000,27,composition,composition,holm-bonferroni,NLSHADE-RSP,MSC-CMA,51,51,2209,0.15071126489811615,390.384498139671,389.70567982845569,1.1743496501504948e-09,10,4.6973986006019793e-09,0.05,higher
cec2017,10,100000,28,composition,composition,holm-bonferroni,NLSHADE-RSP,MSC-CMA,51,51,644,0.75240292195309499,1.3044336810708046e-07,300.00000000000682,1.0465750512314457e-05,10,3.1397251536943372e-05,0.05,lower
cec2017,10,100000,29,composition,composition,holm-bonferroni,NLSHADE-RSP,MSC-CMA,51,51,2374,0.087274125336409103,243.47403710421304,232.24487492695289,6.9064284474675233e-13,10,4.8344999132272666e-12,0.05,higher
cec2017,10,100000,30,composition,composition,holm-bonferroni,NLSHADE-RSP,MSC-CMA,51,51,2551,0.019223375624759731,618.35581131868275,413.34032146369509,5.9665786663000249e-17,10,5.9665786663000249e-16,0.05,higher
cec2017,10,100000,21,composition,composition,holm-bonferroni,j2020,MSC-CMA,51,51,1501,0.42291426374471353,100.00000000843693,100.0000000000191,0.18047705945625492,10,0.72190823782501967,0.05,not significant
cec2017,10,100000,22,composition,composition,holm-bonferroni,j2020,MSC-CMA,51,51,2491.5,0.042099192618223813,55.578258960737912,11.396522268506942,1.6075611933352661e-15,10,1.4468050740017394e-14,0.05,higher
cec2017,10,100000,23,composition,composition,holm-bonferroni,j2020,MSC-CMA,51,51,2210,0.15032679738562094,307.72836759174606,305.3196661022962,1.1744892616238093e-09,10,7.046935569742856e-09,0.05,higher
cec2017,10,100000,24,composition,composition,holm-bonferroni,j2020,MSC-CMA,51,51,1119,0.56978085351787766,100.00000000000227,100.00000000001637,0.22529287133924358,10,0.72190823782501967,0.05,not significant
cec2017,10,100000,25,composition,composition,holm-bonferroni,j2020,MSC-CMA,51,51,2388.5,0.081699346405228801,397.742869469992,100.00738903956926,3.3764410449649909e-13,10,2.7011528359719927e-12,0.05,higher
cec2017,10,100000,26,composition,composition,holm-bonferroni,j2020,MSC-CMA,51,51,1553,0.40292195309496348,200.00000000102636,200.00000000014143,0.091261768394476694,10,0.45630884197238347,0.05,not significant
cec2017,10,100000,27,composition,composition,holm-bonferroni,j2020,MSC-CMA,51,51,1313,0.49519415609381012,389.51799024017919,389.70567982845569,0.93595492983632156,10,0.93595492983632156,0.05,not significant
cec2017,10,100000,28,composition,composition,holm-bonferroni,j2020,MSC-CMA,51,51,1161,0.55363321799307963,300.00000000000091,300.00000000000682,0.35085320630780448,10,0.72190823782501967,0.05,not significant
cec2017,10,100000,29,composition,composition,holm-bonferroni,j2020,MSC-CMA,51,51,2344,0.098808150711264919,245.59989877103726,232.24487492695289,2.9414443382830251e-12,10,2.0590110367981175e-11,0.05,higher
cec2017,10,100000,30,composition,composition,holm-bonferroni,j2020,MSC-CMA,51,51,2571,0.011534025374855816,636.62650847491659,413.34032146369509,1.9001855510256677e-17,10,1.9001855510256678e-16,0.05,higher
cec2017,10,100000,21,composition,composition,holm-bonferroni,jSO,MSC-CMA,51,51,505,0.80584390618992696,100.00000000000045,100.0000000000191,6.0332748284100622e-08,10,3.0166374142050313e-07,0.05,lower
cec2017,10,100000,22,composition,composition,holm-bonferroni,jSO,MSC-CMA,51,51,2601,0,100.00000000000045,11.396522268506942,5.568618200511052e-19,10,5.568618200511052e-18,0.05,higher
cec2017,10,100000,23,composition,composition,holm-bonferroni,jSO,MSC-CMA,51,51,694,0.73317954632833526,300.00000000000045,305.3196661022962,4.6562510687201382e-05,10,0.00013968753206160413,0.05,lower
cec2017,10,100000,24,composition,composition,holm-bonferroni,jSO,MSC-CMA,51,51,1972,0.24183006535947715,323.16335155398701,100.00000000001637,6.8538933332020148e-06,10,2.7415573332808059e-05,0.05,higher
cec2017,10,100000,25,composition,composition,holm-bonferroni,jSO,MSC-CMA,51,51,2488,0.04344482891195689,397.74286946998745,100.00738903956926,7.6533897517280355e-16,10,5.3573728262096251e-15,0.05,higher
cec2017,10,100000,26,composition,composition,holm-bonferroni,jSO,MSC-CMA,51,51,2499,0.039215686274509776,300,200.00000000014143,3.9852605816593707e-17,10,3.1882084653274966e-16,0.05,higher
cec2017,10,100000,27,composition,composition,holm-bonferroni,jSO,MSC-CMA,51,51,2382.5,0.084006151480199964,393.81876468429846,389.70567982845569,7.815026256941817e-14,10,4.6890157541650902e-13,0.05,higher
cec2017,10,100000,28,composition,composition,holm-bonferroni,jSO,MSC-CMA,51,51,1301,0.49980776624375245,300,300.00000000000682,1,10,1,0.05,not significant
cec2017,10,100000,29,composition,composition,holm-bonferroni,jSO,MSC-CMA,51,51,1810,0.30411380238369856,234.86170856571107,232.24487492695289,0.00065780332239492509,10,0.0013156066447898502,0.05,higher
cec2017,10,100000,30,composition,composition,holm-bonferroni,jSO,MSC-CMA,51,51,0,1,394.50077241437975,413.34032146369509,2.6455267757400926e-18,10,2.3809740981660833e-17,0.05,lower
cec2017,10,1000000,1,basic,all,holm-bonferroni,ARRDE,MSC-CMA,51,51,841.5,0.67647058823529416,0,0,3.3660026365163414e-06,29,4.0392031638196094e-05,0.05,lower
cec2017,10,1000000,3,basic,all,holm-bonferroni,ARRDE,MSC-CMA,51,51,816,0.68627450980392157,0,0,1.5598288539094009e-06,29,2.0277775100822212e-05,0.05,lower
cec2017,10,1000000,4,basic,all,holm-bonferroni,ARRDE,MSC-CMA,51,51,892.5,0.65686274509803921,0,0,1.4944043286729894e-05,29,0.00016438447615402883,0.05,lower
cec2017,10,1000000,5,basic,all,holm-bonferroni,ARRDE,MSC-CMA,51,51,854,0.67166474432910417,0,0,0.00013124802286614839,29,0.0010499841829291871,0.05,lower
cec2017,10,1000000,6,basic,all,holm-bonferroni,ARRDE,MSC-CMA,51,51,0,1,0,0.0075635516853935769,5.6097181730181909e-19,29,1.5146239067149114e-17,0.05,lower
cec2017,10,1000000,7,basic,all,holm-bonferroni,ARRDE,MSC-CMA,51,51,2436,0.063437139561707045,10.772090574561844,5.4336416952810396,3.0419203683469842e-14,29,5.4754566630245713e-13,0.05,higher
cec2017,10,1000000,8,basic,all,holm-bonferroni,ARRDE,MSC-CMA,51,51,1173,0.5490196078431373,0,0,0.26483740124966726,29,1,0.05,not significant
cec2017,10,1000000,9,basic,all,holm-bonferroni,ARRDE,MSC-CMA,51,51,561,0.78431372549019607,0,0,4.9980935147976951e-10,29,7.9969496236763121e-09,0.05,lower
cec2017,10,1000000,10,basic,all,holm-bonferroni,ARRDE,MSC-CMA,51,51,1365,0.47520184544405997,0.49963552830922708,0.37472664623328455,0.66805974120927192,29,1,0.05,not significant
cec2017,10,1000000,11,hybrid,all,holm-bonferroni,ARRDE,MSC-CMA,51,51,1275,0.50980392156862742,0,0,0.32689257978151776,29,1,0.05,not significant
cec2017,10,1000000,12,hybrid,all,holm-bonferroni,ARRDE,MSC-CMA,51,51,584.5,0.77527873894655897,0,0.20814298464551939,5.8331072293039874e-08,29,8.1663501210255822e-07,0.05,lower
cec2017,10,1000000,13,hybrid,all,holm-bonferroni,ARRDE,MSC-CMA,51,51,101,0.96116878123798544,0,1.9899181141865938,1.8678598149998369e-17,29,3.9225056114996574e-16,0.05,lower
cec2017,10,1000000,14,hybrid,all,holm-bonferroni,ARRDE,MSC-CMA,51,51,153,0.94117647058823528,0,0.40624029105538284,2.8523212040077908e-17,29,5.4194102876148029e-16,0.05,lower
cec2017,10,1000000,15,hybrid,all,holm-bonferroni,ARRDE,MSC-CMA,51,51,32,0.98769703960015376,0.00081119532796947169,1.1274421573250493,2.1322325505954687e-17,29,4.2644651011909373e-16,0.05,lower
cec2017,10,1000000,16,hybrid,all,holm-bonferroni,ARRDE,MSC-CMA,51,51,4,0.99846212995001926,0.074647769205512304,1.3595250304351794,4.1812246147484963e-18,29,9.1986941524466921e-17,0.05,lower
cec2017,10,1000000,17,hybrid,all,holm-bonferroni,ARRDE,MSC-CMA,51,51,6,0.99769319492502884,0.019729344121969916,2.430332106630658,2.1782890020383956e-18,29,5.4457225050959886e-17,0.05,lower
cec2017,10,1000000,18,hybrid,all,holm-bonferroni,ARRDE,MSC-CMA,51,51,0,1,0.00035721233007279807,1.214239940146399,3.3036815016661564e-18,29,7.9288356039987752e-17,0.05,lower
cec2017,10,1000000,19,hybrid,all,holm-bonferroni,ARRDE,MSC-CMA,51,51,0,1,0,1.8963748911755829,1.3905886961424435e-20,29,4.0327072188130864e-19,0.05,lower
cec2017,10,1000000,20,hybrid,all,holm-bonferroni,ARRDE,MSC-CMA,51,51,0,1,0,0.31217373263689296,1.3905886961424435e-20,29,4.0327072188130864e-19,0.05,lower
cec2017,10,1000000,21,composition,all,holm-bonferroni,ARRDE,MSC-CMA,51,51,754.5,0.70991926182237597,100.00000000000045,100.00000000000091,8.3183945871917553e-05,29,0.00083183945871917551,0.05,lower
cec2017,10,1000000,22,composition,all,holm-bonferroni,ARRDE,MSC-CMA,51,51,1887,0.27450980392156865,19.8069123918267,0,8.6361373805492008e-05,29,0.00083183945871917551,0.05,higher
cec2017,10,1000000,23,composition,all,holm-bonferroni,ARRDE,MSC-CMA,51,51,808,0.68935024990388305,0,100.00000000012915,0.00088776118204832307,29,0.0062143282743382612,0.05,lower
cec2017,10,1000000,24,composition,all,holm-bonferroni,ARRDE,MSC-CMA,51,51,1764,0.32179930795847755,100.00000000000045,0,0.0017051373080164437,29,0.010230823848098662,0.05,higher
cec2017,10,1000000,25,composition,all,holm-bonferroni,ARRDE,MSC-CMA,51,51,441,0.83044982698961944,100.00004311718567,100.00374698602991,8.9719413775227486e-09,29,1.3457912066284123e-07,0.05,lower
cec2017,10,1000000,26,composition,all,holm-bonferroni,ARRDE,MSC-CMA,51,51,51,0.98039215686274506,0,0,3.545881389741796e-18,29,8.1555271964061313e-17,0.05,lower
cec2017,10,1000000,27,composition,all,holm-bonferroni,ARRDE,MSC-CMA,51,51,262.5,0.89907727797001158,389.00552651867793,389.51799024013508,4.0332044434167445e-13,29,6.8564475538084661e-12,0.05,lower
cec2017,10,1000000,28,composition,all,holm-bonferroni,ARRDE,MSC-CMA,51,51,1530,0.41176470588235292,200,0,0.12304330071916898,29,0.6152165035958449,0.05,not significant
cec2017,10,1000000,29,composition,all,holm-bonferroni,ARRDE,MSC-CMA,51,51,1193,0.54133025759323339,228.14845204036328,228.42611495758911,0.47391744947815007,29,1,0.05,not significant
cec2017,10,1000000,30,composition,all,holm-bonferroni,ARRDE,MSC-CMA,51,51,0,1,394.50077241437884,397.70937050314524,7.7885700557944654e-19,29,2.0250282145065611e-17,0.05,lower
cec2017,10,1000000,1,basic,all,holm-bonferroni,BIPOP-CMA,MSC-CMA,51,51,841.5,0.67647058823529416,0,0,3.3660026365163414e-06,29,4.7124036911228778e-05,0.05,lower
cec2017,10,1000000,3,basic,all,holm-bonferroni,BIPOP-CMA,MSC-CMA,51,51,816,0.68627450980392157,0,0,1.5598288539094009e-06,29,2.3397432808641014e-05,0.05,lower
cec2017,10,1000000,4,basic,all,holm-bonferroni,BIPOP-CMA,MSC-CMA,51,51,892.5,0.65686274509803921,0,0,1.4944043286729894e-05,29,0.00017932851944075872,0.05,lower
cec2017,10,1000000,5,basic,all,holm-bonferroni,BIPOP-CMA,MSC-CMA,51,51,1375,0.47135717031910807,0,0,0.57771460672210839,29,1,0.05,not significant
cec2017,10,1000000,6,basic,all,holm-bonferroni,BIPOP-CMA,MSC-CMA,51,51,0,1,0,0.0075635516853935769,3.7485048843282081e-19,29,1.0870664164551804e-17,0.05,lower
cec2017,10,1000000,7,basic,all,holm-bonferroni,BIPOP-CMA,MSC-CMA,51,51,1501.5,0.42272202998846597,8.6815004782243932,5.4336416952810396,0.1787479426602262,29,1,0.05,not significant
cec2017,10,1000000,8,basic,all,holm-bonferroni,BIPOP-CMA,MSC-CMA,51,51,867,0.66666666666666674,0,0,7.147198956769631e-06,29,9.2913586438005209e-05,0.05,lower
cec2017,10,1000000,9,basic,all,holm-bonferroni,BIPOP-CMA,MSC-CMA,51,51,561,0.78431372549019607,0,0,4.9980935147976951e-10,29,1.049599638107516e-08,0.05,lower
cec2017,10,1000000,10,basic,all,holm-bonferroni,BIPOP-CMA,MSC-CMA,51,51,2147,0.17454825067281809,6.892375816421918,0.37472664623328455,1.4523823299034789e-08,29,2.6142881938262621e-07,0.05,higher
cec2017,10,1000000,11,hybrid,all,holm-bonferroni,BIPOP-CMA,MSC-CMA,51,51,1275,0.50980392156862742,0,0,0.32689257978151776,29,1,0.05,not significant
cec2017,10,1000000,12,hybrid,all,holm-bonferroni,BIPOP-CMA,MSC-CMA,51,51,1241,0.52287581699346397,0.20814298464551939,0.20814298464551939,0.63696147465187192,29,1,0.05,not significant
cec2017,10,1000000,13,hybrid,all,holm-bonferroni,BIPOP-CMA,MSC-CMA,51,51,836,0.67858515955401766,0.99495905709341059,1.9899181141865938,0.0017315905574014558,29,0.015584315016613103,0.05,lower
cec2017,10,1000000,14,hybrid,all,holm-bonferroni,BIPOP-CMA,MSC-CMA,51,51,452,0.82622068435217222,0,0.40624029105538284,4.5286167278649924e-09,29,8.604371782943485e-08,0.05,lower
cec2017,10,1000000,15,hybrid,all,holm-bonferroni,BIPOP-CMA,MSC-CMA,51,51,334,0.87158785082660517,0.068020604465345968,1.1274421573250493,1.0118260115978925e-10,29,2.2260172255153634e-09,0.05,lower
cec2017,10,1000000,16,hybrid,all,holm-bonferroni,BIPOP-CMA,MSC-CMA,51,51,116,0.95540176855055747,0.50952969869399567,1.3595250304351794,2.2968356403259128e-15,29,5.9717726648473732e-14,0.05,lower
cec2017,10,1000000,17,hybrid,all,holm-bonferroni,BIPOP-CMA,MSC-CMA,51,51,1521,0.41522491349480972,2.7460016075187923,2.430332106630658,0.14091407660114591,29,0.98639853620802143,0.05,not significant
cec2017,10,1000000,18,hybrid,all,holm-bonferroni,BIPOP-CMA,MSC-CMA,51,51,1327,0.48981161091887737,0.85145594402479219,1.214239940146399,0.86185690944727811,29,1,0.05,not significant
cec2017,10,1000000,19,hybrid,all,holm-bonferroni,BIPOP-CMA,MSC-CMA,51,51,158,0.93925413302575933,0.13769755462226385,1.8963748911755829,2.1046746651590817e-14,29,5.051219196381796e-13,0.05,lower
cec2017,10,1000000,20,hybrid,all,holm-bonferroni,BIPOP-CMA,MSC-CMA,51,51,1392,0.46482122260668979,0.62434651282433151,0.31217373263689296,0.54250033322279156,29,1,0.05,not significant
cec2017,10,1000000,21,composition,all,holm-bonferroni,BIPOP-CMA,MSC-CMA,51,51,810.5,0.68838908112264519,100,100.00000000000091,0.00075388665678053138,29,0.007538866567805314,0.05,lower
cec2017,10,1000000,22,composition,all,holm-bonferroni,BIPOP-CMA,MSC-CMA,51,51,1734,0.33333333333333337,100,0,0.0034556502858317613,29,0.02764520228665409,0.05,higher
cec2017,10,1000000,23,composition,all,holm-bonferroni,BIPOP-CMA,MSC-CMA,51,51,2464.5,0.052479815455593992,304.32087161982145,100.00000000012915,6.8303981148620301e-15,29,1.7075995287155075e-13,0.05,higher
cec2017,10,1000000,24,composition,all,holm-bonferroni,BIPOP-CMA,MSC-CMA,51,51,2110.5,0.18858131487889274,100.00000000000455,0,6.0112350011096226e-08,29,1.0219099501886359e-06,0.05,higher
cec2017,10,1000000,25,composition,all,holm-bonferroni,BIPOP-CMA,MSC-CMA,51,51,2495,0.040753556324490625,398.00898944057735,100.00374698602991,8.1920523739240206e-16,29,2.2118541409594854e-14,0.05,higher
cec2017,10,1000000,26,composition,all,holm-bonferroni,BIPOP-CMA,MSC-CMA,51,51,2327,0.1053440984236832,200.00000000006912,0,6.5117356587622497e-12,29,1.4976992015153176e-10,0.05,higher
cec2017,10,1000000,27,composition,all,holm-bonferroni,BIPOP-CMA,MSC-CMA,51,51,438.5,0.83141099577085731,389.00552651867747,389.51799024013508,2.4524188568278397e-09,29,4.9048377136556794e-08,0.05,lower
cec2017,10,1000000,28,composition,all,holm-bonferroni,BIPOP-CMA,MSC-CMA,51,51,2601,0,300.00000000000091,0,1.5675248189042677e-18,29,4.38906949293195e-17,0.05,higher
cec2017,10,1000000,29,composition,all,holm-bonferroni,BIPOP-CMA,MSC-CMA,51,51,1930,0.2579777008842753,230.1311187379597,228.42611495758911,2.5569537894719497e-05,29,0.00028126491684191449,0.05,higher
cec2017,10,1000000,30,composition,all,holm-bonferroni,BIPOP-CMA,MSC-CMA,51,51,561,0.78431372549019607,394.89490143940202,397.70937050314524,7.5728857102636261e-07,29,1.2116617136421802e-05,0.05,lower
cec2017,10,1000000,1,basic,all,holm-bonferroni,LSRTDE,MSC-CMA,51,51,841.5,0.67647058823529416,0,0,3.3660026365163414e-06,29,2.6928021092130731e-05,0.05,lower
cec2017,10,1000000,3,basic,all,holm-bonferroni,LSRTDE,MSC-CMA,51,51,816,0.68627450980392157,0,0,1.5598288539094009e-06,29,1.4038459685184608e-05,0.05,lower
cec2017,10,1000000,4,basic,all,holm-bonferroni,LSRTDE,MSC-CMA,51,51,2567.5,0.012879661668589004,0.5779338301896928,0,3.7419609070122562e-18,29,8.9807061768294148e-17,0.05,higher
cec2017,10,1000000,5,basic,all,holm-bonferroni,LSRTDE,MSC-CMA,51,51,1301,0.49980776624375245,0,0,1,29,1,0.05,not significant
cec2017,10,1000000,6,basic,all,holm-bonferroni,LSRTDE,MSC-CMA,51,51,0,1,0,0.0075635516853935769,1.9881522354074772e-20,29,5.5668262591409363e-19,0.05,lower
cec2017,10,1000000,7,basic,all,holm-bonferroni,LSRTDE,MSC-CMA,51,51,2481,0.046136101499423265,10.728888701055894,5.4336416952810396,2.8225421743223731e-15,29,5.0805759137802716e-14,0.05,higher
cec2017,10,1000000,8,basic,all,holm-bonferroni,LSRTDE,MSC-CMA,51,51,1173,0.5490196078431373,0,0,0.26492107893103056,29,1,0.05,not significant
cec2017,10,1000000,9,basic,all,holm-bonferroni,LSRTDE,MSC-CMA,51,51,561,0.78431372549019607,0,0,4.9980935147976951e-10,29,6.4975215692370035e-09,0.05,lower
cec2017,10,1000000,10,basic,all,holm-bonferroni,LSRTDE,MSC-CMA,51,51,1134,0.56401384083044981,0.37472664623237506,0.37472664623328455,0.26591501662788564,29,1,0.05,not significant
cec2017,10,1000000,11,hybrid,all,holm-bonferroni,LSRTDE,MSC-CMA,51,51,1925,0.25990003844675125,0,0,4.9306380494661458e-08,29,5.4237018544127604e-07,0.05,higher
cec2017,10,1000000,12,hybrid,all,holm-bonferroni,LSRTDE,MSC-CMA,51,51,1754.5,0.32545174932718191,0.20814298464551939,0.20814298464551939,0.00070743180850815334,29,0.0049520226595570734,0.05,higher
cec2017,10,1000000,13,hybrid,all,holm-bonferroni,LSRTDE,MSC-CMA,51,51,844.5,0.67531718569780852,0,1.9899181141865938,0.0019291752294986456,29,0.011575051376991873,0.05,lower
cec2017,10,1000000,14,hybrid,all,holm-bonferroni,LSRTDE,MSC-CMA,51,51,153,0.94117647058823528,0,0.40624029105538284,2.8523212040077908e-17,29,6.2751066488171395e-16,0.05,lower
cec2017,10,1000000,15,hybrid,all,holm-bonferroni,LSRTDE,MSC-CMA,51,51,278,0.89311803152633606,0.040305088390596211,1.1274421573250493,7.9222538658243843e-12,29,1.1091155412154138e-10,0.05,lower
cec2017,10,1000000,16,hybrid,all,holm-bonferroni,LSRTDE,MSC-CMA,51,51,42,0.98385236447520186,0.64838835229215874,1.3595250304351794,3.7833387233007244e-17,29,7.8928733505111576e-16,0.05,lower
cec2017,10,1000000,17,hybrid,all,holm-bonferroni,LSRTDE,MSC-CMA,51,51,407,0.843521722414456,0.62434651196281266,2.430332106630658,2.2485401318492236e-09,29,2.6982481582190683e-08,0.05,lower
cec2017,10,1000000,18,hybrid,all,holm-bonferroni,LSRTDE,MSC-CMA,51,51,121,0.95347943098808152,0.064787708915901021,1.214239940146399,3.0049151366969069e-15,29,5.1083557323847418e-14,0.05,lower
cec2017,10,1000000,19,hybrid,all,holm-bonferroni,LSRTDE,MSC-CMA,51,51,0,1,0.019431819755027391,1.8963748911755829,4.0731326536984148e-19,29,1.0590144899615878e-17,0.05,lower
cec2017,10,1000000,20,hybrid,all,holm-bonferroni,LSRTDE,MSC-CMA,51,51,557,0.78585159554017681,0.31217325598140633,0.31217373263689296,4.6766481195101733e-07,29,4.676648119510173e-06,0.05,lower
cec2017,10,1000000,21,composition,all,holm-bonferroni,LSRTDE,MSC-CMA,51,51,1371,0.4728950403690888,100,100.00000000000091,0.63367068791530534,29,1,0.05,not significant
cec2017,10,1000000,22,composition,all,holm-bonferroni,LSRTDE,MSC-CMA,51,51,2397,0.078431372549019662,100,0,3.2760947426990703e-14,29,4.9141421140486056e-13,0.05,higher
cec2017,10,1000000,23,composition,all,holm-bonferroni,LSRTDE,MSC-CMA,51,51,2500,0.038831218762014563,300,100.00000000012915,3.7585111192910275e-17,29,7.8928733505111576e-16,0.05,higher
cec2017,10,1000000,24,composition,all,holm-bonferroni,LSRTDE,MSC-CMA,51,51,2574,0.01038062283737029,327.16470621657481,0,1.541534010881119e-17,29,3.5455282250265737e-16,0.05,higher
cec2017,10,1000000,25,composition,all,holm-bonferroni,LSRTDE,MSC-CMA,51,51,2601,0,398.00898944057735,100.00374698602991,2.6858430355854667e-18,29,6.7146075889636661e-17,0.05,higher
cec2017,10,1000000,26,composition,all,holm-bonferroni,LSRTDE,MSC-CMA,51,51,2601,0,300,0,1.3898027455457892e-20,29,4.0304279620827885e-19,0.05,higher
cec2017,10,1000000,27,composition,all,holm-bonferroni,LSRTDE,MSC-CMA,51,51,2433,0.064590542099192572,393.81876468429846,389.51799024013508,7.5830275636660608e-15,29,1.2132844101865697e-13,0.05,higher
cec2017,10,1000000,28,composition,all,holm-bonferroni,LSRTDE,MSC-CMA,51,51,2601,0,300,0,1.9881522354074772e-20,29,5.5668262591409363e-19,0.05,higher
cec2017,10,1000000,29,composition,all,holm-bonferroni,LSRTDE,MSC-CMA,51,51,1476,0.43252595155709339,228.58947759529792,228.42611495758911,0.24150883726993477,29,1,0.05,not significant
cec2017,10,1000000,30,composition,all,holm-bonferroni,LSRTDE,MSC-CMA,51,51,108,0.95847750865051906,394.51415060055206,397.70937050314524,1.1060741732012984e-15,29,2.1015409290824669e-14,0.05,lower
cec2017,10,1000000,1,basic,all,holm-bonferroni,NLSHADE-RSP,MSC-CMA,51,51,945,0.63667820069204151,0,0,0.00072167435632954644,29,0.0064950692069659175,0.05,lower
cec2017,10,1000000,3,basic,all,holm-bonferroni,NLSHADE-RSP,MSC-CMA,51,51,816,0.68627450980392157,0,0,1.5598288539094009e-06,29,2.3397432808641014e-05,0.05,lower
cec2017,10,1000000,4,basic,all,holm-bonferroni,NLSHADE-RSP,MSC-CMA,51,51,1085.5,0.58266051518646678,0,0,0.045022810895895049,29,0.25943086049537567,0.05,not significant
cec2017,10,1000000,5,basic,all,holm-bonferroni,NLSHADE-RSP,MSC-CMA,51,51,790,0.69627066512879665,0,0,7.4936205338290203e-06,29,0.00010491068747360628,0.05,lower
cec2017,10,1000000,6,basic,all,holm-bonferroni,NLSHADE-RSP,MSC-CMA,51,51,0,1,0,0.0075635516853935769,1.3905886961424435e-20,29,4.0304279620827885e-19,0.05,lower
cec2017,10,1000000,7,basic,all,holm-bonferroni,NLSHADE-RSP,MSC-CMA,51,51,1945.5,0.25201845444059978,10.43588814320583,5.4336416952810396,1.5810068306026816e-05,29,0.00020553088797834861,0.05,higher
cec2017,10,1000000,8,basic,all,holm-bonferroni,NLSHADE-RSP,MSC-CMA,51,51,901,0.65359477124183007,0,0,5.3439074657437209e-05,29,0.00058782982123180933,0.05,lower
cec2017,10,1000000,9,basic,all,holm-bonferroni,NLSHADE-RSP,MSC-CMA,51,51,561,0.78431372549019607,0,0,4.9980935147976951e-10,29,8.9965683266358518e-09,0.05,lower
cec2017,10,1000000,10,basic,all,holm-bonferroni,NLSHADE-RSP,MSC-CMA,51,51,1343,0.4836601307189542,0.87447819336648536,0.37472664623328455,0.77846888225139987,29,1,0.05,not significant
cec2017,10,1000000,11,hybrid,all,holm-bonferroni,NLSHADE-RSP,MSC-CMA,51,51,1275,0.50980392156862742,0,0,0.32689257978151776,29,1,0.05,not significant
cec2017,10,1000000,12,hybrid,all,holm-bonferroni,NLSHADE-RSP,MSC-CMA,51,51,1870,0.28104575163398693,0.20814300368442673,0.20814298464551939,9.2842365373122318e-05,29,0.00092842365373122318,0.05,higher
cec2017,10,1000000,13,hybrid,all,holm-bonferroni,NLSHADE-RSP,MSC-CMA,51,51,399,0.84659746251441748,0,1.9899181141865938,8.4054377476485596e-10,29,1.4289244171002552e-08,0.05,lower
cec2017,10,1000000,14,hybrid,all,holm-bonferroni,NLSHADE-RSP,MSC-CMA,51,51,153,0.94117647058823528,0,0.40624029105538284,2.8523212040077908e-17,29,5.7046424080155814e-16,0.05,lower
cec2017,10,1000000,15,hybrid,all,holm-bonferroni,NLSHADE-RSP,MSC-CMA,51,51,3,0.99884659746251436,0.00051270766721245309,1.1274421573250493,3.9423573447196093e-18,29,8.6731861583831407e-17,0.05,lower
cec2017,10,1000000,16,hybrid,all,holm-bonferroni,NLSHADE-RSP,MSC-CMA,51,51,0,1,0.0036347684861084417,1.3595250304351794,3.3036815016661564e-18,29,7.9288356039987752e-17,0.05,lower
cec2017,10,1000000,17,hybrid,all,holm-bonferroni,NLSHADE-RSP,MSC-CMA,51,51,0,1,0,2.430332106630658,1.3905886961424435e-20,29,4.0304279620827885e-19,0.05,lower
cec2017,10,1000000,18,hybrid,all,holm-bonferroni,NLSHADE-RSP,MSC-CMA,51,51,0,1,0.00096184936501231277,1.214239940146399,3.3036815016661564e-18,29,7.9288356039987752e-17,0.05,lower
cec2017,10,1000000,19,hybrid,all,holm-bonferroni,NLSHADE-RSP,MSC-CMA,51,51,0,1,0,1.8963748911755829,9.0456776058191968e-20,29,2.2614194014547992e-18,0.05,lower
cec2017,10,1000000,20,hybrid,all,holm-bonferroni,NLSHADE-RSP,MSC-CMA,51,51,0,1,0,0.31217373263689296,1.3905886961424435e-20,29,4.0304279620827885e-19,0.05,lower
cec2017,10,1000000,21,composition,all,holm-bonferroni,NLSHADE-RSP,MSC-CMA,51,51,460,0.82314494425221074,100,100.00000000000091,3.1256887214584252e-09,29,5.0011019543334803e-08,0.05,lower
cec2017,10,1000000,22,composition,all,holm-bonferroni,NLSHADE-RSP,MSC-CMA,51,51,1224,0.52941176470588236,0,0,0.60759729385577266,29,1,0.05,not significant
cec2017,10,1000000,23,composition,all,holm-bonferroni,NLSHADE-RSP,MSC-CMA,51,51,1771,0.31910803537101118,300,100.00000000012915,0.0015804858023016172,29,0.012643886418412938,0.05,higher
cec2017,10,1000000,24,composition,all,holm-bonferroni,NLSHADE-RSP,MSC-CMA,51,51,1596,0.38638985005767013,100,0,0.043238476749229274,29,0.25943086049537567,0.05,not significant
cec2017,10,1000000,25,composition,all,holm-bonferroni,NLSHADE-RSP,MSC-CMA,51,51,2520,0.03114186851211076,397.74286946998745,100.00374698602991,8.7556225807462496e-18,29,1.8386807419567125e-16,0.05,higher
cec2017,10,1000000,26,composition,all,holm-bonferroni,NLSHADE-RSP,MSC-CMA,51,51,0,1,0,0,1.3898027455457892e-20,29,4.0304279620827885e-19,0.05,lower
cec2017,10,1000000,27,composition,all,holm-bonferroni,NLSHADE-RSP,MSC-CMA,51,51,666.5,0.7437524029219531,388.48467636055921,389.51799024013508,2.0106521947256317e-05,29,0.0002412782633670758,0.05,lower
cec2017,10,1000000,28,composition,all,holm-bonferroni,NLSHADE-RSP,MSC-CMA,51,51,1224,0.52941176470588236,0,0,0.60581055107452864,29,1,0.05,not significant
cec2017,10,1000000,29,composition,all,holm-bonferroni,NLSHADE-RSP,MSC-CMA,51,51,1769,0.31987697039600149,231.1472746988884,228.42611495758911,0.0017350930261136458,29,0.012643886418412938,0.05,higher
cec2017,10,1000000,30,composition,all,holm-bonferroni,NLSHADE-RSP,MSC-CMA,51,51,2379,0.085351787773933152,456.16090884078312,397.70937050314524,5.4037713409903573e-13,29,1.0267165547881679e-11,0.05,higher
cec2017,10,1000000,1,basic,all,holm-bonferroni,j2020,MSC-CMA,51,51,1429.5,0.45040369088811993,0,0,0.31339445465511173,29,0.94018336396533519,0.05,not significant
cec2017,10,1000000,3,basic,all,holm-bonferroni,j2020,MSC-CMA,51,51,994.5,0.61764705882352944,0,0,0.0067576158383332785,29,0.040545695029999669,0.05,lower
cec2017,10,1000000,4,basic,all,holm-bonferroni,j2020,MSC-CMA,51,51,1924,0.26028450595924646,0,0,4.092765234139934e-06,29,4.5020417575539277e-05,0.05,higher
cec2017,10,1000000,5,basic,all,holm-bonferroni,j2020,MSC-CMA,51,51,1420.5,0.45386389850057673,0,0,0.39705305532633739,29,0.94018336396533519,0.05,not significant
cec2017,10,1000000,6,basic,all,holm-bonferroni,j2020,MSC-CMA,51,51,0,1,0,0.0075635516853935769,1.3905886961424435e-20,29,4.0327072188130864e-19,0.05,lower
cec2017,10,1000000,7,basic,all,holm-bonferroni,j2020,MSC-CMA,51,51,1754,0.32564398308342946,10.366920772420372,5.4336416952810396,0.0024191758621097512,29,0.016934231034768259,0.05,higher
cec2017,10,1000000,8,basic,all,holm-bonferroni,j2020,MSC-CMA,51,51,1793.5,0.31045751633986929,0,0,0.00018636952829104245,29,0.0016773257546193821,0.05,higher
cec2017,10,1000000,9,basic,all,holm-bonferroni,j2020,MSC-CMA,51,51,685,0.73663975394079206,0,0,1.6127740763555724e-06,29,2.0966062992622442e-05,0.05,lower
cec2017,10,1000000,10,basic,all,holm-bonferroni,j2020,MSC-CMA,51,51,477.5,0.8164167627835448,0.18736332311618753,0.37472664623328455,3.5122862517694314e-08,29,5.2684293776541474e-07,0.05,lower
cec2017,10,1000000,11,hybrid,all,holm-bonferroni,j2020,MSC-CMA,51,51,1887.5,0.27431757016532099,0,0,1.4381958267041371e-07,29,2.0134741573857918e-06,0.05,higher
cec2017,10,1000000,12,hybrid,all,holm-bonferroni,j2020,MSC-CMA,51,51,2145,0.17531718569780852,0.20814298465120373,0.20814298464551939,8.716441849718859e-09,29,1.3946306959550174e-07,0.05,higher
cec2017,10,1000000,13,hybrid,all,holm-bonferroni,j2020,MSC-CMA,51,51,706,0.72856593617839294,0.0001266169956579688,1.9899181141865938,6.7531673673242436e-05,29,0.00067531673673242433,0.05,lower
cec2017,10,1000000,14,hybrid,all,holm-bonferroni,j2020,MSC-CMA,51,51,273,0.89504036908881202,0,0.40624029105538284,7.8017989147800633e-13,29,1.5603597829560125e-11,0.05,lower
cec2017,10,1000000,15,hybrid,all,holm-bonferroni,j2020,MSC-CMA,51,51,32,0.98769703960015376,0.003159964768201462,1.1274421573250493,2.1322325505954687e-17,29,5.1173581214291252e-16,0.05,lower
cec2017,10,1000000,16,hybrid,all,holm-bonferroni,j2020,MSC-CMA,51,51,106,0.95924644367550937,0.37372547612790186,1.3595250304351794,1.3374808339715199e-15,29,2.8087097513401919e-14,0.05,lower
cec2017,10,1000000,17,hybrid,all,holm-bonferroni,j2020,MSC-CMA,51,51,2,0.99923106497500958,0,2.430332106630658,1.0568106419036187e-18,29,2.7477076689494087e-17,0.05,lower
cec2017,10,1000000,18,hybrid,all,holm-bonferroni,j2020,MSC-CMA,51,51,0,1,0.00084557634500015411,1.214239940146399,3.3036815016661564e-18,29,8.2592037541653907e-17,0.05,lower
cec2017,10,1000000,19,hybrid,all,holm-bonferroni,j2020,MSC-CMA,51,51,0,1,0,1.8963748911755829,2.2176689814022883e-19,29,5.9877062497861784e-18,0.05,lower
cec2017,10,1000000,20,hybrid,all,holm-bonferroni,j2020,MSC-CMA,51,51,0,1,0,0.31217373263689296,1.9881522354074772e-20,29,5.5668262591409363e-19,0.05,lower
cec2017,10,1000000,21,composition,all,holm-bonferroni,j2020,MSC-CMA,51,51,998,0.61630142252979625,100.00000000000045,100.00000000000091,0.028963507902163906,29,0.14481753951081952,0.05,not significant
cec2017,10,1000000,22,composition,all,holm-bonferroni,j2020,MSC-CMA,51,51,1122,0.56862745098039214,0,0,0.23104905556254618,29,0.92419622225018472,0.05,not significant
cec2017,10,1000000,23,composition,all,holm-bonferroni,j2020,MSC-CMA,51,51,2524,0.02960399846212991,302.89307390967451,100.00000000012915,2.641118093674888e-16,29,5.8104598060847534e-15,0.05,higher
cec2017,10,1000000,24,composition,all,holm-bonferroni,j2020,MSC-CMA,51,51,1974,0.24106113033448673,100.00000000000045,0,3.5455552460235645e-06,29,4.2546662952282774e-05,0.05,higher
cec2017,10,1000000,25,composition,all,holm-bonferroni,j2020,MSC-CMA,51,51,2546,0.021145713187235682,100.09691550424714,100.00374698602991,7.9048444484949319e-17,29,1.8181142231538342e-15,0.05,higher
cec2017,10,1000000,26,composition,all,holm-bonferroni,j2020,MSC-CMA,51,51,306,0.88235294117647056,0,0,9.1500053432799914e-12,29,1.6470009617903985e-10,0.05,lower
cec2017,10,1000000,27,composition,all,holm-bonferroni,j2020,MSC-CMA,51,51,399,0.84659746251441748,389.00552651867793,389.51799024013508,1.4822096155125799e-10,29,2.5197563463713858e-09,0.05,lower
cec2017,10,1000000,28,composition,all,holm-bonferroni,j2020,MSC-CMA,51,51,1275,0.50980392156862742,0,0,0.86610743942202539,29,0.94018336396533519,0.05,not significant
cec2017,10,1000000,29,composition,all,holm-bonferroni,j2020,MSC-CMA,51,51,2371,0.088427527873894629,234.33823283046058,228.42611495758911,7.9975705232660898e-13,29,1.5603597829560125e-11,0.05,higher
cec2017,10,1000000,30,composition,all,holm-bonferroni,j2020,MSC-CMA,51,51,748,0.71241830065359479,395.48877204155087,397.70937050314524,0.00022042877048070799,29,0.0017634301638456639,0.05,lower
cec2017,10,1000000,1,basic,all,holm-bonferroni,jSO,MSC-CMA,51,51,841.5,0.67647058823529416,0,0,3.3660026365163414e-06,29,1.9300016847453003e-05,0.05,lower
cec2017,10,1000000,3,basic,all,holm-bonferroni,jSO,MSC-CMA,51,51,816,0.68627450980392157,0,0,1.5598288539094009e-06,29,1.0918801977365806e-05,0.05,lower
cec2017,10,1000000,4,basic,all,holm-bonferroni,jSO,MSC-CMA,51,51,892.5,0.65686274509803921,0,0,1.4944043286729894e-05,29,5.9776173146919577e-05,0.05,lower
cec2017,10,1000000,5,basic,all,holm-bonferroni,jSO,MSC-CMA,51,51,2099,0.19300269127258751,0.99495905709329691,0,1.27884583507474e-08,29,1.150961251567266e-07,0.05,higher
cec2017,10,1000000,6,basic,all,holm-bonferroni,jSO,MSC-CMA,51,51,0,1,0,0.0075635516853935769,6.8831868019631798e-19,29,1.5831329644515312e-17,0.05,lower
cec2017,10,1000000,7,basic,all,holm-bonferroni,jSO,MSC-CMA,51,51,2589,0.0046136101499423265,11.76770324721565,5.4336416952810396,6.681892873127168e-18,29,1.269559645894162e-16,0.05,higher
cec2017,10,1000000,8,basic,all,holm-bonferroni,jSO,MSC-CMA,51,51,2465,0.052287581699346442,1.9899181141865938,0,5.7107449920353123e-16,29,7.995042988849437e-15,0.05,higher
cec2017,10,1000000,9,basic,all,holm-bonferroni,jSO,MSC-CMA,51,51,561,0.78431372549019607,0,0,4.9980935147976951e-10,29,4.9980935147976949e-09,0.05,lower
cec2017,10,1000000,10,basic,all,holm-bonferroni,jSO,MSC-CMA,51,51,1996,0.2326028450595925,6.954830257460344,0.37472664623328455,3.2166694745755005e-06,29,1.9300016847453003e-05,0.05,higher
cec2017,10,1000000,11,hybrid,all,holm-bonferroni,jSO,MSC-CMA,51,51,1275,0.50980392156862742,0,0,0.32689257978151776,29,0.65378515956303551,0.05,not significant
cec2017,10,1000000,12,hybrid,all,holm-bonferroni,jSO,MSC-CMA,51,51,1326,0.49019607843137258,0.20814298464551939,0.20814298464551939,0.8508667615510338,29,0.8508667615510338,0.05,not significant
cec2017,10,1000000,13,hybrid,all,holm-bonferroni,jSO,MSC-CMA,51,51,261,0.89965397923875434,0,1.9899181141865938,2.3185312729836647e-13,29,3.0140906548787643e-12,0.05,lower
cec2017,10,1000000,14,hybrid,all,holm-bonferroni,jSO,MSC-CMA,51,51,153,0.94117647058823528,0,0.40624029105538284,2.8523212040077908e-17,29,4.8489460468132449e-16,0.05,lower
cec2017,10,1000000,15,hybrid,all,holm-bonferroni,jSO,MSC-CMA,51,51,51,0.98039215686274506,4.2364859154986334e-05,1.1274421573250493,6.3149548680310421e-17,29,9.4724323020465635e-16,0.05,lower
cec2017,10,1000000,16,hybrid,all,holm-bonferroni,jSO,MSC-CMA,51,51,15,0.99423298731257204,0.30164338471013252,1.3595250304351794,7.9626592822660999e-18,29,1.4332786708078979e-16,0.05,lower
cec2017,10,1000000,17,hybrid,all,holm-bonferroni,jSO,MSC-CMA,51,51,2,0.99923106497500958,0.019729344121969916,2.430332106630658,3.256404957210751e-18,29,6.8384504101425766e-17,0.05,lower
cec2017,10,1000000,18,hybrid,all,holm-bonferroni,jSO,MSC-CMA,51,51,10,0.9961553248750481,1.6440793160654721e-05,1.214239940146399,5.9454550836585812e-18,29,1.1890910167317162e-16,0.05,lower
cec2017,10,1000000,19,hybrid,all,holm-bonferroni,jSO,MSC-CMA,51,51,0,1,0,1.8963748911755829,1.3905886961424435e-20,29,3.9805943070025799e-19,0.05,lower
cec2017,10,1000000,20,hybrid,all,holm-bonferroni,jSO,MSC-CMA,51,51,0,1,0,0.31217373263689296,1.3905886961424435e-20,29,3.9805943070025799e-19,0.05,lower
cec2017,10,1000000,21,composition,all,holm-bonferroni,jSO,MSC-CMA,51,51,1119,0.56978085351787766,100.00000000000045,100.00000000000091,0.21571290833282109,29,0.64713872499846326,0.05,not significant
cec2017,10,1000000,22,composition,all,holm-bonferroni,jSO,MSC-CMA,51,51,2601,0,100,0,1.3726187265526139e-20,29,3.9805943070025799e-19,0.05,higher
cec2017,10,1000000,23,composition,all,holm-bonferroni,jSO,MSC-CMA,51,51,2500,0.038831218762014563,300,100.00000000012915,4.7329889901118965e-17,29,7.5727823841790344e-16,0.05,higher
cec2017,10,1000000,24,composition,all,holm-bonferroni,jSO,MSC-CMA,51,51,2394,0.079584775086505188,300,0,2.3197656289941496e-13,29,3.0140906548787643e-12,0.05,higher
cec2017,10,1000000,25,composition,all,holm-bonferroni,jSO,MSC-CMA,51,51,2601,0,397.74286946998745,100.00374698602991,7.1346918193234397e-19,29,1.5831329644515312e-17,0.05,higher
cec2017,10,1000000,26,composition,all,holm-bonferroni,jSO,MSC-CMA,51,51,2601,0,300,0,1.3898027455457892e-20,29,3.9805943070025799e-19,0.05,higher
cec2017,10,1000000,27,composition,all,holm-bonferroni,jSO,MSC-CMA,51,51,2249,0.13533256439830832,393.81876468429846,389.51799024013508,9.7281063337479478e-11,29,1.0700916967122742e-09,0.05,higher
cec2017,10,1000000,28,composition,all,holm-bonferroni,jSO,MSC-CMA,51,51,2601,0,300,0,2.7869870666077664e-20,29,6.9674676665194161e-19,0.05,higher
cec2017,10,1000000,29,composition,all,holm-bonferroni,jSO,MSC-CMA,51,51,2147,0.17454825067281809,231.05497184452543,228.42611495758911,1.4959230481803222e-08,29,1.1967384385442577e-07,0.05,higher
cec2017,10,1000000,30,composition,all,holm-bonferroni,jSO,MSC-CMA,51,51,0,1,394.50077241437884,397.70937050314524,5.915382387622474e-19,29,1.4196917730293938e-17,0.05,lower
cec2017,10,1000000,21,composition,composition,holm-bonferroni,ARRDE,MSC-CMA,51,51,754.5,0.70991926182237597,100.00000000000045,100.00000000000091,8.3183945871917553e-05,10,0.00049910367523150535,0.05,lower
cec2017,10,1000000,22,composition,composition,holm-bonferroni,ARRDE,MSC-CMA,51,51,1887,0.27450980392156865,19.8069123918267,0,8.6361373805492008e-05,10,0.00049910367523150535,0.05,higher
cec2017,10,1000000,23,composition,composition,holm-bonferroni,ARRDE,MSC-CMA,51,51,808,0.68935024990388305,0,100.00000000012915,0.00088776118204832307,10,0.0035510447281932923,0.05,lower
cec2017,10,1000000,24,composition,composition,holm-bonferroni,ARRDE,MSC-CMA,51,51,1764,0.32179930795847755,100.00000000000045,0,0.0017051373080164437,10,0.0051154119240493312,0.05,higher
cec2017,10,1000000,25,composition,composition,holm-bonferroni,ARRDE,MSC-CMA,51,51,441,0.83044982698961944,100.00004311718567,100.00374698602991,8.9719413775227486e-09,10,6.2803589642659239e-08,0.05,lower
cec2017,10,1000000,26,composition,composition,holm-bonferroni,ARRDE,MSC-CMA,51,51,51,0.98039215686274506,0,0,3.545881389741796e-18,10,3.1912932507676165e-17,0.05,lower
cec2017,10,1000000,27,composition,composition,holm-bonferroni,ARRDE,MSC-CMA,51,51,262.5,0.89907727797001158,389.00552651867793,389.51799024013508,4.0332044434167445e-13,10,3.2265635547333956e-12,0.05,lower
cec2017,10,1000000,28,composition,composition,holm-bonferroni,ARRDE,MSC-CMA,51,51,1530,0.41176470588235292,200,0,0.12304330071916898,10,0.24608660143833797,0.05,not significant
cec2017,10,1000000,29,composition,composition,holm-bonferroni,ARRDE,MSC-CMA,51,51,1193,0.54133025759323339,228.14845204036328,228.42611495758911,0.47391744947815007,10,0.47391744947815007,0.05,not significant
cec2017,10,1000000,30,composition,composition,holm-bonferroni,ARRDE,MSC-CMA,51,51,0,1,394.50077241437884,397.70937050314524,7.7885700557944654e-19,10,7.7885700557944658e-18,0.05,lower
cec2017,10,1000000,21,composition,composition,holm-bonferroni,BIPOP-CMA,MSC-CMA,51,51,810.5,0.68838908112264519,100,100.00000000000091,0.00075388665678053138,10,0.0015077733135610628,0.05,lower
cec2017,10,1000000,22,composition,composition,holm-bonferroni,BIPOP-CMA,MSC-CMA,51,51,1734,0.33333333333333337,100,0,0.0034556502858317613,10,0.0034556502858317613,0.05,higher
cec2017,10,1000000,23,composition,composition,holm-bonferroni,BIPOP-CMA,MSC-CMA,51,51,2464.5,0.052479815455593992,304.32087161982145,100.00000000012915,6.8303981148620301e-15,10,5.4643184918896241e-14,0.05,higher
cec2017,10,1000000,24,composition,composition,holm-bonferroni,BIPOP-CMA,MSC-CMA,51,51,2110.5,0.18858131487889274,100.00000000000455,0,6.0112350011096226e-08,10,3.0056175005548112e-07,0.05,higher
cec2017,10,1000000,25,composition,composition,holm-bonferroni,BIPOP-CMA,MSC-CMA,51,51,2495,0.040753556324490625,398.00898944057735,100.00374698602991,8.1920523739240206e-16,10,7.372847136531618e-15,0.05,higher
cec2017,10,1000000,26,composition,composition,holm-bonferroni,BIPOP-CMA,MSC-CMA,51,51,2327,0.1053440984236832,200.00000000006912,0,6.5117356587622497e-12,10,4.5582149611335747e-11,0.05,higher
cec2017,10,1000000,27,composition,composition,holm-bonferroni,BIPOP-CMA,MSC-CMA,51,51,438.5,0.83141099577085731,389.00552651867747,389.51799024013508,2.4524188568278397e-09,10,1.4714513140967038e-08,0.05,lower
cec2017,10,1000000,28,composition,composition,holm-bonferroni,BIPOP-CMA,MSC-CMA,51,51,2601,0,300.00000000000091,0,1.5675248189042677e-18,10,1.5675248189042676e-17,0.05,higher
cec2017,10,1000000,29,composition,composition,holm-bonferroni,BIPOP-CMA,MSC-CMA,51,51,1930,0.2579777008842753,230.1311187379597,228.42611495758911,2.5569537894719497e-05,10,7.6708613684158488e-05,0.05,higher
cec2017,10,1000000,30,composition,composition,holm-bonferroni,BIPOP-CMA,MSC-CMA,51,51,561,0.78431372549019607,394.89490143940202,397.70937050314524,7.5728857102636261e-07,10,3.0291542841054504e-06,0.05,lower
cec2017,10,1000000,21,composition,composition,holm-bonferroni,LSRTDE,MSC-CMA,51,51,1371,0.4728950403690888,100,100.00000000000091,0.63367068791530534,10,0.63367068791530534,0.05,not significant
cec2017,10,1000000,22,composition,composition,holm-bonferroni,LSRTDE,MSC-CMA,51,51,2397,0.078431372549019662,100,0,3.2760947426990703e-14,10,9.8282842280972102e-14,0.05,higher
cec2017,10,1000000,23,composition,composition,holm-bonferroni,LSRTDE,MSC-CMA,51,51,2500,0.038831218762014563,300,100.00000000012915,3.7585111192910275e-17,10,2.2551066715746167e-16,0.05,higher
cec2017,10,1000000,24,composition,composition,holm-bonferroni,LSRTDE,MSC-CMA,51,51,2574,0.01038062283737029,327.16470621657481,0,1.541534010881119e-17,10,1.0790738076167833e-16,0.05,higher
cec2017,10,1000000,25,composition,composition,holm-bonferroni,LSRTDE,MSC-CMA,51,51,2601,0,398.00898944057735,100.00374698602991,2.6858430355854667e-18,10,2.1486744284683734e-17,0.05,higher
cec2017,10,1000000,26,composition,composition,holm-bonferroni,LSRTDE,MSC-CMA,51,51,2601,0,300,0,1.3898027455457892e-20,10,1.3898027455457893e-19,0.05,higher
cec2017,10,1000000,27,composition,composition,holm-bonferroni,LSRTDE,MSC-CMA,51,51,2433,0.064590542099192572,393.81876468429846,389.51799024013508,7.5830275636660608e-15,10,3.0332110254664243e-14,0.05,higher
cec2017,10,1000000,28,composition,composition,holm-bonferroni,LSRTDE,MSC-CMA,51,51,2601,0,300,0,1.9881522354074772e-20,10,1.7893370118667295e-19,0.05,higher
cec2017,10,1000000,29,composition,composition,holm-bonferroni,LSRTDE,MSC-CMA,51,51,1476,0.43252595155709339,228.58947759529792,228.42611495758911,0.24150883726993477,10,0.48301767453986955,0.05,not significant
cec2017,10,1000000,30,composition,composition,holm-bonferroni,LSRTDE,MSC-CMA,51,51,108,0.95847750865051906,394.51415060055206,397.70937050314524,1.1060741732012984e-15,10,5.5303708660064917e-15,0.05,lower
cec2017,10,1000000,21,composition,composition,holm-bonferroni,NLSHADE-RSP,MSC-CMA,51,51,460,0.82314494425221074,100,100.00000000000091,3.1256887214584252e-09,10,2.1879821050208977e-08,0.05,lower
cec2017,10,1000000,22,composition,composition,holm-bonferroni,NLSHADE-RSP,MSC-CMA,51,51,1224,0.52941176470588236,0,0,0.60759729385577266,10,1,0.05,not significant
cec2017,10,1000000,23,composition,composition,holm-bonferroni,NLSHADE-RSP,MSC-CMA,51,51,1771,0.31910803537101118,300,100.00000000012915,0.0015804858023016172,10,0.0079024290115080869,0.05,higher
cec2017,10,1000000,24,composition,composition,holm-bonferroni,NLSHADE-RSP,MSC-CMA,51,51,1596,0.38638985005767013,100,0,0.043238476749229274,10,0.12971543024768784,0.05,not significant
cec2017,10,1000000,25,composition,composition,holm-bonferroni,NLSHADE-RSP,MSC-CMA,51,51,2520,0.03114186851211076,397.74286946998745,100.00374698602991,8.7556225807462496e-18,10,7.8800603226716251e-17,0.05,higher
cec2017,10,1000000,26,composition,composition,holm-bonferroni,NLSHADE-RSP,MSC-CMA,51,51,0,1,0,0,1.3898027455457892e-20,10,1.3898027455457893e-19,0.05,lower
cec2017,10,1000000,27,composition,composition,holm-bonferroni,NLSHADE-RSP,MSC-CMA,51,51,666.5,0.7437524029219531,388.48467636055921,389.51799024013508,2.0106521947256317e-05,10,0.0001206391316835379,0.05,lower
cec2017,10,1000000,28,composition,composition,holm-bonferroni,NLSHADE-RSP,MSC-CMA,51,51,1224,0.52941176470588236,0,0,0.60581055107452864,10,1,0.05,not significant
cec2017,10,1000000,29,composition,composition,holm-bonferroni,NLSHADE-RSP,MSC-CMA,51,51,1769,0.31987697039600149,231.1472746988884,228.42611495758911,0.0017350930261136458,10,0.0079024290115080869,0.05,higher
cec2017,10,1000000,30,composition,composition,holm-bonferroni,NLSHADE-RSP,MSC-CMA,51,51,2379,0.085351787773933152,456.16090884078312,397.70937050314524,5.4037713409903573e-13,10,4.3230170727922859e-12,0.05,higher
cec2017,10,1000000,21,composition,composition,holm-bonferroni,j2020,MSC-CMA,51,51,998,0.61630142252979625,100.00000000000045,100.00000000000091,0.028963507902163906,10,0.086890523706491724,0.05,not significant
cec2017,10,1000000,22,composition,composition,holm-bonferroni,j2020,MSC-CMA,51,51,1122,0.56862745098039214,0,0,0.23104905556254618,10,0.46209811112509236,0.05,not significant
cec2017,10,1000000,23,composition,composition,holm-bonferroni,j2020,MSC-CMA,51,51,2524,0.02960399846212991,302.89307390967451,100.00000000012915,2.641118093674888e-16,10,2.3770062843073993e-15,0.05,higher
cec2017,10,1000000,24,composition,composition,holm-bonferroni,j2020,MSC-CMA,51,51,1974,0.24106113033448673,100.00000000000045,0,3.5455552460235645e-06,10,1.7727776230117823e-05,0.05,higher
cec2017,10,1000000,25,composition,composition,holm-bonferroni,j2020,MSC-CMA,51,51,2546,0.021145713187235682,100.09691550424714,100.00374698602991,7.9048444484949319e-17,10,7.9048444484949319e-16,0.05,higher
cec2017,10,1000000,26,composition,composition,holm-bonferroni,j2020,MSC-CMA,51,51,306,0.88235294117647056,0,0,9.1500053432799914e-12,10,6.405003740295994e-11,0.05,lower
cec2017,10,1000000,27,composition,composition,holm-bonferroni,j2020,MSC-CMA,51,51,399,0.84659746251441748,389.00552651867793,389.51799024013508,1.4822096155125799e-10,10,8.8932576930754792e-10,0.05,lower
cec2017,10,1000000,28,composition,composition,holm-bonferroni,j2020,MSC-CMA,51,51,1275,0.50980392156862742,0,0,0.86610743942202539,10,0.86610743942202539,0.05,not significant
cec2017,10,1000000,29,composition,composition,holm-bonferroni,j2020,MSC-CMA,51,51,2371,0.088427527873894629,234.33823283046058,228.42611495758911,7.9975705232660898e-13,10,6.3980564186128718e-12,0.05,higher
cec2017,10,1000000,30,composition,composition,holm-bonferroni,j2020,MSC-CMA,51,51,748,0.71241830065359479,395.48877204155087,397.70937050314524,0.00022042877048070799,10,0.00088171508192283195,0.05,lower
cec2017,10,1000000,21,composition,composition,holm-bonferroni,jSO,MSC-CMA,51,51,1119,0.56978085351787766,100.00000000000045,100.00000000000091,0.21571290833282109,10,0.21571290833282109,0.05,not significant
cec2017,10,1000000,22,composition,composition,holm-bonferroni,jSO,MSC-CMA,51,51,2601,0,100,0,1.3726187265526139e-20,10,1.3726187265526139e-19,0.05,higher
cec2017,10,1000000,23,composition,composition,holm-bonferroni,jSO,MSC-CMA,51,51,2500,0.038831218762014563,300,100.00000000012915,4.7329889901118965e-17,10,2.3664944950559485e-16,0.05,higher
cec2017,10,1000000,24,composition,composition,holm-bonferroni,jSO,MSC-CMA,51,51,2394,0.079584775086505188,300,0,2.3197656289941496e-13,10,9.2790625159765986e-13,0.05,higher
cec2017,10,1000000,25,composition,composition,holm-bonferroni,jSO,MSC-CMA,51,51,2601,0,397.74286946998745,100.00374698602991,7.1346918193234397e-19,10,4.2808150915940634e-18,0.05,higher
cec2017,10,1000000,26,composition,composition,holm-bonferroni,jSO,MSC-CMA,51,51,2601,0,300,0,1.3898027455457892e-20,10,1.3726187265526139e-19,0.05,higher
cec2017,10,1000000,27,composition,composition,holm-bonferroni,jSO,MSC-CMA,51,51,2249,0.13533256439830832,393.81876468429846,389.51799024013508,9.7281063337479478e-11,10,2.9184319001243846e-10,0.05,higher
cec2017,10,1000000,28,composition,composition,holm-bonferroni,jSO,MSC-CMA,51,51,2601,0,300,0,2.7869870666077664e-20,10,2.2295896532862131e-19,0.05,higher
cec2017,10,1000000,29,composition,composition,holm-bonferroni,jSO,MSC-CMA,51,51,2147,0.17454825067281809,231.05497184452543,228.42611495758911,1.4959230481803222e-08,10,2.9918460963606444e-08,0.05,higher
cec2017,10,1000000,30,composition,composition,holm-bonferroni,jSO,MSC-CMA,51,51,0,1,394.50077241437884,397.70937050314524,5.915382387622474e-19,10,4.1407676713357322e-18,0.05,lower
cec2017,30,300000,1,basic,all,holm-bonferroni,ARRDE,MSC-CMA,51,51,50.5,0.98058439061899272,0,0,5.1161712976869969e-17,29,9.2091083358365947e-16,0.05,lower
cec2017,30,300000,3,basic,all,holm-bonferroni,ARRDE,MSC-CMA,51,51,2598,0.0011534025374856371,0,0,6.3117821027270588e-20,29,1.830416809790847e-18,0.05,higher
cec2017,30,300000,4,basic,all,holm-bonferroni,ARRDE,MSC-CMA,51,51,267,0.89734717416378318,9.0681644884962225,58.56163983257062,4.5911585215138897e-12,29,5.0502743736652784e-11,0.05,lower
cec2017,30,300000,5,basic,all,holm-bonferroni,ARRDE,MSC-CMA,51,51,2350.5,0.096309111880046094,9.9495905709329691,3.9798362283731876,2.0008381928125319e-12,29,2.4010058313750383e-11,0.05,higher
cec2017,30,300000,6,basic,all,holm-bonferroni,ARRDE,MSC-CMA,51,51,0,1,1.8870423446060158e-07,0.074380444144935609,3.3036815016661564e-18,29,8.9172432832438825e-17,0.05,lower
cec2017,30,300000,7,basic,all,holm-bonferroni,ARRDE,MSC-CMA,51,51,2450,0.058054594386774294,38.636318143283688,7.0614322061916255,1.472262099172083e-14,29,2.3556193586753328e-13,0.05,higher
cec2017,30,300000,8,basic,all,holm-bonferroni,ARRDE,MSC-CMA,51,51,2417.5,0.070549788542868086,9.9495905709330827,3.9798362283733013,7.5406414985446954e-14,29,1.0556898097962574e-12,0.05,higher
cec2017,30,300000,9,basic,all,holm-bonferroni,ARRDE,MSC-CMA,51,51,359,0.86197616301422531,0,0.45432401859090987,1.1345259400363232e-10,29,1.0210733460326909e-09,0.05,lower
cec2017,30,300000,10,basic,all,holm-bonferroni,ARRDE,MSC-CMA,51,51,2601,0,2105.71059832018,299.144092331504,3.3036815016661564e-18,29,8.9172432832438825e-17,0.05,higher
cec2017,30,300000,11,hybrid,all,holm-bonferroni,ARRDE,MSC-CMA,51,51,452,0.82622068435217222,3.979836228475051,33.853901606017871,1.3833919414225625e-08,29,1.10671355313805e-07,0.05,lower
cec2017,30,300000,12,hybrid,all,holm-bonferroni,ARRDE,MSC-CMA,51,51,163,0.93733179546328338,493.12693285500313,1095.3934486233293,2.7492796885192629e-14,29,4.1239195327788941e-13,0.05,lower
cec2017,30,300000,13,hybrid,all,holm-bonferroni,ARRDE,MSC-CMA,51,51,0,1,15.725458793292773,871.21622217886352,3.3036815016661564e-18,29,8.9172432832438825e-17,0.05,lower
cec2017,30,300000,14,hybrid,all,holm-bonferroni,ARRDE,MSC-CMA,51,51,0,1,21.990663153942705,97.678384579398653,3.3036815016661564e-18,29,8.9172432832438825e-17,0.05,lower
cec2017,30,300000,15,hybrid,all,holm-bonferroni,ARRDE,MSC-CMA,51,51,0,1,0.95825143321303585,297.72047450417858,3.3036815016661564e-18,29,8.9172432832438825e-17,0.05,lower
cec2017,30,300000,16,hybrid,all,holm-bonferroni,ARRDE,MSC-CMA,51,51,961,0.63052672049211844,18.219138056861766,23.070730255955141,0.023278800395417704,29,0.046557600790835409,0.05,lower
cec2017,30,300000,17,hybrid,all,holm-bonferroni,ARRDE,MSC-CMA,51,51,1972,0.24183006535947715,42.250679426522538,31.079191237389068,7.095394831250368e-06,29,4.9667763818752575e-05,0.05,higher
cec2017,30,300000,18,hybrid,all,holm-bonferroni,ARRDE,MSC-CMA,51,51,0,1,20.537134604150197,208.84015317138142,3.3036815016661564e-18,29,8.9172432832438825e-17,0.05,lower
cec2017,30,300000,19,hybrid,all,holm-bonferroni,ARRDE,MSC-CMA,51,51,0,1,4.2722465440792803,84.344402619092079,3.3036815016661564e-18,29,8.9172432832438825e-17,0.05,lower
cec2017,30,300000,20,hybrid,all,holm-bonferroni,ARRDE,MSC-CMA,51,51,1852,0.28796616685890042,36.148816445486091,26.842105555600938,0.00022630644827595283,29,0.001357838689655717,0.05,higher
cec2017,30,300000,21,composition,all,holm-bonferroni,ARRDE,MSC-CMA,51,51,1732,0.33410226835832368,208.80721742047535,207.10901121374673,0.0039195481121284516,29,0.019597740560642257,0.05,higher
cec2017,30,300000,22,composition,all,holm-bonferroni,ARRDE,MSC-CMA,51,51,0,1,100.00000000000546,100.00000000007094,3.1847297440156725e-18,29,8.9172432832438825e-17,0.05,lower
cec2017,30,300000,23,composition,all,holm-bonferroni,ARRDE,MSC-CMA,51,51,878,0.66243752402921952,355.94202039646007,359.98999773036076,0.0047380684129772616,29,0.019597740560642257,0.05,lower
cec2017,30,300000,24,composition,all,holm-bonferroni,ARRDE,MSC-CMA,51,51,922,0.64552095347943106,428.45662593944053,430.18185323924081,0.011411345384243895,29,0.034234036152731684,0.05,lower
cec2017,30,300000,25,composition,all,holm-bonferroni,ARRDE,MSC-CMA,51,51,0,1,386.69284787720972,386.9362913464247,3.3008180394500405e-18,29,8.9172432832438825e-17,0.05,lower
cec2017,30,300000,26,composition,all,holm-bonferroni,ARRDE,MSC-CMA,51,51,2318,0.10880430603614,300.00000017306093,200.00000000079854,9.9973180999251343e-12,29,9.9973180999251336e-11,0.05,higher
cec2017,30,300000,27,composition,all,holm-bonferroni,ARRDE,MSC-CMA,51,51,225,0.91349480968858132,492.27163496326011,502.57875215042804,6.2616421019469725e-13,29,8.1401347325310641e-12,0.05,lower
cec2017,30,300000,28,composition,all,holm-bonferroni,ARRDE,MSC-CMA,51,51,113,0.95655517108804311,300.00000000000773,300.00002136507555,1.9382759768481551e-15,29,3.2950691606418636e-14,0.05,lower
cec2017,30,300000,29,composition,all,holm-bonferroni,ARRDE,MSC-CMA,51,51,984,0.621683967704729,440.0018740653486,449.99016292596161,0.034438853130554392,29,0.046557600790835409,0.05,lower
cec2017,30,300000,30,composition,all,holm-bonferroni,ARRDE,MSC-CMA,51,51,0,1,1970.4043578776091,2351.1440132934194,3.3036815016661564e-18,29,8.9172432832438825e-17,0.05,lower
cec2017,30,300000,1,basic,all,holm-bonferroni,BIPOP-CMA,MSC-CMA,51,51,1.5,0.99942329873125724,0,0,4.223800813531734e-20,29,1.1826642277888855e-18,0.05,lower
cec2017,30,300000,3,basic,all,holm-bonferroni,BIPOP-CMA,MSC-CMA,51,51,51,0.98039215686274506,0,0,1.0049175609134329e-21,29,2.9142609266489552e-20,0.05,lower
cec2017,30,300000,4,basic,all,holm-bonferroni,BIPOP-CMA,MSC-CMA,51,51,153.5,0.94098423683198773,58.561557302385154,58.56163983257062,7.8061894301706228e-15,29,1.6392997803358309e-13,0.05,lower
cec2017,30,300000,5,basic,all,holm-bonferroni,BIPOP-CMA,MSC-CMA,51,51,1768,0.3202614379084967,5.9922716121541271,3.9798362283731876,0.001722662803523122,29,0.012058639624661853,0.05,higher
cec2017,30,300000,6,basic,all,holm-bonferroni,BIPOP-CMA,MSC-CMA,51,51,0,1,0,0.074380444144935609,2.8654998350877367e-18,29,7.4502995712281154e-17,0.05,lower
cec2017,30,300000,7,basic,all,holm-bonferroni,BIPOP-CMA,MSC-CMA,51,51,889,0.6582083813917724,5.3095948307784511,7.0614322061916255,0.0059467584071159572,29,0.035680550442695746,0.05,lower
cec2017,30,300000,8,basic,all,holm-bonferroni,BIPOP-CMA,MSC-CMA,51,51,1684.5,0.35236447520184544,5.9697543425597814,3.9798362283733013,0.010152173079377578,29,0.050760865396887886,0.05,not significant
cec2017,30,300000,9,basic,all,holm-bonferroni,BIPOP-CMA,MSC-CMA,51,51,25.5,0.99019607843137258,0,0.45432401859090987,4.9982796826130203e-20,29,1.3495355143055155e-18,0.05,lower
cec2017,30,300000,10,basic,all,holm-bonferroni,BIPOP-CMA,MSC-CMA,51,51,2366,0.09034986543637058,921.66204735875726,299.144092331504,1.0203522203872342e-12,29,1.8366339966970217e-11,0.05,higher
cec2017,30,300000,11,hybrid,all,holm-bonferroni,BIPOP-CMA,MSC-CMA,51,51,1249,0.51980007689350249,20.89409985096836,33.853901606017871,0.73284717156571877,29,1,0.05,not significant
cec2017,30,300000,12,hybrid,all,holm-bonferroni,BIPOP-CMA,MSC-CMA,51,51,1069,0.58900422914263739,1013.0568527594996,1095.3934486233293,0.12210084964886696,29,0.36630254894660086,0.05,not significant
cec2017,30,300000,13,hybrid,all,holm-bonferroni,BIPOP-CMA,MSC-CMA,51,51,0,1,19.702356069506777,871.21622217886352,3.3029654153868941e-18,29,7.9271169969285457e-17,0.05,lower
cec2017,30,300000,14,hybrid,all,holm-bonferroni,BIPOP-CMA,MSC-CMA,51,51,635,0.75586312956555168,40.046299132231297,97.678384579398653,8.5610619355666521e-06,29,9.1279909547211532e-05,0.05,lower
cec2017,30,300000,15,hybrid,all,holm-bonferroni,BIPOP-CMA,MSC-CMA,51,51,535,0.79430988081507115,109.7947554710322,297.72047450417858,3.056634865406491e-07,29,3.9736253250284381e-06,0.05,lower
cec2017,30,300000,16,hybrid,all,holm-bonferroni,BIPOP-CMA,MSC-CMA,51,51,2269,0.1276432141484044,204.60503096169919,23.070730255955141,9.2613947627155973e-11,29,1.4818231620344956e-09,0.05,higher
cec2017,30,300000,17,hybrid,all,holm-bonferroni,BIPOP-CMA,MSC-CMA,51,51,2306,0.11341791618608232,63.605309821330138,31.079191237389068,1.7418599631240074e-11,29,2.9611619373108128e-10,0.05,higher
cec2017,30,300000,18,hybrid,all,holm-bonferroni,BIPOP-CMA,MSC-CMA,51,51,226,0.91311034217608611,70.18070285109161,208.84015317138142,6.5762821204385429e-13,29,1.2494936028833231e-11,0.05,lower
cec2017,30,300000,19,hybrid,all,holm-bonferroni,BIPOP-CMA,MSC-CMA,51,51,791,0.69588619761630144,55.624585696192753,84.344402619092079,0.00065780332239492509,29,0.0052624265791594007,0.05,lower
cec2017,30,300000,20,hybrid,all,holm-bonferroni,BIPOP-CMA,MSC-CMA,51,51,2497,0.0399846212995002,74.025076702779188,26.842105555600938,1.1997452108071602e-15,29,2.6394394637757523e-14,0.05,higher
cec2017,30,300000,21,composition,all,holm-bonferroni,BIPOP-CMA,MSC-CMA,51,51,1672,0.35717031910803532,208.58127777392792,207.10901121374673,0.013025488613839627,29,0.052101954455358507,0.05,not significant
cec2017,30,300000,22,composition,all,holm-bonferroni,BIPOP-CMA,MSC-CMA,51,51,366.5,0.85909265667051138,100.00000000001955,100.00000000007094,4.1453265312059556e-10,29,6.2179897968089331e-09,0.05,lower
cec2017,30,300000,23,composition,all,holm-bonferroni,BIPOP-CMA,MSC-CMA,51,51,1967,0.2437524029219531,364.4089543940072,359.98999773036076,8.2981735952010488e-06,29,9.1279909547211532e-05,0.05,higher
cec2017,30,300000,24,composition,all,holm-bonferroni,BIPOP-CMA,MSC-CMA,51,51,1380,0.46943483275663211,430.31659585480293,430.18185323924081,0.59699700908945941,29,1,0.05,not significant
cec2017,30,300000,25,composition,all,holm-bonferroni,BIPOP-CMA,MSC-CMA,51,51,0,1,386.69284787720972,386.9362913464247,3.1702356816153412e-18,29,7.9255892040383535e-17,0.05,lower
cec2017,30,300000,26,composition,all,holm-bonferroni,BIPOP-CMA,MSC-CMA,51,51,2022,0.22260668973471742,300.00000000005866,200.00000000079854,1.3966443338518099e-06,29,1.6759732006221717e-05,0.05,higher
cec2017,30,300000,27,composition,all,holm-bonferroni,BIPOP-CMA,MSC-CMA,51,51,2141,0.17685505574778926,509.13571497813155,502.57875215042804,1.8889684094290756e-08,29,2.6445557732007059e-07,0.05,higher
cec2017,30,300000,28,composition,all,holm-bonferroni,BIPOP-CMA,MSC-CMA,51,51,66,0.9746251441753172,300.00000000000091,300.00002136507555,6.9657757796890764e-17,29,1.6021284293284876e-15,0.05,lower
cec2017,30,300000,29,composition,all,holm-bonferroni,BIPOP-CMA,MSC-CMA,51,51,2451,0.057670126874279082,583.59002811540995,449.99016292596161,1.3971975970711447e-14,29,2.7943951941422895e-13,0.05,higher
cec2017,30,300000,30,composition,all,holm-bonferroni,BIPOP-CMA,MSC-CMA,51,51,678,0.73933102652825844,2202.4079028739079,2351.1440132934194,3.1428061896927096e-05,29,0.00028285255707234387,0.05,lower
cec2017,30,300000,1,basic,all,holm-bonferroni,LSRTDE,MSC-CMA,51,51,15.5,0.99404075355632449,0,0,1.8410823377134147e-18,29,4.97092231182622e-17,0.05,lower
cec2017,30,300000,3,basic,all,holm-bonferroni,LSRTDE,MSC-CMA,51,51,1122.5,0.56843521722414458,0,0,0.11425789330263221,29,0.22851578660526442,0.05,not significant
cec2017,30,300000,4,basic,all,holm-bonferroni,LSRTDE,MSC-CMA,51,51,483,0.81430219146482119,58.561557302385211,58.56163983257062,9.5651581988139859e-09,29,4.7825790994069926e-08,0.05,lower
cec2017,30,300000,5,basic,all,holm-bonferroni,LSRTDE,MSC-CMA,51,51,749.5,0.71184159938485192,2.9848771712799476,3.9798362283731876,0.00022525714980438068,29,0.00067577144941314204,0.05,lower
cec2017,30,300000,6,basic,all,holm-bonferroni,LSRTDE,MSC-CMA,51,51,0,1,0,0.074380444144935609,2.8275684111199576e-18,29,7.3516778689118893e-17,0.05,lower
cec2017,30,300000,7,basic,all,holm-bonferroni,LSRTDE,MSC-CMA,51,51,2205,0.15224913494809689,35.274935283945524,7.0614322061916255,1.4465944503162304e-09,29,8.6795667018973817e-09,0.05,higher
cec2017,30,300000,8,basic,all,holm-bonferroni,LSRTDE,MSC-CMA,51,51,671.5,0.74183006535947715,1.9899181141881854,3.9798362283733013,2.5494146529555755e-05,29,0.00010197658611822302,0.05,lower
cec2017,30,300000,9,basic,all,holm-bonferroni,LSRTDE,MSC-CMA,51,51,25.5,0.99019607843137258,0,0.45432401859090987,4.9982796826130203e-20,29,1.4495011079577759e-18,0.05,lower
cec2017,30,300000,10,basic,all,holm-bonferroni,LSRTDE,MSC-CMA,51,51,1151,0.55747789311803153,253.15417048385279,299.144092331504,0.31866094104020615,29,0.31866094104020615,0.05,not significant
cec2017,30,300000,11,hybrid,all,holm-bonferroni,LSRTDE,MSC-CMA,51,51,88,0.96616685890042286,0.00024078748765532509,33.853901606017871,4.2193209367167459e-16,29,4.6412530303884206e-15,0.05,lower
cec2017,30,300000,12,hybrid,all,holm-bonferroni,LSRTDE,MSC-CMA,51,51,0,1,0.42185845081121442,1095.3934486233293,3.3036815016661564e-18,29,7.3820744280017177e-17,0.05,lower
cec2017,30,300000,13,hybrid,all,holm-bonferroni,LSRTDE,MSC-CMA,51,51,0,1,13.909434036809671,871.21622217886352,3.3036815016661564e-18,29,7.3820744280017177e-17,0.05,lower
cec2017,30,300000,14,hybrid,all,holm-bonferroni,LSRTDE,MSC-CMA,51,51,0,1,0,97.678384579398653,2.8686302734314844e-18,29,7.3516778689118893e-17,0.05,lower
cec2017,30,300000,15,hybrid,all,holm-bonferroni,LSRTDE,MSC-CMA,51,51,0,1,0.46305827505284469,297.72047450417858,3.3036815016661564e-18,29,7.3820744280017177e-17,0.05,lower
cec2017,30,300000,16,hybrid,all,holm-bonferroni,LSRTDE,MSC-CMA,51,51,48,0.98154555940023069,3.2689777194045746,23.070730255955141,5.3257162143184026e-17,29,6.9234310786139232e-16,0.05,lower
cec2017,30,300000,17,hybrid,all,holm-bonferroni,LSRTDE,MSC-CMA,51,51,162,0.93771626297577859,22.379581019405805,31.079191237389068,2.6104863780640286e-14,29,2.3494377402576255e-13,0.05,lower
cec2017,30,300000,18,hybrid,all,holm-bonferroni,LSRTDE,MSC-CMA,51,51,0,1,20.694285445983951,208.84015317138142,3.3036815016661564e-18,29,7.3820744280017177e-17,0.05,lower
cec2017,30,300000,19,hybrid,all,holm-bonferroni,LSRTDE,MSC-CMA,51,51,0,1,1.7647480259402073,84.344402619092079,3.3036815016661564e-18,29,7.3820744280017177e-17,0.05,lower
cec2017,30,300000,20,hybrid,all,holm-bonferroni,LSRTDE,MSC-CMA,51,51,162,0.93771626297577859,1.4113048827416605,26.842105555600938,2.6104863780640286e-14,29,2.3494377402576255e-13,0.05,lower
cec2017,30,300000,21,composition,all,holm-bonferroni,LSRTDE,MSC-CMA,51,51,209,0.91964628988850439,201.99118457866871,207.10901121374673,2.828437806043623e-13,29,1.9799064642305359e-12,0.05,lower
cec2017,30,300000,22,composition,all,holm-bonferroni,LSRTDE,MSC-CMA,51,51,0,1,100.00000000000045,100.00000000007094,9.2452718385091674e-19,29,2.5886761147825667e-17,0.05,lower
cec2017,30,300000,23,composition,all,holm-bonferroni,LSRTDE,MSC-CMA,51,51,51,0.98039215686274506,338.36096528748658,359.98999773036076,6.3098970386855162e-17,29,7.5718764464226195e-16,0.05,lower
cec2017,30,300000,24,composition,all,holm-bonferroni,LSRTDE,MSC-CMA,51,51,0,1,415.82645137392501,430.18185323924081,3.3022494762767633e-18,29,7.3820744280017177e-17,0.05,lower
cec2017,30,300000,25,composition,all,holm-bonferroni,LSRTDE,MSC-CMA,51,51,0,1,386.69284787720972,386.9362913464247,3.1661060231795e-18,29,7.3820744280017177e-17,0.05,lower
cec2017,30,300000,26,composition,all,holm-bonferroni,LSRTDE,MSC-CMA,51,51,2601,0,646.47233505807435,200.00000000079854,3.0758643450007154e-18,29,7.3820744280017177e-17,0.05,higher
cec2017,30,300000,27,composition,all,holm-bonferroni,LSRTDE,MSC-CMA,51,51,0,1,471.34068573545846,502.57875215042804,3.2943838510713689e-18,29,7.3820744280017177e-17,0.05,lower
cec2017,30,300000,28,composition,all,holm-bonferroni,LSRTDE,MSC-CMA,51,51,46,0.98231449442522112,300.00000000000091,300.00002136507555,1.611384089357286e-17,29,2.2559377251002006e-16,0.05,lower
cec2017,30,300000,29,composition,all,holm-bonferroni,LSRTDE,MSC-CMA,51,51,107,0.95886197616301427,400.62536261774221,449.99016292596161,1.4120760189489917e-15,29,1.4120760189489917e-14,0.05,lower
cec2017,30,300000,30,composition,all,holm-bonferroni,LSRTDE,MSC-CMA,51,51,0,1,1987.9618223898797,2351.1440132934194,3.3036815016661564e-18,29,7.3820744280017177e-17,0.05,lower
cec2017,30,300000,1,basic,all,holm-bonferroni,NLSHADE-RSP,MSC-CMA,51,51,2064,0.20645905420991928,8.9825054772063595e-07,0,3.2811864117889187e-07,29,2.7509713788658419e-06,0.05,higher
cec2017,30,300000,3,basic,all,holm-bonferroni,NLSHADE-RSP,MSC-CMA,51,51,2601,0,113.81269506368528,0,5.1901121694839821e-20,29,1.5051325291503548e-18,0.05,higher
cec2017,30,300000,4,basic,all,holm-bonferroni,NLSHADE-RSP,MSC-CMA,51,51,44,0.98308342945021143,3.9869586886120487,58.56163983257062,4.2237052764041252e-17,29,7.6026694975274258e-16,0.05,lower
cec2017,30,300000,5,basic,all,holm-bonferroni,NLSHADE-RSP,MSC-CMA,51,51,2601,0,54.914822520682037,3.9798362283731876,3.0458876353477745e-18,29,8.5284853789737688e-17,0.05,higher
cec2017,30,300000,6,basic,all,holm-bonferroni,NLSHADE-RSP,MSC-CMA,51,51,1,0.99961553248750479,2.8387372594806948e-06,0.074380444144935609,3.5043165051200882e-18,29,8.6343233629057687e-17,0.05,lower
cec2017,30,300000,7,basic,all,holm-bonferroni,NLSHADE-RSP,MSC-CMA,51,51,2601,0,79.945245184529995,7.0614322061916255,3.3036815016661564e-18,29,8.6343233629057687e-17,0.05,higher
cec2017,30,300000,8,basic,all,holm-bonferroni,NLSHADE-RSP,MSC-CMA,51,51,2601,0,55.513871145525172,3.9798362283733013,3.1978975418169513e-18,29,8.6343233629057687e-17,0.05,higher
cec2017,30,300000,9,basic,all,holm-bonferroni,NLSHADE-RSP,MSC-CMA,51,51,1807,0.3052672049211842,1.1772327884326614,0.45432401859090987,0.00070054255001429947,29,0.0049037978501000959,0.05,higher
cec2017,30,300000,10,basic,all,holm-bonferroni,NLSHADE-RSP,MSC-CMA,51,51,2601,0,2060.2880611445071,299.144092331504,3.3036815016661564e-18,29,8.6343233629057687e-17,0.05,higher
cec2017,30,300000,11,hybrid,all,holm-bonferroni,NLSHADE-RSP,MSC-CMA,51,51,1039,0.60053825451749332,19.977788093891377,33.853901606017871,0.08067262380210953,29,0.29577716506788848,0.05,not significant
cec2017,30,300000,12,hybrid,all,holm-bonferroni,NLSHADE-RSP,MSC-CMA,51,51,2601,0,14758.6279786047,1095.3934486233293,3.3036815016661564e-18,29,8.6343233629057687e-17,0.05,higher
cec2017,30,300000,13,hybrid,all,holm-bonferroni,NLSHADE-RSP,MSC-CMA,51,51,516,0.80161476355247985,154.4862313249514,871.21622217886352,1.5452666671084783e-07,29,1.5452666671084784e-06,0.05,lower
cec2017,30,300000,14,hybrid,all,holm-bonferroni,NLSHADE-RSP,MSC-CMA,51,51,322,0.8762014609765475,47.46404663774797,97.678384579398653,5.9309444840123135e-11,29,8.3033222776172389e-10,0.05,lower
cec2017,30,300000,15,hybrid,all,holm-bonferroni,NLSHADE-RSP,MSC-CMA,51,51,27,0.98961937716262971,17.754642044301818,297.72047450417858,1.5980639143160737e-17,29,3.0363214372005398e-16,0.05,lower
cec2017,30,300000,16,hybrid,all,holm-bonferroni,NLSHADE-RSP,MSC-CMA,51,51,2601,0,457.26395902929153,23.070730255955141,3.3036815016661564e-18,29,8.6343233629057687e-17,0.05,higher
cec2017,30,300000,17,hybrid,all,holm-bonferroni,NLSHADE-RSP,MSC-CMA,51,51,2066,0.20569011918492885,44.448716362633604,31.079191237389068,3.056634865406491e-07,29,2.7509713788658419e-06,0.05,higher
cec2017,30,300000,18,hybrid,all,holm-bonferroni,NLSHADE-RSP,MSC-CMA,51,51,2601,0,7557.8489526115045,208.84015317138142,3.3036815016661564e-18,29,8.6343233629057687e-17,0.05,higher
cec2017,30,300000,19,hybrid,all,holm-bonferroni,NLSHADE-RSP,MSC-CMA,51,51,106,0.95924644367550937,15.035192823824218,84.344402619092079,1.3374808339715199e-15,29,2.2737174177515839e-14,0.05,lower
cec2017,30,300000,20,hybrid,all,holm-bonferroni,NLSHADE-RSP,MSC-CMA,51,51,2115,0.18685121107266434,41.524496449492744,26.842105555600938,5.0978377089219316e-08,29,5.6076214798141251e-07,0.05,higher
cec2017,30,300000,21,composition,all,holm-bonferroni,NLSHADE-RSP,MSC-CMA,51,51,1033,0.60284505959246437,105.78080921280571,207.10901121374673,0.07394429126697212,29,0.29577716506788848,0.05,not significant
cec2017,30,300000,22,composition,all,holm-bonferroni,NLSHADE-RSP,MSC-CMA,51,51,977,0.62437524029219538,100.00000000000955,100.00000000007094,0.030556837803752856,29,0.18334102682251713,0.05,not significant
cec2017,30,300000,23,composition,all,holm-bonferroni,NLSHADE-RSP,MSC-CMA,51,51,2299,0.11610918877354859,396.5671350691382,359.98999773036076,2.4005032642238942e-11,29,3.6007548963358415e-10,0.05,higher
cec2017,30,300000,24,composition,all,holm-bonferroni,NLSHADE-RSP,MSC-CMA,51,51,2244,0.13725490196078427,491.97225866766848,430.18185323924081,2.7683890606904608e-10,29,3.5989057788975992e-09,0.05,higher
cec2017,30,300000,25,composition,all,holm-bonferroni,NLSHADE-RSP,MSC-CMA,51,51,174,0.93310265282583627,386.77730891351575,386.9362913464247,4.84649423617721e-14,29,7.7543907778835359e-13,0.05,lower
cec2017,30,300000,26,composition,all,holm-bonferroni,NLSHADE-RSP,MSC-CMA,51,51,1352,0.48019992310649751,200.00000691093464,200.00000000079854,0.73285080387675072,29,1,0.05,not significant
cec2017,30,300000,27,composition,all,holm-bonferroni,NLSHADE-RSP,MSC-CMA,51,51,2143,0.17608612072279894,509.23531587823891,502.57875215042804,1.7479484334928285e-08,29,2.0975381201913942e-07,0.05,higher
cec2017,30,300000,28,composition,all,holm-bonferroni,NLSHADE-RSP,MSC-CMA,51,51,1268,0.51249519415609379,300.00008822890413,300.00002136507555,0.83041664172767038,29,1,0.05,not significant
cec2017,30,300000,29,composition,all,holm-bonferroni,NLSHADE-RSP,MSC-CMA,51,51,1614,0.37946943483275664,471.18305627687914,449.99016292596161,0.036187227940269129,29,0.18334102682251713,0.05,not significant
cec2017,30,300000,30,composition,all,holm-bonferroni,NLSHADE-RSP,MSC-CMA,51,51,2601,0,3227.1709348140757,2351.1440132934194,3.3036815016661564e-18,29,8.6343233629057687e-17,0.05,higher
cec2017,30,300000,1,basic,all,holm-bonferroni,j2020,MSC-CMA,51,51,266,0.89773164167627839,0,0,4.5081740780261846e-12,29,4.0573566702235665e-11,0.05,lower
cec2017,30,300000,3,basic,all,holm-bonferroni,j2020,MSC-CMA,51,51,2601,0,60.583365908606481,0,5.1901121694839821e-20,29,1.5051325291503548e-18,0.05,higher
cec2017,30,300000,4,basic,all,holm-bonferroni,j2020,MSC-CMA,51,51,2601,0,85.715478371686913,58.56163983257062,3.2893877057072083e-18,29,8.2238966154389905e-17,0.05,higher
cec2017,30,300000,5,basic,all,holm-bonferroni,j2020,MSC-CMA,51,51,2601,0,54.630458840997335,3.9798362283731876,3.0458876353477745e-18,29,8.2238966154389905e-17,0.05,higher
cec2017,30,300000,6,basic,all,holm-bonferroni,j2020,MSC-CMA,51,51,0,1,0,0.074380444144935609,3.1088237320792611e-18,29,8.2238966154389905e-17,0.05,lower
cec2017,30,300000,7,basic,all,holm-bonferroni,j2020,MSC-CMA,51,51,2601,0,91.866619664593259,7.0614322061916255,3.3036815016661564e-18,29,8.2238966154389905e-17,0.05,higher
cec2017,30,300000,8,basic,all,holm-bonferroni,j2020,MSC-CMA,51,51,2601,0,57.102248815619419,3.9798362283733013,3.1978975418169513e-18,29,8.2238966154389905e-17,0.05,higher
cec2017,30,300000,9,basic,all,holm-bonferroni,j2020,MSC-CMA,51,51,467,0.82045367166474437,0,0.45432401859090987,2.3023136993269917e-08,29,1.1511568496634958e-07,0.05,lower
cec2017,30,300000,10,basic,all,holm-bonferroni,j2020,MSC-CMA,51,51,2601,0,3358.4890589951174,299.144092331504,3.3036815016661564e-18,29,8.2238966154389905e-17,0.05,higher
cec2017,30,300000,11,hybrid,all,holm-bonferroni,j2020,MSC-CMA,51,51,1927,0.25913110342176082,63.693897246643246,33.853901606017871,2.7940376840939337e-05,29,0.00011176150736375735,0.05,higher
cec2017,30,300000,12,hybrid,all,holm-bonferroni,j2020,MSC-CMA,51,51,2601,0,32455.867864352665,1095.3934486233293,3.3036815016661564e-18,29,8.2238966154389905e-17,0.05,higher
cec2017,30,300000,13,hybrid,all,holm-bonferroni,j2020,MSC-CMA,51,51,280,0.89234909650134564,318.94310222157173,871.21622217886352,8.6974027078164897e-12,29,6.0881818954715426e-11,0.05,lower
cec2017,30,300000,14,hybrid,all,holm-bonferroni,j2020,MSC-CMA,51,51,372,0.85697808535178777,53.787021723200723,97.678384579398653,5.2704658966564012e-10,29,3.1622795379938409e-09,0.05,lower
cec2017,30,300000,15,hybrid,all,holm-bonferroni,j2020,MSC-CMA,51,51,3,0.99884659746251436,49.050432719937817,297.72047450417858,3.9423573447196093e-18,29,8.2238966154389905e-17,0.05,lower
cec2017,30,300000,16,hybrid,all,holm-bonferroni,j2020,MSC-CMA,51,51,2577,0.0092272202998846531,410.26621267214955,23.070730255955141,1.3434435836075424e-17,29,2.0151653754113136e-16,0.05,higher
cec2017,30,300000,17,hybrid,all,holm-bonferroni,j2020,MSC-CMA,51,51,2543,0.022299115724721208,93.527051496967715,31.079191237389068,9.3831129234171917e-17,29,1.0321424215758911e-15,0.05,higher
cec2017,30,300000,18,hybrid,all,holm-bonferroni,j2020,MSC-CMA,51,51,1405,0.45982314494425225,207.82881174222075,208.84015317138142,0.48640280083922782,29,0.48640280083922782,0.05,not significant
cec2017,30,300000,19,hybrid,all,holm-bonferroni,j2020,MSC-CMA,51,51,2,0.99923106497500958,31.780401623345369,84.344402619092079,3.7169717691034338e-18,29,8.2238966154389905e-17,0.05,lower
cec2017,30,300000,20,hybrid,all,holm-bonferroni,j2020,MSC-CMA,51,51,2552,0.018838908112264519,76.168761021202045,26.842105555600938,5.6371721071795437e-17,29,6.7646065286154524e-16,0.05,higher
cec2017,30,300000,21,composition,all,holm-bonferroni,j2020,MSC-CMA,51,51,2554,0.018069973087274094,258.32433973907246,207.10901121374673,5.0302318943290786e-17,29,6.5393014626278017e-16,0.05,higher
cec2017,30,300000,22,composition,all,holm-bonferroni,j2020,MSC-CMA,51,51,0,1,100.00000000000318,100.00000000007094,2.430903772778262e-18,29,6.8065305637791339e-17,0.05,lower
cec2017,30,300000,23,composition,all,holm-bonferroni,j2020,MSC-CMA,51,51,2601,0,406.53792299181669,359.98999773036076,3.3036815016661564e-18,29,8.2238966154389905e-17,0.05,higher
cec2017,30,300000,24,composition,all,holm-bonferroni,j2020,MSC-CMA,51,51,2601,0,482.14200352146827,430.18185323924081,3.3036815016661564e-18,29,8.2238966154389905e-17,0.05,higher
cec2017,30,300000,25,composition,all,holm-bonferroni,j2020,MSC-CMA,51,51,1927,0.25913110342176082,387.05016336679273,386.9362913464247,2.7940376840939337e-05,29,0.00011176150736375735,0.05,higher
cec2017,30,300000,26,composition,all,holm-bonferroni,j2020,MSC-CMA,51,51,2601,0,1509.5646049327406,200.00000000079854,3.3022494762767633e-18,29,8.2238966154389905e-17,0.05,higher
cec2017,30,300000,27,composition,all,holm-bonferroni,j2020,MSC-CMA,51,51,1671,0.35755478662053053,505.03085817712963,502.57875215042804,0.013275134049756976,29,0.026550268099513951,0.05,higher
cec2017,30,300000,28,composition,all,holm-bonferroni,j2020,MSC-CMA,51,51,2374,0.087274125336409103,409.45279464255236,300.00002136507555,6.9054027085592496e-13,29,6.9054027085592498e-12,0.05,higher
cec2017,30,300000,29,composition,all,holm-bonferroni,j2020,MSC-CMA,51,51,2330,0.10419069588619767,562.65235522960074,449.99016292596161,5.7063016970994643e-12,29,4.5650413576795715e-11,0.05,higher
cec2017,30,300000,30,composition,all,holm-bonferroni,j2020,MSC-CMA,51,51,2568,0.012687427912341454,4018.7634882927723,2351.1440132934194,2.258525731412261e-17,29,3.1619360239771655e-16,0.05,higher
cec2017,30,300000,1,basic,all,holm-bonferroni,jSO,MSC-CMA,51,51,4,0.99846212995001926,0,0,1.8587531422415782e-19,29,5.018633484052261e-18,0.05,lower
cec2017,30,300000,3,basic,all,holm-bonferroni,jSO,MSC-CMA,51,51,933,0.64129181084198383,0,0,0.00027804120832417245,29,0.0008341236249725173,0.05,lower
cec2017,30,300000,4,basic,all,holm-bonferroni,jSO,MSC-CMA,51,51,409.5,0.84256055363321802,58.561557302385211,58.56163983257062,5.1252603328679387e-10,29,3.5876822330075571e-09,0.05,lower
cec2017,30,300000,5,basic,all,holm-bonferroni,jSO,MSC-CMA,51,51,2479,0.04690503652441369,9.9495918365614102,3.9798362283731876,2.9652739747496331e-15,29,2.9652739747496331e-14,0.05,higher
cec2017,30,300000,6,basic,all,holm-bonferroni,jSO,MSC-CMA,51,51,0,1,0,0.074380444144935609,3.3879341672376158e-19,29,8.8086288348178012e-18,0.05,lower
cec2017,30,300000,7,basic,all,holm-bonferroni,jSO,MSC-CMA,51,51,2511,0.034602076124567449,38.745023118781205,7.0614322061916255,5.5789372097356559e-16,29,6.1368309307092213e-15,0.05,higher
cec2017,30,300000,8,basic,all,holm-bonferroni,jSO,MSC-CMA,51,51,2542,0.02268358323721642,10.944707964825511,3.9798362283733013,9.6370231504889731e-17,29,1.3491832410684563e-15,0.05,higher
cec2017,30,300000,9,basic,all,holm-bonferroni,jSO,MSC-CMA,51,51,25.5,0.99019607843137258,0,0.45432401859090987,4.9982796826130203e-20,29,1.3995183111316456e-18,0.05,lower
cec2017,30,300000,10,basic,all,holm-bonferroni,jSO,MSC-CMA,51,51,2601,0,1627.450190472644,299.144092331504,3.3036815016661564e-18,29,7.6416915075426966e-17,0.05,higher
cec2017,30,300000,11,hybrid,all,holm-bonferroni,jSO,MSC-CMA,51,51,290,0.88850442137639374,1.9899181143878195,33.853901606017871,1.383221190554786e-11,29,1.1065769524438288e-10,0.05,lower
cec2017,30,300000,12,hybrid,all,holm-bonferroni,jSO,MSC-CMA,51,51,1,0.99961553248750479,130.18529882998382,1095.3934486233293,3.5043165051200882e-18,29,7.6416915075426966e-17,0.05,lower
cec2017,30,300000,13,hybrid,all,holm-bonferroni,jSO,MSC-CMA,51,51,0,1,15.218713022086831,871.21622217886352,3.3036815016661564e-18,29,7.6416915075426966e-17,0.05,lower
cec2017,30,300000,14,hybrid,all,holm-bonferroni,jSO,MSC-CMA,51,51,4,0.99846212995001926,23.044285207210805,97.678384579398653,4.1812246147484963e-18,29,7.6416915075426966e-17,0.05,lower
cec2017,30,300000,15,hybrid,all,holm-bonferroni,jSO,MSC-CMA,51,51,0,1,0.93155749772608942,297.72047450417858,3.3036815016661564e-18,29,7.6416915075426966e-17,0.05,lower
cec2017,30,300000,16,hybrid,all,holm-bonferroni,jSO,MSC-CMA,51,51,2080,0.2003075740099961,158.73254125788185,23.070730255955141,1.85191616675422e-07,29,9.2595808337710997e-07,0.05,higher
cec2017,30,300000,17,hybrid,all,holm-bonferroni,jSO,MSC-CMA,51,51,1281,0.50749711649365636,33.401105850743079,31.079191237389068,0.89881262440308163,29,0.89881262440308163,0.05,not significant
cec2017,30,300000,18,hybrid,all,holm-bonferroni,jSO,MSC-CMA,51,51,0,1,20.67250960277147,208.84015317138142,3.3036815016661564e-18,29,7.6416915075426966e-17,0.05,lower
cec2017,30,300000,19,hybrid,all,holm-bonferroni,jSO,MSC-CMA,51,51,0,1,3.7103673566493853,84.344402619092079,3.3036815016661564e-18,29,7.6416915075426966e-17,0.05,lower
cec2017,30,300000,20,hybrid,all,holm-bonferroni,jSO,MSC-CMA,51,51,1920,0.2618223760092272,34.004719292397795,26.842105555600938,3.4311231398866137e-05,29,0.00013724492559546455,0.05,higher
cec2017,30,300000,21,composition,all,holm-bonferroni,jSO,MSC-CMA,51,51,2180,0.16186082276047675,210.20556063519689,207.10901121374673,4.0312396334334725e-09,29,2.4187437800600835e-08,0.05,higher
cec2017,30,300000,22,composition,all,holm-bonferroni,jSO,MSC-CMA,51,51,0,1,100.00000000000045,100.00000000007094,1.9831820852458947e-20,29,5.7512280472130951e-19,0.05,lower
cec2017,30,300000,23,composition,all,holm-bonferroni,jSO,MSC-CMA,51,51,61,0.97654748173779315,345.6872521491041,359.98999773036076,1.1111260531838554e-16,29,1.4444638691390121e-15,0.05,lower
cec2017,30,300000,24,composition,all,holm-bonferroni,jSO,MSC-CMA,51,51,19,0.9926951172625913,422.79248373253176,430.18185323924081,1.0051035068862958e-17,29,1.5076552603294435e-16,0.05,lower
cec2017,30,300000,25,composition,all,holm-bonferroni,jSO,MSC-CMA,51,51,0,1,386.7012091629158,386.9362913464247,3.1840381281427905e-18,29,7.6416915075426966e-17,0.05,lower
cec2017,30,300000,26,composition,all,holm-bonferroni,jSO,MSC-CMA,51,51,2536,0.024990388312187584,897.65494972876513,200.00000000079854,1.3892729506903964e-16,29,1.6671275408284757e-15,0.05,higher
cec2017,30,300000,27,composition,all,holm-bonferroni,jSO,MSC-CMA,51,51,127,0.95117262591311036,485.51112495978123,502.57875215042804,4.142308574863555e-15,29,3.7280777173771996e-14,0.05,lower
cec2017,30,300000,28,composition,all,holm-bonferroni,jSO,MSC-CMA,51,51,46,0.98231449442522112,300.00000000000045,300.00002136507555,9.9224485323819982e-19,29,2.4806121330954994e-17,0.05,lower
cec2017,30,300000,29,composition,all,holm-bonferroni,jSO,MSC-CMA,51,51,827,0.68204536716647446,438.42518083239975,449.99016292596161,0.0015473655278607169,29,0.0030947310557214338,0.05,lower
cec2017,30,300000,30,composition,all,holm-bonferroni,jSO,MSC-CMA,51,51,0,1,1988.1043467838372,2351.1440132934194,3.3036815016661564e-18,29,7.6416915075426966e-17,0.05,lower
cec2017,30,300000,21,composition,composition,holm-bonferroni,ARRDE,MSC-CMA,51,51,1732,0.33410226835832368,208.80721742047535,207.10901121374673,0.0039195481121284516,10,0.015678192448513806,0.05,higher
cec2017,30,300000,22,composition,composition,holm-bonferroni,ARRDE,MSC-CMA,51,51,0,1,100.00000000000546,100.00000000007094,3.1847297440156725e-18,10,3.1847297440156724e-17,0.05,lower
cec2017,30,300000,23,composition,composition,holm-bonferroni,ARRDE,MSC-CMA,51,51,878,0.66243752402921952,355.94202039646007,359.98999773036076,0.0047380684129772616,10,0.015678192448513806,0.05,lower
cec2017,30,300000,24,composition,composition,holm-bonferroni,ARRDE,MSC-CMA,51,51,922,0.64552095347943106,428.45662593944053,430.18185323924081,0.011411345384243895,10,0.02282269076848779,0.05,lower
cec2017,30,300000,25,composition,composition,holm-bonferroni,ARRDE,MSC-CMA,51,51,0,1,386.69284787720972,386.9362913464247,3.3008180394500405e-18,10,3.1847297440156724e-17,0.05,lower
cec2017,30,300000,26,composition,composition,holm-bonferroni,ARRDE,MSC-CMA,51,51,2318,0.10880430603614,300.00000017306093,200.00000000079854,9.9973180999251343e-12,10,4.9986590499625668e-11,0.05,higher
cec2017,30,300000,27,composition,composition,holm-bonferroni,ARRDE,MSC-CMA,51,51,225,0.91349480968858132,492.27163496326011,502.57875215042804,6.2616421019469725e-13,10,3.7569852611681837e-12,0.05,lower
cec2017,30,300000,28,composition,composition,holm-bonferroni,ARRDE,MSC-CMA,51,51,113,0.95655517108804311,300.00000000000773,300.00002136507555,1.9382759768481551e-15,10,1.3567931837937085e-14,0.05,lower
cec2017,30,300000,29,composition,composition,holm-bonferroni,ARRDE,MSC-CMA,51,51,984,0.621683967704729,440.0018740653486,449.99016292596161,0.034438853130554392,10,0.034438853130554392,0.05,lower
cec2017,30,300000,30,composition,composition,holm-bonferroni,ARRDE,MSC-CMA,51,51,0,1,1970.4043578776091,2351.1440132934194,3.3036815016661564e-18,10,3.1847297440156724e-17,0.05,lower
cec2017,30,300000,21,composition,composition,holm-bonferroni,BIPOP-CMA,MSC-CMA,51,51,1672,0.35717031910803532,208.58127777392792,207.10901121374673,0.013025488613839627,10,0.026050977227679253,0.05,higher
cec2017,30,300000,22,composition,composition,holm-bonferroni,BIPOP-CMA,MSC-CMA,51,51,366.5,0.85909265667051138,100.00000000001955,100.00000000007094,4.1453265312059556e-10,10,2.9017285718441687e-09,0.05,lower
cec2017,30,300000,23,composition,composition,holm-bonferroni,BIPOP-CMA,MSC-CMA,51,51,1967,0.2437524029219531,364.4089543940072,359.98999773036076,8.2981735952010488e-06,10,3.3192694380804195e-05,0.05,higher
cec2017,30,300000,24,composition,composition,holm-bonferroni,BIPOP-CMA,MSC-CMA,51,51,1380,0.46943483275663211,430.31659585480293,430.18185323924081,0.59699700908945941,10,0.59699700908945941,0.05,not significant
cec2017,30,300000,25,composition,composition,holm-bonferroni,BIPOP-CMA,MSC-CMA,51,51,0,1,386.69284787720972,386.9362913464247,3.1702356816153412e-18,10,3.1702356816153414e-17,0.05,lower
cec2017,30,300000,26,composition,composition,holm-bonferroni,BIPOP-CMA,MSC-CMA,51,51,2022,0.22260668973471742,300.00000000005866,200.00000000079854,1.3966443338518099e-06,10,6.9832216692590498e-06,0.05,higher
cec2017,30,300000,27,composition,composition,holm-bonferroni,BIPOP-CMA,MSC-CMA,51,51,2141,0.17685505574778926,509.13571497813155,502.57875215042804,1.8889684094290756e-08,10,1.1333810456574454e-07,0.05,higher
cec2017,30,300000,28,composition,composition,holm-bonferroni,BIPOP-CMA,MSC-CMA,51,51,66,0.9746251441753172,300.00000000000091,300.00002136507555,6.9657757796890764e-17,10,6.2691982017201691e-16,0.05,lower
cec2017,30,300000,29,composition,composition,holm-bonferroni,BIPOP-CMA,MSC-CMA,51,51,2451,0.057670126874279082,583.59002811540995,449.99016292596161,1.3971975970711447e-14,10,1.1177580776569158e-13,0.05,higher
cec2017,30,300000,30,composition,composition,holm-bonferroni,BIPOP-CMA,MSC-CMA,51,51,678,0.73933102652825844,2202.4079028739079,2351.1440132934194,3.1428061896927096e-05,10,9.4284185690781281e-05,0.05,lower
cec2017,30,300000,21,composition,composition,holm-bonferroni,LSRTDE,MSC-CMA,51,51,209,0.91964628988850439,201.99118457866871,207.10901121374673,2.828437806043623e-13,10,2.828437806043623e-13,0.05,lower
cec2017,30,300000,22,composition,composition,holm-bonferroni,LSRTDE,MSC-CMA,51,51,0,1,100.00000000000045,100.00000000007094,9.2452718385091674e-19,10,9.2452718385091681e-18,0.05,lower
cec2017,30,300000,23,composition,composition,holm-bonferroni,LSRTDE,MSC-CMA,51,51,51,0.98039215686274506,338.36096528748658,359.98999773036076,6.3098970386855162e-17,10,1.8929691116056549e-16,0.05,lower
cec2017,30,300000,24,composition,composition,holm-bonferroni,LSRTDE,MSC-CMA,51,51,0,1,415.82645137392501,430.18185323924081,3.3022494762767633e-18,10,2.7682779105006438e-17,0.05,lower
cec2017,30,300000,25,composition,composition,holm-bonferroni,LSRTDE,MSC-CMA,51,51,0,1,386.69284787720972,386.9362913464247,3.1661060231795e-18,10,2.7682779105006438e-17,0.05,lower
cec2017,30,300000,26,composition,composition,holm-bonferroni,LSRTDE,MSC-CMA,51,51,2601,0,646.47233505807435,200.00000000079854,3.0758643450007154e-18,10,2.7682779105006438e-17,0.05,higher
cec2017,30,300000,27,composition,composition,holm-bonferroni,LSRTDE,MSC-CMA,51,51,0,1,471.34068573545846,502.57875215042804,3.2943838510713689e-18,10,2.7682779105006438e-17,0.05,lower
cec2017,30,300000,28,composition,composition,holm-bonferroni,LSRTDE,MSC-CMA,51,51,46,0.98231449442522112,300.00000000000091,300.00002136507555,1.611384089357286e-17,10,6.4455363574291439e-17,0.05,lower
cec2017,30,300000,29,composition,composition,holm-bonferroni,LSRTDE,MSC-CMA,51,51,107,0.95886197616301427,400.62536261774221,449.99016292596161,1.4120760189489917e-15,10,2.8241520378979835e-15,0.05,lower
cec2017,30,300000,30,composition,composition,holm-bonferroni,LSRTDE,MSC-CMA,51,51,0,1,1987.9618223898797,2351.1440132934194,3.3036815016661564e-18,10,2.7682779105006438e-17,0.05,lower
cec2017,30,300000,21,composition,composition,holm-bonferroni,NLSHADE-RSP,MSC-CMA,51,51,1033,0.60284505959246437,105.78080921280571,207.10901121374673,0.07394429126697212,10,0.22183287380091637,0.05,not significant
cec2017,30,300000,22,composition,composition,holm-bonferroni,NLSHADE-RSP,MSC-CMA,51,51,977,0.62437524029219538,100.00000000000955,100.00000000007094,0.030556837803752856,10,0.15278418901876428,0.05,not significant
cec2017,30,300000,23,composition,composition,holm-bonferroni,NLSHADE-RSP,MSC-CMA,51,51,2299,0.11610918877354859,396.5671350691382,359.98999773036076,2.4005032642238942e-11,10,1.9204026113791154e-10,0.05,higher
cec2017,30,300000,24,composition,composition,holm-bonferroni,NLSHADE-RSP,MSC-CMA,51,51,2244,0.13725490196078427,491.97225866766848,430.18185323924081,2.7683890606904608e-10,10,1.9378723424833225e-09,0.05,higher
cec2017,30,300000,25,composition,composition,holm-bonferroni,NLSHADE-RSP,MSC-CMA,51,51,174,0.93310265282583627,386.77730891351575,386.9362913464247,4.84649423617721e-14,10,4.3618448125594892e-13,0.05,lower
cec2017,30,300000,26,composition,composition,holm-bonferroni,NLSHADE-RSP,MSC-CMA,51,51,1352,0.48019992310649751,200.00000691093464,200.00000000079854,0.73285080387675072,10,1,0.05,not significant
cec2017,30,300000,27,composition,composition,holm-bonferroni,NLSHADE-RSP,MSC-CMA,51,51,2143,0.17608612072279894,509.23531587823891,502.57875215042804,1.7479484334928285e-08,10,1.0487690600956971e-07,0.05,higher
cec2017,30,300000,28,composition,composition,holm-bonferroni,NLSHADE-RSP,MSC-CMA,51,51,1268,0.51249519415609379,300.00008822890413,300.00002136507555,0.83041664172767038,10,1,0.05,not significant
cec2017,30,300000,29,composition,composition,holm-bonferroni,NLSHADE-RSP,MSC-CMA,51,51,1614,0.37946943483275664,471.18305627687914,449.99016292596161,0.036187227940269129,10,0.15278418901876428,0.05,not significant
cec2017,30,300000,30,composition,composition,holm-bonferroni,NLSHADE-RSP,MSC-CMA,51,51,2601,0,3227.1709348140757,2351.1440132934194,3.3036815016661564e-18,10,3.3036815016661565e-17,0.05,higher
cec2017,30,300000,21,composition,composition,holm-bonferroni,j2020,MSC-CMA,51,51,2554,0.018069973087274094,258.32433973907246,207.10901121374673,5.0302318943290786e-17,10,2.5151159471645393e-16,0.05,higher
cec2017,30,300000,22,composition,composition,holm-bonferroni,j2020,MSC-CMA,51,51,0,1,100.00000000000318,100.00000000007094,2.430903772778262e-18,10,2.430903772778262e-17,0.05,lower
cec2017,30,300000,23,composition,composition,holm-bonferroni,j2020,MSC-CMA,51,51,2601,0,406.53792299181669,359.98999773036076,3.3036815016661564e-18,10,2.9720245286490872e-17,0.05,higher
cec2017,30,300000,24,composition,composition,holm-bonferroni,j2020,MSC-CMA,51,51,2601,0,482.14200352146827,430.18185323924081,3.3036815016661564e-18,10,2.9720245286490872e-17,0.05,higher
cec2017,30,300000,25,composition,composition,holm-bonferroni,j2020,MSC-CMA,51,51,1927,0.25913110342176082,387.05016336679273,386.9362913464247,2.7940376840939337e-05,10,5.5880753681878673e-05,0.05,higher
cec2017,30,300000,26,composition,composition,holm-bonferroni,j2020,MSC-CMA,51,51,2601,0,1509.5646049327406,200.00000000079854,3.3022494762767633e-18,10,2.9720245286490872e-17,0.05,higher
cec2017,30,300000,27,composition,composition,holm-bonferroni,j2020,MSC-CMA,51,51,1671,0.35755478662053053,505.03085817712963,502.57875215042804,0.013275134049756976,10,0.013275134049756976,0.05,higher
cec2017,30,300000,28,composition,composition,holm-bonferroni,j2020,MSC-CMA,51,51,2374,0.087274125336409103,409.45279464255236,300.00002136507555,6.9054027085592496e-13,10,2.7621610834236998e-12,0.05,higher
cec2017,30,300000,29,composition,composition,holm-bonferroni,j2020,MSC-CMA,51,51,2330,0.10419069588619767,562.65235522960074,449.99016292596161,5.7063016970994643e-12,10,1.7118905091298392e-11,0.05,higher
cec2017,30,300000,30,composition,composition,holm-bonferroni,j2020,MSC-CMA,51,51,2568,0.012687427912341454,4018.7634882927723,2351.1440132934194,2.258525731412261e-17,10,1.3551154388473567e-16,0.05,higher
cec2017,30,300000,21,composition,composition,holm-bonferroni,jSO,MSC-CMA,51,51,2180,0.16186082276047675,210.20556063519689,207.10901121374673,4.0312396334334725e-09,10,8.062479266866945e-09,0.05,higher
cec2017,30,300000,22,composition,composition,holm-bonferroni,jSO,MSC-CMA,51,51,0,1,100.00000000000045,100.00000000007094,1.9831820852458947e-20,10,1.9831820852458946e-19,0.05,lower
cec2017,30,300000,23,composition,composition,holm-bonferroni,jSO,MSC-CMA,51,51,61,0.97654748173779315,345.6872521491041,359.98999773036076,1.1111260531838554e-16,10,5.5556302659192766e-16,0.05,lower
cec2017,30,300000,24,composition,composition,holm-bonferroni,jSO,MSC-CMA,51,51,19,0.9926951172625913,422.79248373253176,430.18185323924081,1.0051035068862958e-17,10,6.0306210413177749e-17,0.05,lower
cec2017,30,300000,25,composition,composition,holm-bonferroni,jSO,MSC-CMA,51,51,0,1,386.7012091629158,386.9362913464247,3.1840381281427905e-18,10,2.5472305025142324e-17,0.05,lower
cec2017,30,300000,26,composition,composition,holm-bonferroni,jSO,MSC-CMA,51,51,2536,0.024990388312187584,897.65494972876513,200.00000000079854,1.3892729506903964e-16,10,5.5570918027615857e-16,0.05,higher
cec2017,30,300000,27,composition,composition,holm-bonferroni,jSO,MSC-CMA,51,51,127,0.95117262591311036,485.51112495978123,502.57875215042804,4.142308574863555e-15,10,1.2426925724590664e-14,0.05,lower
cec2017,30,300000,28,composition,composition,holm-bonferroni,jSO,MSC-CMA,51,51,46,0.98231449442522112,300.00000000000045,300.00002136507555,9.9224485323819982e-19,10,8.9302036791437984e-18,0.05,lower
cec2017,30,300000,29,composition,composition,holm-bonferroni,jSO,MSC-CMA,51,51,827,0.68204536716647446,438.42518083239975,449.99016292596161,0.0015473655278607169,10,0.0015473655278607169,0.05,lower
cec2017,30,300000,30,composition,composition,holm-bonferroni,jSO,MSC-CMA,51,51,0,1,1988.1043467838372,2351.1440132934194,3.3036815016661564e-18,10,2.5472305025142324e-17,0.05,lower
cec2017,30,1000000,1,basic,all,holm-bonferroni,ARRDE,MSC-CMA,51,51,1045.5,0.59803921568627449,0,0,0.0022725884974593561,29,0.013635530984756138,0.05,lower
cec2017,30,1000000,3,basic,all,holm-bonferroni,ARRDE,MSC-CMA,51,51,2429.5,0.065936178392925759,0,0,7.7325418821904958e-17,29,1.6238337952600041e-15,0.05,higher
cec2017,30,1000000,4,basic,all,holm-bonferroni,ARRDE,MSC-CMA,51,51,723,0.72202998846597466,0,58.561557302385211,8.4496785811284938e-05,29,0.0006464273475576221,0.05,lower
cec2017,30,1000000,5,basic,all,holm-bonferroni,ARRDE,MSC-CMA,51,51,1933.5,0.25663206459054211,3.9798362283731876,2.9848771712798907,1.8732536786897375e-05,29,0.00018732536786897374,0.05,higher
cec2017,30,1000000,6,basic,all,holm-bonferroni,ARRDE,MSC-CMA,51,51,0,1,0,0.054494865520837266,2.4806346839583558e-18,29,6.9457771150833965e-17,0.05,lower
cec2017,30,1000000,7,basic,all,holm-bonferroni,ARRDE,MSC-CMA,51,51,2601,0,35.088976009063344,5.4906055609468467,3.3036815016661564e-18,29,8.881346805409463e-17,0.05,higher
cec2017,30,1000000,8,basic,all,holm-bonferroni,ARRDE,MSC-CMA,51,51,1897.5,0.27047289504036909,3.9798362283731876,2.9848771712798907,5.7878680761726251e-05,29,0.00052090812685553621,0.05,higher
cec2017,30,1000000,9,basic,all,holm-bonferroni,ARRDE,MSC-CMA,51,51,159.5,0.93867743175701657,0,0.54385226900728867,2.4003698327383835e-15,29,4.5607026822029288e-14,0.05,lower
cec2017,30,1000000,10,basic,all,holm-bonferroni,ARRDE,MSC-CMA,51,51,2601,0,1246.4368731763552,47.405644862961708,3.3036815016661564e-18,29,8.881346805409463e-17,0.05,higher
cec2017,30,1000000,11,hybrid,all,holm-bonferroni,ARRDE,MSC-CMA,51,51,477.5,0.8164167627835448,0,5.9697543425600088,2.0767418586771133e-08,29,2.9074386021479585e-07,0.05,lower
cec2017,30,1000000,12,hybrid,all,holm-bonferroni,ARRDE,MSC-CMA,51,51,314,0.87927720107650909,164.68823542153154,469.31696308138453,4.1391396544883047e-11,29,6.6226234471812874e-10,0.05,lower
cec2017,30,1000000,13,hybrid,all,holm-bonferroni,ARRDE,MSC-CMA,51,51,0,1,13.826295106802945,23.303532361775751,3.2893877057072083e-18,29,8.881346805409463e-17,0.05,lower
cec2017,30,1000000,14,hybrid,all,holm-bonferroni,ARRDE,MSC-CMA,51,51,480,0.81545559400230683,20.03703697534911,22.459210173528618,4.0642831507586794e-08,29,5.2835680959862827e-07,0.05,lower
cec2017,30,1000000,15,hybrid,all,holm-bonferroni,ARRDE,MSC-CMA,51,51,0,1,0.40273870591522609,8.2667473213921312,3.3036815016661564e-18,29,8.881346805409463e-17,0.05,lower
cec2017,30,1000000,16,hybrid,all,holm-bonferroni,ARRDE,MSC-CMA,51,51,521,0.79969242599000379,13.618044799088466,18.556444193313155,1.85191616675422e-07,29,2.2222994001050641e-06,0.05,lower
cec2017,30,1000000,17,hybrid,all,holm-bonferroni,ARRDE,MSC-CMA,51,51,1271,0.51134179161860827,27.32967617306781,26.763216444230238,0.84610657598831396,29,1,0.05,not significant
cec2017,30,1000000,18,hybrid,all,holm-bonferroni,ARRDE,MSC-CMA,51,51,238,0.90849673202614378,20.499789212078895,22.85299103213606,1.1803098195698494e-12,29,2.124557675225729e-11,0.05,lower
cec2017,30,1000000,19,hybrid,all,holm-bonferroni,ARRDE,MSC-CMA,51,51,0,1,2.821004060207315,11.16324081220796,3.3036815016661564e-18,29,8.881346805409463e-17,0.05,lower
cec2017,30,1000000,20,hybrid,all,holm-bonferroni,ARRDE,MSC-CMA,51,51,1890,0.27335640138408301,26.279750799788872,23.081519601497121,8.0803418444702762e-05,29,0.0006464273475576221,0.05,higher
cec2017,30,1000000,21,composition,all,holm-bonferroni,ARRDE,MSC-CMA,51,51,1296.5,0.50153787004998085,204.20800118283614,204.27199886175686,0.98130285327390721,29,1,0.05,not significant
cec2017,30,1000000,22,composition,all,holm-bonferroni,ARRDE,MSC-CMA,51,51,0,1,100.00000000000091,100.0000000000673,2.2149183660306852e-19,29,6.4232632614889873e-18,0.05,lower
cec2017,30,1000000,23,composition,all,holm-bonferroni,ARRDE,MSC-CMA,51,51,407,0.843521722414456,350.69604225573948,357.16968993424643,2.2785997368494292e-09,29,3.4178996052741436e-08,0.05,lower
cec2017,30,1000000,24,composition,all,holm-bonferroni,ARRDE,MSC-CMA,51,51,1107,0.57439446366781999,426.57858050206551,427.15452274545896,0.19646111958431534,29,0.98230559792157668,0.05,not significant
cec2017,30,1000000,25,composition,all,holm-bonferroni,ARRDE,MSC-CMA,51,51,19,0.9926951172625913,383.43547417774244,386.89963726877704,1.0019336674952051e-17,29,2.2042540684894511e-16,0.05,lower
cec2017,30,1000000,26,composition,all,holm-bonferroni,ARRDE,MSC-CMA,51,51,603,0.76816608996539792,200.00000000000091,200.00000000076352,2.3575067065079774e-06,29,2.5932573771587752e-05,0.05,lower
cec2017,30,1000000,27,composition,all,holm-bonferroni,ARRDE,MSC-CMA,51,51,246,0.90542099192618219,487.49431324650004,498.04314047633989,1.7370450684304229e-12,29,2.9529766163317191e-11,0.05,lower
cec2017,30,1000000,28,composition,all,holm-bonferroni,ARRDE,MSC-CMA,51,51,154.5,0.94059976931949252,300.00000000000091,300.00000000000273,7.9693601217611611e-16,29,1.5938720243522323e-14,0.05,lower
cec2017,30,1000000,29,composition,all,holm-bonferroni,ARRDE,MSC-CMA,51,51,1368,0.47404844290657444,416.34332245068799,418.80616665266552,0.65385632176715358,29,1,0.05,not significant
cec2017,30,1000000,30,composition,all,holm-bonferroni,ARRDE,MSC-CMA,51,51,1292,0.50326797385620914,1967.0133935897757,1949.5049219300581,0.9573003393666939,29,1,0.05,not significant
cec2017,30,1000000,1,basic,all,holm-bonferroni,BIPOP-CMA,MSC-CMA,51,51,25.5,0.99019607843137258,0,0,6.7967230949423876e-23,29,1.9710496975332925e-21,0.05,lower
cec2017,30,1000000,3,basic,all,holm-bonferroni,BIPOP-CMA,MSC-CMA,51,51,51,0.98039215686274506,0,0,4.4879269723408905e-22,29,1.2566195522554493e-20,0.05,lower
cec2017,30,1000000,4,basic,all,holm-bonferroni,BIPOP-CMA,MSC-CMA,51,51,732,0.71856978085351786,58.561557302385154,58.561557302385211,6.635011265114598e-05,29,0.00066350112651145977,0.05,lower
cec2017,30,1000000,5,basic,all,holm-bonferroni,BIPOP-CMA,MSC-CMA,51,51,1508,0.42022299115724726,2.9848771712798907,2.9848771712798907,0.159867162938091,29,0.799335814690455,0.05,not significant
cec2017,30,1000000,6,basic,all,holm-bonferroni,BIPOP-CMA,MSC-CMA,51,51,0,1,0,0.054494865520837266,2.7178006383082751e-18,29,7.0662816596015147e-17,0.05,lower
cec2017,30,1000000,7,basic,all,holm-bonferroni,BIPOP-CMA,MSC-CMA,51,51,206,0.92079969242599002,1.6653050240857965,5.4906055609468467,2.4428732550034065e-13,29,5.1300338355071538e-12,0.05,lower
cec2017,30,1000000,8,basic,all,holm-bonferroni,BIPOP-CMA,MSC-CMA,51,51,1449.5,0.44271434063821602,2.9848771712798907,2.9848771712798907,0.31735841322646063,29,1,0.05,not significant
cec2017,30,1000000,9,basic,all,holm-bonferroni,BIPOP-CMA,MSC-CMA,51,51,0,1,0,0.54385226900728867,1.2708083650326869e-20,29,3.4311825855882548e-19,0.05,lower
cec2017,30,1000000,10,basic,all,holm-bonferroni,BIPOP-CMA,MSC-CMA,51,51,2174,0.16416762783544792,284.46638117467228,47.405644862961708,5.1351130909995849e-09,29,9.2432035637992533e-08,0.05,higher
cec2017,30,1000000,11,hybrid,all,holm-bonferroni,BIPOP-CMA,MSC-CMA,51,51,384.5,0.85217224144559789,0.99495905709341059,5.9697543425600088,6.7518888849387e-10,29,1.2828588881383529e-08,0.05,lower
cec2017,30,1000000,12,hybrid,all,holm-bonferroni,BIPOP-CMA,MSC-CMA,51,51,1169,0.55055747789311804,463.72011626925723,469.31696308138453,0.38062534253977354,29,1,0.05,not significant
cec2017,30,1000000,13,hybrid,all,holm-bonferroni,BIPOP-CMA,MSC-CMA,51,51,1,0.99961553248750479,13.529939913120643,23.303532361775751,3.470341187322523e-18,29,8.6758529683063074e-17,0.05,lower
cec2017,30,1000000,14,hybrid,all,holm-bonferroni,BIPOP-CMA,MSC-CMA,51,51,1142,0.56093810073048833,20.994972625970604,22.459210173528618,0.29030728434843456,29,1,0.05,not significant
cec2017,30,1000000,15,hybrid,all,holm-bonferroni,BIPOP-CMA,MSC-CMA,51,51,1975,0.24067666282199152,21.295295652388631,8.2667473213921312,6.4557791694726014e-06,29,8.3925129203143823e-05,0.05,higher
cec2017,30,1000000,16,hybrid,all,holm-bonferroni,BIPOP-CMA,MSC-CMA,51,51,2107,0.18992695117262592,31.751031438195469,18.556444193313155,6.8782729357101213e-08,29,1.1005236697136194e-06,0.05,higher
cec2017,30,1000000,17,hybrid,all,holm-bonferroni,BIPOP-CMA,MSC-CMA,51,51,1965,0.24452133794694353,29.730002063771963,26.763216444230238,8.8318986663742947e-06,29,9.7150885330117245e-05,0.05,higher
cec2017,30,1000000,18,hybrid,all,holm-bonferroni,BIPOP-CMA,MSC-CMA,51,51,2059,0.20838139177239523,26.913194688158228,22.85299103213606,3.9144396483537946e-07,29,5.4802155076953125e-06,0.05,higher
cec2017,30,1000000,19,hybrid,all,holm-bonferroni,BIPOP-CMA,MSC-CMA,51,51,1378,0.47020376778162243,11.667339829283947,11.16324081220796,0.60631652420795024,29,1,0.05,not significant
cec2017,30,1000000,20,hybrid,all,holm-bonferroni,BIPOP-CMA,MSC-CMA,51,51,2096,0.19415609381007304,29.266877283532267,23.081519601497121,1.033674123852857e-07,29,1.5505111857792854e-06,0.05,higher
cec2017,30,1000000,21,composition,all,holm-bonferroni,BIPOP-CMA,MSC-CMA,51,51,1538,0.40868896578239133,205.30200530584034,204.27199886175686,0.11200442375347945,29,0.67202654252087668,0.05,not significant
cec2017,30,1000000,22,composition,all,holm-bonferroni,BIPOP-CMA,MSC-CMA,51,51,238,0.90849673202614378,100.00000000001501,100.0000000000673,1.1703842439486661e-12,29,2.3407684878973322e-11,0.05,lower
cec2017,30,1000000,23,composition,all,holm-bonferroni,BIPOP-CMA,MSC-CMA,51,51,1838,0.29334871203383317,359.87031176117307,357.16968993424643,0.00032566004130527758,29,0.0029309403717474982,0.05,higher
cec2017,30,1000000,24,composition,all,holm-bonferroni,BIPOP-CMA,MSC-CMA,51,51,1650,0.36562860438292966,428.44254661509831,427.15452274545896,0.019504021365806604,29,0.15603217092645283,0.05,not significant
cec2017,30,1000000,25,composition,all,holm-bonferroni,BIPOP-CMA,MSC-CMA,51,51,45,0.98269896193771622,386.69130858877088,386.89963726877704,4.3748590746310805e-17,29,1.0499661779114593e-15,0.05,lower
cec2017,30,1000000,26,composition,all,holm-bonferroni,BIPOP-CMA,MSC-CMA,51,51,1974,0.24106113033448673,300.00000000002956,200.00000000076352,6.6613953878283192e-06,29,8.3925129203143823e-05,0.05,higher
cec2017,30,1000000,27,composition,all,holm-bonferroni,BIPOP-CMA,MSC-CMA,51,51,2150,0.17339484813533257,505.33964430576543,498.04314047633989,1.3304418383287293e-08,29,2.2617511251588397e-07,0.05,higher
cec2017,30,1000000,28,composition,all,holm-bonferroni,BIPOP-CMA,MSC-CMA,51,51,211,0.91887735486351407,300.00000000000091,300.00000000000273,3.7181231365443467e-14,29,8.1798709003975625e-13,0.05,lower
cec2017,30,1000000,29,composition,all,holm-bonferroni,BIPOP-CMA,MSC-CMA,51,51,2506,0.0365244136870434,504.38025955730927,418.80616665266552,7.3408506477107292e-16,29,1.6883956489734677e-14,0.05,higher
cec2017,30,1000000,30,composition,all,holm-bonferroni,BIPOP-CMA,MSC-CMA,51,51,1570,0.3963860053825452,1971.7061113577174,1949.5049219300581,0.071807240796627619,29,0.50265068557639336,0.05,not significant
cec2017,30,1000000,1,basic,all,holm-bonferroni,LSRTDE,MSC-CMA,51,51,25.5,0.99019607843137258,0,0,6.7967230949423876e-23,29,1.9710496975332925e-21,0.05,lower
cec2017,30,1000000,3,basic,all,holm-bonferroni,LSRTDE,MSC-CMA,51,51,51,0.98039215686274506,0,0,4.4879269723408905e-22,29,1.2566195522554493e-20,0.05,lower
cec2017,30,1000000,4,basic,all,holm-bonferroni,LSRTDE,MSC-CMA,51,51,1509,0.41983852364475205,58.561557302385211,58.561557302385211,0.11202016172043387,29,0.22404032344086774,0.05,not significant
cec2017,30,1000000,5,basic,all,holm-bonferroni,LSRTDE,MSC-CMA,51,51,332.5,0.87216455209534793,0.99495905709329691,2.9848771712798907,5.3506278646238467e-11,29,3.7454395052366928e-10,0.05,lower
cec2017,30,1000000,6,basic,all,holm-bonferroni,LSRTDE,MSC-CMA,51,51,0,1,0,0.054494865520837266,1.3905886961424435e-20,29,3.4715615365791992e-19,0.05,lower
cec2017,30,1000000,7,basic,all,holm-bonferroni,LSRTDE,MSC-CMA,51,51,2601,0,32.801804598145054,5.4906055609468467,3.3036815016661564e-18,29,5.9153484511406215e-17,0.05,higher
cec2017,30,1000000,8,basic,all,holm-bonferroni,LSRTDE,MSC-CMA,51,51,200,0.92310649750096119,0.99495905709329691,2.9848771712798907,9.5426494029038567e-14,29,7.6341195223230853e-13,0.05,lower
cec2017,30,1000000,9,basic,all,holm-bonferroni,LSRTDE,MSC-CMA,51,51,0,1,0,0.54385226900728867,1.2708083650326869e-20,29,3.4311825855882548e-19,0.05,lower
cec2017,30,1000000,10,basic,all,holm-bonferroni,LSRTDE,MSC-CMA,51,51,1472,0.43406382160707424,125.85931683226227,47.405644862961708,0.25243449629478321,29,0.25243449629478321,0.05,not significant
cec2017,30,1000000,11,hybrid,all,holm-bonferroni,LSRTDE,MSC-CMA,51,51,352,0.86466743560169168,0,5.9697543425600088,1.1694549419191928e-10,29,7.016729651515157e-10,0.05,lower
cec2017,30,1000000,12,hybrid,all,holm-bonferroni,LSRTDE,MSC-CMA,51,51,0,1,0.34696606192414947,469.31696308138453,3.18542150233392e-18,29,5.9153484511406215e-17,0.05,lower
cec2017,30,1000000,13,hybrid,all,holm-bonferroni,LSRTDE,MSC-CMA,51,51,0,1,13.233584719441069,23.303532361775751,2.2348429625958621e-18,29,4.6931702214513107e-17,0.05,lower
cec2017,30,1000000,14,hybrid,all,holm-bonferroni,LSRTDE,MSC-CMA,51,51,0,1,0,22.459210173528618,3.2856422927235327e-19,29,7.2284130439917719e-18,0.05,lower
cec2017,30,1000000,15,hybrid,all,holm-bonferroni,LSRTDE,MSC-CMA,51,51,0,1,0.5,8.2667473213921312,1.1675833670233985e-19,29,2.6854417441538166e-18,0.05,lower
cec2017,30,1000000,16,hybrid,all,holm-bonferroni,LSRTDE,MSC-CMA,51,51,43,0.98346789696270664,4.8821885569577717,18.556444193313155,4.0056563501884917e-17,29,5.607918890263888e-16,0.05,lower
cec2017,30,1000000,17,hybrid,all,holm-bonferroni,LSRTDE,MSC-CMA,51,51,72,0.97231833910034604,20.950047573350957,26.763216444230238,2.058159516174416e-16,29,2.2639754677918574e-15,0.05,lower
cec2017,30,1000000,18,hybrid,all,holm-bonferroni,LSRTDE,MSC-CMA,51,51,154,0.94079200307574007,20.548307313279565,22.85299103213606,1.4605607883887846e-14,29,1.3145047095499061e-13,0.05,lower
cec2017,30,1000000,19,hybrid,all,holm-bonferroni,LSRTDE,MSC-CMA,51,51,0,1,1.4053522791730302,11.16324081220796,3.2993871909575041e-18,29,5.9153484511406215e-17,0.05,lower
cec2017,30,1000000,20,hybrid,all,holm-bonferroni,LSRTDE,MSC-CMA,51,51,0,1,0.20817047278069367,23.081519601497121,2.6612338638216672e-18,29,5.3224677276433344e-17,0.05,lower
cec2017,30,1000000,21,composition,all,holm-bonferroni,LSRTDE,MSC-CMA,51,51,682,0.73779315647827759,200.00000000000045,204.27199886175686,2.5529769667274977e-05,29,0.00010211907866909991,0.05,lower
cec2017,30,1000000,22,composition,all,holm-bonferroni,LSRTDE,MSC-CMA,51,51,0,1,100.00000000000045,100.0000000000673,1.3886246146316797e-20,29,3.4715615365791992e-19,0.05,lower
cec2017,30,1000000,23,composition,all,holm-bonferroni,LSRTDE,MSC-CMA,51,51,102,0.96078431372549022,338.18408124055122,357.16968993424643,1.069076569501393e-15,29,1.069076569501393e-14,0.05,lower
cec2017,30,1000000,24,composition,all,holm-bonferroni,LSRTDE,MSC-CMA,51,51,51,0.98039215686274506,411.84960667436735,427.15452274545896,6.3098970386855162e-17,29,7.5718764464226195e-16,0.05,lower
cec2017,30,1000000,25,composition,all,holm-bonferroni,LSRTDE,MSC-CMA,51,51,51,0.98039215686274506,386.69186168995884,386.89963726877704,5.594167000535428e-17,29,7.2724171006960568e-16,0.05,lower
cec2017,30,1000000,26,composition,all,holm-bonferroni,LSRTDE,MSC-CMA,51,51,2596,0.0019223375624759509,568.33128335833726,200.00000000076352,3.1133412900740116e-18,29,5.9153484511406215e-17,0.05,higher
cec2017,30,1000000,27,composition,all,holm-bonferroni,LSRTDE,MSC-CMA,51,51,3,0.99884659746251436,471.70891449213286,498.04314047633989,3.924530569248237e-18,29,5.9153484511406215e-17,0.05,lower
cec2017,30,1000000,28,composition,all,holm-bonferroni,LSRTDE,MSC-CMA,51,51,0,1,300.00000000000045,300.00000000000273,1.3066298057641525e-20,29,3.4311825855882548e-19,0.05,lower
cec2017,30,1000000,29,composition,all,holm-bonferroni,LSRTDE,MSC-CMA,51,51,1008,0.61245674740484435,396.08634666672015,418.80616665266552,0.050669230509549468,29,0.1520076915286484,0.05,not significant
cec2017,30,1000000,30,composition,all,holm-bonferroni,LSRTDE,MSC-CMA,51,51,2065,0.20607458669742407,1987.7395010734854,1949.5049219300581,3.1665048085439601e-07,29,1.58325240427198e-06,0.05,higher
cec2017,30,1000000,1,basic,all,holm-bonferroni,NLSHADE-RSP,MSC-CMA,51,51,1543,0.40676662821991538,0,0,0.068746963094534014,29,0.34373481547267004,0.05,not significant
cec2017,30,1000000,3,basic,all,holm-bonferroni,NLSHADE-RSP,MSC-CMA,51,51,2601,0,1.4457744839546649e-05,0,2.7869870666077664e-20,29,8.0822624931625226e-19,0.05,higher
cec2017,30,1000000,4,basic,all,holm-bonferroni,NLSHADE-RSP,MSC-CMA,51,51,685,0.73663975394079206,0.00053980403998821203,58.561557302385211,3.077402536761491e-05,29,0.00040006232977899385,0.05,lower
cec2017,30,1000000,5,basic,all,holm-bonferroni,NLSHADE-RSP,MSC-CMA,51,51,2601,0,42.459659028029819,2.9848771712798907,2.8849609020121351e-18,29,7.526719650737636e-17,0.05,higher
cec2017,30,1000000,6,basic,all,holm-bonferroni,NLSHADE-RSP,MSC-CMA,51,51,0,1,0,0.054494865520837266,9.0386484106656383e-20,29,2.5308215549863788e-18,0.05,lower
cec2017,30,1000000,7,basic,all,holm-bonferroni,NLSHADE-RSP,MSC-CMA,51,51,2601,0,69.305897237200043,5.4906055609468467,3.3036815016661564e-18,29,8.2592037541653907e-17,0.05,higher
cec2017,30,1000000,8,basic,all,holm-bonferroni,NLSHADE-RSP,MSC-CMA,51,51,2601,0,44.773021137995329,2.9848771712798907,2.7876739447176429e-18,29,7.526719650737636e-17,0.05,higher
cec2017,30,1000000,9,basic,all,holm-bonferroni,NLSHADE-RSP,MSC-CMA,51,51,236.5,0.90907343329488655,0,0.54385226900728867,4.5735409329735005e-13,29,7.7750195860549517e-12,0.05,lower
cec2017,30,1000000,10,basic,all,holm-bonferroni,NLSHADE-RSP,MSC-CMA,51,51,2601,0,1628.667750744431,47.405644862961708,3.3036815016661564e-18,29,8.2592037541653907e-17,0.05,higher
cec2017,30,1000000,11,hybrid,all,holm-bonferroni,NLSHADE-RSP,MSC-CMA,51,51,1846,0.29027297193387158,13.929417794259734,5.9697543425600088,0.00026415177668433155,29,0.0026415177668433158,0.05,higher
cec2017,30,1000000,12,hybrid,all,holm-bonferroni,NLSHADE-RSP,MSC-CMA,51,51,2601,0,8031.2218188225706,469.31696308138453,3.3036815016661564e-18,29,8.2592037541653907e-17,0.05,higher
cec2017,30,1000000,13,hybrid,all,holm-bonferroni,NLSHADE-RSP,MSC-CMA,51,51,1785,0.31372549019607843,43.478083273112361,23.303532361775751,0.0011983592509121612,29,0.0095868740072972899,0.05,higher
cec2017,30,1000000,14,hybrid,all,holm-bonferroni,NLSHADE-RSP,MSC-CMA,51,51,1954,0.24875048058439064,37.001046620820489,22.459210173528618,1.2405442192366163e-05,29,0.00017367619069312627,0.05,higher
cec2017,30,1000000,15,hybrid,all,holm-bonferroni,NLSHADE-RSP,MSC-CMA,51,51,1884,0.27566320645905418,13.630188058818703,8.2667473213921312,9.5460947531522195e-05,29,0.0011455313703782662,0.05,higher
cec2017,30,1000000,16,hybrid,all,holm-bonferroni,NLSHADE-RSP,MSC-CMA,51,51,2601,0,345.23640783876363,18.556444193313155,3.3036815016661564e-18,29,8.2592037541653907e-17,0.05,higher
cec2017,30,1000000,17,hybrid,all,holm-bonferroni,NLSHADE-RSP,MSC-CMA,51,51,1858,0.28565936178392926,37.450430440056834,26.763216444230238,0.0001931294596138874,29,0.0021244240557527615,0.05,higher
cec2017,30,1000000,18,hybrid,all,holm-bonferroni,NLSHADE-RSP,MSC-CMA,51,51,2601,0,1530.1251568613156,22.85299103213606,3.3036815016661564e-18,29,8.2592037541653907e-17,0.05,higher
cec2017,30,1000000,19,hybrid,all,holm-bonferroni,NLSHADE-RSP,MSC-CMA,51,51,1343,0.4836601307189542,11.543993079325446,11.16324081220796,0.77863852673631884,29,1,0.05,not significant
cec2017,30,1000000,20,hybrid,all,holm-bonferroni,NLSHADE-RSP,MSC-CMA,51,51,1105,0.57516339869281041,17.106572343691596,23.081519601497121,0.19186631249723063,29,0.57559893749169189,0.05,not significant
cec2017,30,1000000,21,composition,all,holm-bonferroni,NLSHADE-RSP,MSC-CMA,51,51,820.5,0.68454440599769317,100.0000382673893,204.27199886175686,0.001290098132397126,29,0.0095868740072972899,0.05,lower
cec2017,30,1000000,22,composition,all,holm-bonferroni,NLSHADE-RSP,MSC-CMA,51,51,175,0.93271818531334105,100.00000000000045,100.0000000000673,9.2470265475894625e-15,29,1.7569350440419979e-13,0.05,lower
cec2017,30,1000000,23,composition,all,holm-bonferroni,NLSHADE-RSP,MSC-CMA,51,51,1552,0.40330642060745869,372.67627210505589,357.16968993424643,0.092969761125083386,29,0.37187904450033354,0.05,not significant
cec2017,30,1000000,24,composition,all,holm-bonferroni,NLSHADE-RSP,MSC-CMA,51,51,2249,0.13533256439830832,495.25158442303018,427.15452274545896,2.2285278537854252e-10,29,3.3427917806781378e-09,0.05,higher
cec2017,30,1000000,25,composition,all,holm-bonferroni,NLSHADE-RSP,MSC-CMA,51,51,150,0.94232987312572092,386.74608709233235,386.89963726877704,1.3967220148209213e-14,29,2.5140996266776581e-13,0.05,lower
cec2017,30,1000000,26,composition,all,holm-bonferroni,NLSHADE-RSP,MSC-CMA,51,51,787,0.69742406766628218,200.00000000000091,200.00000000076352,0.00055291264916825552,29,0.0049762138425142998,0.05,lower
cec2017,30,1000000,27,composition,all,holm-bonferroni,NLSHADE-RSP,MSC-CMA,51,51,2294,0.11803152633602465,506.16535316707177,498.04314047633989,3.0145498785913373e-11,29,4.8232798057461396e-10,0.05,higher
cec2017,30,1000000,28,composition,all,holm-bonferroni,NLSHADE-RSP,MSC-CMA,51,51,1247,0.52056901191849292,300.00000000000091,300.00000000000273,0.72132734599139203,29,1,0.05,not significant
cec2017,30,1000000,29,composition,all,holm-bonferroni,NLSHADE-RSP,MSC-CMA,51,51,1708,0.34332948865820834,435.00927635925063,418.80616665266552,0.0064509809028847481,29,0.038705885417308489,0.05,higher
cec2017,30,1000000,30,composition,all,holm-bonferroni,NLSHADE-RSP,MSC-CMA,51,51,2595,0.0023068050749711633,2680.3178515593027,1949.5049219300581,4.7026307769839093e-18,29,9.405261553967819e-17,0.05,higher
cec2017,30,1000000,1,basic,all,holm-bonferroni,j2020,MSC-CMA,51,51,2601,0,0,0,1.8809823217410415e-20,29,5.4548487330490207e-19,0.05,higher
cec2017,30,1000000,3,basic,all,holm-bonferroni,j2020,MSC-CMA,51,51,2601,0,0,0,2.7869870666077664e-20,29,7.803563786501746e-19,0.05,higher
cec2017,30,1000000,4,basic,all,holm-bonferroni,j2020,MSC-CMA,51,51,1206,0.53633217993079585,32.579888392183932,58.561557302385211,0.52411934022580997,29,0.52411934022580997,0.05,not significant
cec2017,30,1000000,5,basic,all,holm-bonferroni,j2020,MSC-CMA,51,51,2601,0,42.02510011283789,2.9848771712798907,2.8855907604043741e-18,29,7.2479522562658712e-17,0.05,higher
cec2017,30,1000000,6,basic,all,holm-bonferroni,j2020,MSC-CMA,51,51,0,1,0,0.054494865520837266,2.8994806832976709e-18,29,7.2479522562658712e-17,0.05,lower
cec2017,30,1000000,7,basic,all,holm-bonferroni,j2020,MSC-CMA,51,51,2601,0,74.850972243761248,5.4906055609468467,3.3036815016661564e-18,29,7.5984674538321596e-17,0.05,higher
cec2017,30,1000000,8,basic,all,holm-bonferroni,j2020,MSC-CMA,51,51,2601,0,43.348600194484902,2.9848771712798907,2.7876739447176429e-18,29,7.2479522562658712e-17,0.05,higher
cec2017,30,1000000,9,basic,all,holm-bonferroni,j2020,MSC-CMA,51,51,561,0.78431372549019607,0,0.54385226900728867,5.8835724187361078e-07,29,2.3534289674944431e-06,0.05,lower
cec2017,30,1000000,10,basic,all,holm-bonferroni,j2020,MSC-CMA,51,51,2601,0,2581.9582523434747,47.405644862961708,3.3036815016661564e-18,29,7.5984674538321596e-17,0.05,higher
cec2017,30,1000000,11,hybrid,all,holm-bonferroni,j2020,MSC-CMA,51,51,2133,0.17993079584775085,18.275256476747018,5.9697543425600088,2.558211851066835e-08,29,1.2791059255334176e-07,0.05,higher
cec2017,30,1000000,12,hybrid,all,holm-bonferroni,j2020,MSC-CMA,51,51,2571,0.011534025374855816,1488.2510738239034,469.31696308138453,1.9001855510256677e-17,29,2.8502783265385018e-16,0.05,higher
cec2017,30,1000000,13,hybrid,all,holm-bonferroni,j2020,MSC-CMA,51,51,2349,0.096885813148788968,82.519991701457229,23.303532361775751,2.316701375288625e-12,29,2.0850312377597626e-11,0.05,higher
cec2017,30,1000000,14,hybrid,all,holm-bonferroni,j2020,MSC-CMA,51,51,2530,0.027297193387158747,38.355894060053515,22.459210173528618,1.9464228210670911e-16,29,2.5303496673872184e-15,0.05,higher
cec2017,30,1000000,15,hybrid,all,holm-bonferroni,j2020,MSC-CMA,51,51,2575,0.0099961553248750779,17.185240733400178,8.2667473213921312,1.5083024848576246e-17,29,2.4132839757721993e-16,0.05,higher
cec2017,30,1000000,16,hybrid,all,holm-bonferroni,j2020,MSC-CMA,51,51,2586,0.0057670126874279637,280.56922157628446,18.556444193313155,7.9626592822660999e-18,29,1.353652077985237e-16,0.05,higher
cec2017,30,1000000,17,hybrid,all,holm-bonferroni,j2020,MSC-CMA,51,51,2598,0.0011534025374856371,58.054618689193376,26.763216444230238,3.9423573447196093e-18,29,7.5984674538321596e-17,0.05,higher
cec2017,30,1000000,18,hybrid,all,holm-bonferroni,j2020,MSC-CMA,51,51,2554,0.018069973087274094,35.895284177644498,22.85299103213606,5.0312459751693272e-17,29,7.0437443652370578e-16,0.05,higher
cec2017,30,1000000,19,hybrid,all,holm-bonferroni,j2020,MSC-CMA,51,51,2256,0.13264129181084194,14.268118336804946,11.16324081220796,1.6422813094829782e-10,29,1.1495969166380848e-09,0.05,higher
cec2017,30,1000000,20,hybrid,all,holm-bonferroni,j2020,MSC-CMA,51,51,2446,0.059592464436755144,35.405507015870171,23.081519601497121,1.8142737221245963e-14,29,1.8142737221245964e-13,0.05,higher
cec2017,30,1000000,21,composition,all,holm-bonferroni,j2020,MSC-CMA,51,51,2487,0.043829296424452102,242.75553284797115,204.27199886175686,2.0014358800253599e-15,29,2.2015794680278957e-14,0.05,higher
cec2017,30,1000000,22,composition,all,holm-bonferroni,j2020,MSC-CMA,51,51,0,1,100.00000000000227,100.0000000000673,1.249773953851749e-18,29,3.3743896753997225e-17,0.05,lower
cec2017,30,1000000,23,composition,all,holm-bonferroni,j2020,MSC-CMA,51,51,2601,0,390.17992609801058,357.16968993424643,3.3036815016661564e-18,29,7.5984674538321596e-17,0.05,higher
cec2017,30,1000000,24,composition,all,holm-bonferroni,j2020,MSC-CMA,51,51,2601,0,464.06160948106844,427.15452274545896,3.3036815016661564e-18,29,7.5984674538321596e-17,0.05,higher
cec2017,30,1000000,25,composition,all,holm-bonferroni,j2020,MSC-CMA,51,51,740,0.71549404075355638,386.72440871822027,386.89963726877704,0.00017830986678125607,29,0.00053492960034376815,0.05,lower
cec2017,30,1000000,26,composition,all,holm-bonferroni,j2020,MSC-CMA,51,51,2596,0.0019223375624759509,1182.1386875911458,200.00000000076352,4.4343686629429155e-18,29,7.9818635932972476e-17,0.05,higher
cec2017,30,1000000,27,composition,all,holm-bonferroni,j2020,MSC-CMA,51,51,1715,0.34063821607074207,501.32234396436888,498.04314047633989,0.0055922052338967894,29,0.011184410467793579,0.05,higher
cec2017,30,1000000,28,composition,all,holm-bonferroni,j2020,MSC-CMA,51,51,2336,0.1018838908112264,393.75334159814838,300.00000000000273,4.1312016725461592e-12,29,3.3049613380369273e-11,0.05,higher
cec2017,30,1000000,29,composition,all,holm-bonferroni,j2020,MSC-CMA,51,51,2224,0.14494425221068818,489.38847243002601,418.80616665266552,6.5178667584225955e-10,29,3.9107200550535577e-09,0.05,higher
cec2017,30,1000000,30,composition,all,holm-bonferroni,j2020,MSC-CMA,51,51,2518,0.031910803537101073,2122.1646691817859,1949.5049219300581,3.792040759506782e-16,29,4.5504489114081386e-15,0.05,higher
cec2017,30,1000000,1,basic,all,holm-bonferroni,jSO,MSC-CMA,51,51,25.5,0.99019607843137258,0,0,6.7967230949423876e-23,29,1.9710496975332925e-21,0.05,lower
cec2017,30,1000000,3,basic,all,holm-bonferroni,jSO,MSC-CMA,51,51,51,0.98039215686274506,0,0,4.4879269723408905e-22,29,1.2566195522554493e-20,0.05,lower
cec2017,30,1000000,4,basic,all,holm-bonferroni,jSO,MSC-CMA,51,51,1188,0.54325259515570934,58.561557302385154,58.561557302385211,0.42568642197345175,29,0.85137284394690349,0.05,not significant
cec2017,30,1000000,5,basic,all,holm-bonferroni,jSO,MSC-CMA,51,51,2601,0,8.9546315138403543,2.9848771712798907,2.8349925019812944e-18,29,6.3544053309960941e-17,0.05,higher
cec2017,30,1000000,6,basic,all,holm-bonferroni,jSO,MSC-CMA,51,51,0,1,0,0.054494865520837266,1.3905886961424435e-20,29,3.610423998042367e-19,0.05,lower
cec2017,30,1000000,7,basic,all,holm-bonferroni,jSO,MSC-CMA,51,51,2601,0,38.783842664359781,5.4906055609468467,3.3036815016661564e-18,29,6.936227372312477e-17,0.05,higher
cec2017,30,1000000,8,basic,all,holm-bonferroni,jSO,MSC-CMA,51,51,2601,0,9.9495905709335375,2.9848771712798907,2.7627849265200411e-18,29,6.3544053309960941e-17,0.05,higher
cec2017,30,1000000,9,basic,all,holm-bonferroni,jSO,MSC-CMA,51,51,0,1,0,0.54385226900728867,1.2708083650326869e-20,29,3.4311825855882548e-19,0.05,lower
cec2017,30,1000000,10,basic,all,holm-bonferroni,jSO,MSC-CMA,51,51,2601,0,1441.5537526638036,47.405644862961708,3.3036815016661564e-18,29,6.936227372312477e-17,0.05,higher
cec2017,30,1000000,11,hybrid,all,holm-bonferroni,jSO,MSC-CMA,51,51,610,0.76547481737793155,0.99495905710000443,5.9697543425600088,3.8590984135247302e-06,29,2.3154590481148381e-05,0.05,lower
cec2017,30,1000000,12,hybrid,all,holm-bonferroni,jSO,MSC-CMA,51,51,25,0.99038831218762013,20.524356220889103,469.31696308138453,1.4235199004135164e-17,29,2.419983830702978e-16,0.05,lower
cec2017,30,1000000,13,hybrid,all,holm-bonferroni,jSO,MSC-CMA,51,51,0,1,14.882965674492652,23.303532361775751,3.3029654153868941e-18,29,6.936227372312477e-17,0.05,lower
cec2017,30,1000000,14,hybrid,all,holm-bonferroni,jSO,MSC-CMA,51,51,623,0.76047673971549401,9.5122303013915825,22.459210173528618,5.8715458543330721e-06,29,2.9357729271665361e-05,0.05,lower
cec2017,30,1000000,15,hybrid,all,holm-bonferroni,jSO,MSC-CMA,51,51,0,1,0.4387519929764494,8.2667473213921312,3.3036815016661564e-18,29,6.936227372312477e-17,0.05,lower
cec2017,30,1000000,16,hybrid,all,holm-bonferroni,jSO,MSC-CMA,51,51,2134,0.17954632833525563,128.23076079954717,18.556444193313155,2.4749401504544897e-08,29,1.9799521203635918e-07,0.05,higher
cec2017,30,1000000,17,hybrid,all,holm-bonferroni,jSO,MSC-CMA,51,51,1554,0.40253748558246827,29.069552345480133,26.763216444230238,0.090406947777767338,29,0.27122084333330199,0.05,not significant
cec2017,30,1000000,18,hybrid,all,holm-bonferroni,jSO,MSC-CMA,51,51,254,0.90234525182622072,20.516080698354017,22.85299103213606,2.5491980681210236e-12,29,2.2942782613089213e-11,0.05,lower
cec2017,30,1000000,19,hybrid,all,holm-bonferroni,jSO,MSC-CMA,51,51,59,0.97731641676278358,4.6111581536995345,11.16324081220796,9.9274627267662592e-17,29,1.1912955272119511e-15,0.05,lower
cec2017,30,1000000,20,hybrid,all,holm-bonferroni,jSO,MSC-CMA,51,51,1393,0.46443675509419458,25.160437541626607,23.081519601497121,0.53807334426691478,29,0.85137284394690349,0.05,not significant
cec2017,30,1000000,21,composition,all,holm-bonferroni,jSO,MSC-CMA,51,51,2563,0.014609765474817404,210.32706354341326,204.27199886175686,2.9095489689979198e-17,29,4.6552783503966717e-16,0.05,higher
cec2017,30,1000000,22,composition,all,holm-bonferroni,jSO,MSC-CMA,51,51,0,1,100.00000000000045,100.0000000000673,1.3886246146316797e-20,29,3.610423998042367e-19,0.05,lower
cec2017,30,1000000,23,composition,all,holm-bonferroni,jSO,MSC-CMA,51,51,102,0.96078431372549022,345.16891613047756,357.16968993424643,1.0760037474761463e-15,29,1.183604122223761e-14,0.05,lower
cec2017,30,1000000,24,composition,all,holm-bonferroni,jSO,MSC-CMA,51,51,52,0.98000768935024996,420.33061986168741,427.15452274545896,6.683376620571545e-17,29,9.3567272688001625e-16,0.05,lower
cec2017,30,1000000,25,composition,all,holm-bonferroni,jSO,MSC-CMA,51,51,51,0.98039215686274506,386.69284787720972,386.89963726877704,4.9515551965185014e-17,29,7.4273327947777521e-16,0.05,lower
cec2017,30,1000000,26,composition,all,holm-bonferroni,jSO,MSC-CMA,51,51,2545,0.021530180699730894,870.06406019091537,200.00000000076352,8.3645696408766133e-17,29,1.0873940533139597e-15,0.05,higher
cec2017,30,1000000,27,composition,all,holm-bonferroni,jSO,MSC-CMA,51,51,108,0.95847750865051906,477.75625488639525,498.04314047633989,1.4799096740408172e-15,29,1.4799096740408172e-14,0.05,lower
cec2017,30,1000000,28,composition,all,holm-bonferroni,jSO,MSC-CMA,51,51,51,0.98039215686274506,300.00000000000045,300.00000000000273,2.1463210478628809e-18,29,5.1511705148709142e-17,0.05,lower
cec2017,30,1000000,29,composition,all,holm-bonferroni,jSO,MSC-CMA,51,51,1604,0.38331410995770854,424.36950346840104,418.80616665266552,0.042571442871446347,29,0.17028577148578539,0.05,not significant
cec2017,30,1000000,30,composition,all,holm-bonferroni,jSO,MSC-CMA,51,51,2030,0.21953094963475583,1981.3151940217722,1949.5049219300581,1.0663390144362064e-06,29,7.464373101053445e-06,0.05,higher
cec2017,30,1000000,21,composition,composition,holm-bonferroni,ARRDE,MSC-CMA,51,51,1296.5,0.50153787004998085,204.20800118283614,204.27199886175686,0.98130285327390721,10,1,0.05,not significant
cec2017,30,1000000,22,composition,composition,holm-bonferroni,ARRDE,MSC-CMA,51,51,0,1,100.00000000000091,100.0000000000673,2.2149183660306852e-19,10,2.2149183660306852e-18,0.05,lower
cec2017,30,1000000,23,composition,composition,holm-bonferroni,ARRDE,MSC-CMA,51,51,407,0.843521722414456,350.69604225573948,357.16968993424643,2.2785997368494292e-09,10,1.3671598421096576e-08,0.05,lower
cec2017,30,1000000,24,composition,composition,holm-bonferroni,ARRDE,MSC-CMA,51,51,1107,0.57439446366781999,426.57858050206551,427.15452274545896,0.19646111958431534,10,0.78584447833726134,0.05,not significant
cec2017,30,1000000,25,composition,composition,holm-bonferroni,ARRDE,MSC-CMA,51,51,19,0.9926951172625913,383.43547417774244,386.89963726877704,1.0019336674952051e-17,10,9.0174030074568466e-17,0.05,lower
cec2017,30,1000000,26,composition,composition,holm-bonferroni,ARRDE,MSC-CMA,51,51,603,0.76816608996539792,200.00000000000091,200.00000000076352,2.3575067065079774e-06,10,1.1787533532539887e-05,0.05,lower
cec2017,30,1000000,27,composition,composition,holm-bonferroni,ARRDE,MSC-CMA,51,51,246,0.90542099192618219,487.49431324650004,498.04314047633989,1.7370450684304229e-12,10,1.215931547901296e-11,0.05,lower
cec2017,30,1000000,28,composition,composition,holm-bonferroni,ARRDE,MSC-CMA,51,51,154.5,0.94059976931949252,300.00000000000091,300.00000000000273,7.9693601217611611e-16,10,6.3754880974089289e-15,0.05,lower
cec2017,30,1000000,29,composition,composition,holm-bonferroni,ARRDE,MSC-CMA,51,51,1368,0.47404844290657444,416.34332245068799,418.80616665266552,0.65385632176715358,10,1,0.05,not significant
cec2017,30,1000000,30,composition,composition,holm-bonferroni,ARRDE,MSC-CMA,51,51,1292,0.50326797385620914,1967.0133935897757,1949.5049219300581,0.9573003393666939,10,1,0.05,not significant
cec2017,30,1000000,21,composition,composition,holm-bonferroni,BIPOP-CMA,MSC-CMA,51,51,1538,0.40868896578239133,205.30200530584034,204.27199886175686,0.11200442375347945,10,0.14361448159325524,0.05,not significant
cec2017,30,1000000,22,composition,composition,holm-bonferroni,BIPOP-CMA,MSC-CMA,51,51,238,0.90849673202614378,100.00000000001501,100.0000000000673,1.1703842439486661e-12,10,8.1926897076406622e-12,0.05,lower
cec2017,30,1000000,23,composition,composition,holm-bonferroni,BIPOP-CMA,MSC-CMA,51,51,1838,0.29334871203383317,359.87031176117307,357.16968993424643,0.00032566004130527758,10,0.0013026401652211103,0.05,higher
cec2017,30,1000000,24,composition,composition,holm-bonferroni,BIPOP-CMA,MSC-CMA,51,51,1650,0.36562860438292966,428.44254661509831,427.15452274545896,0.019504021365806604,10,0.058512064097419811,0.05,not significant
cec2017,30,1000000,25,composition,composition,holm-bonferroni,BIPOP-CMA,MSC-CMA,51,51,45,0.98269896193771622,386.69130858877088,386.89963726877704,4.3748590746310805e-17,10,4.3748590746310806e-16,0.05,lower
cec2017,30,1000000,26,composition,composition,holm-bonferroni,BIPOP-CMA,MSC-CMA,51,51,1974,0.24106113033448673,300.00000000002956,200.00000000076352,6.6613953878283192e-06,10,3.3306976939141599e-05,0.05,higher
cec2017,30,1000000,27,composition,composition,holm-bonferroni,BIPOP-CMA,MSC-CMA,51,51,2150,0.17339484813533257,505.33964430576543,498.04314047633989,1.3304418383287293e-08,10,7.982651029972376e-08,0.05,higher
cec2017,30,1000000,28,composition,composition,holm-bonferroni,BIPOP-CMA,MSC-CMA,51,51,211,0.91887735486351407,300.00000000000091,300.00000000000273,3.7181231365443467e-14,10,2.9744985092354773e-13,0.05,lower
cec2017,30,1000000,29,composition,composition,holm-bonferroni,BIPOP-CMA,MSC-CMA,51,51,2506,0.0365244136870434,504.38025955730927,418.80616665266552,7.3408506477107292e-16,10,6.6067655829396561e-15,0.05,higher
cec2017,30,1000000,30,composition,composition,holm-bonferroni,BIPOP-CMA,MSC-CMA,51,51,1570,0.3963860053825452,1971.7061113577174,1949.5049219300581,0.071807240796627619,10,0.14361448159325524,0.05,not significant
cec2017,30,1000000,21,composition,composition,holm-bonferroni,LSRTDE,MSC-CMA,51,51,682,0.73779315647827759,200.00000000000045,204.27199886175686,2.5529769667274977e-05,10,5.1059539334549955e-05,0.05,lower
cec2017,30,1000000,22,composition,composition,holm-bonferroni,LSRTDE,MSC-CMA,51,51,0,1,100.00000000000045,100.0000000000673,1.3886246146316797e-20,10,1.3066298057641525e-19,0.05,lower
cec2017,30,1000000,23,composition,composition,holm-bonferroni,LSRTDE,MSC-CMA,51,51,102,0.96078431372549022,338.18408124055122,357.16968993424643,1.069076569501393e-15,10,4.276306278005572e-15,0.05,lower
cec2017,30,1000000,24,composition,composition,holm-bonferroni,LSRTDE,MSC-CMA,51,51,51,0.98039215686274506,411.84960667436735,427.15452274545896,6.3098970386855162e-17,10,3.3565002003212571e-16,0.05,lower
cec2017,30,1000000,25,composition,composition,holm-bonferroni,LSRTDE,MSC-CMA,51,51,51,0.98039215686274506,386.69186168995884,386.89963726877704,5.594167000535428e-17,10,3.3565002003212571e-16,0.05,lower
cec2017,30,1000000,26,composition,composition,holm-bonferroni,LSRTDE,MSC-CMA,51,51,2596,0.0019223375624759509,568.33128335833726,200.00000000076352,3.1133412900740116e-18,10,2.4906730320592093e-17,0.05,higher
cec2017,30,1000000,27,composition,composition,holm-bonferroni,LSRTDE,MSC-CMA,51,51,3,0.99884659746251436,471.70891449213286,498.04314047633989,3.924530569248237e-18,10,2.7471713984737659e-17,0.05,lower
cec2017,30,1000000,28,composition,composition,holm-bonferroni,LSRTDE,MSC-CMA,51,51,0,1,300.00000000000045,300.00000000000273,1.3066298057641525e-20,10,1.3066298057641525e-19,0.05,lower
cec2017,30,1000000,29,composition,composition,holm-bonferroni,LSRTDE,MSC-CMA,51,51,1008,0.61245674740484435,396.08634666672015,418.80616665266552,0.050669230509549468,10,0.050669230509549468,0.05,not significant
cec2017,30,1000000,30,composition,composition,holm-bonferroni,LSRTDE,MSC-CMA,51,51,2065,0.20607458669742407,1987.7395010734854,1949.5049219300581,3.1665048085439601e-07,10,9.4995144256318802e-07,0.05,higher
cec2017,30,1000000,21,composition,composition,holm-bonferroni,NLSHADE-RSP,MSC-CMA,51,51,820.5,0.68454440599769317,100.0000382673893,204.27199886175686,0.001290098132397126,10,0.0051603925295885039,0.05,lower
cec2017,30,1000000,22,composition,composition,holm-bonferroni,NLSHADE-RSP,MSC-CMA,51,51,175,0.93271818531334105,100.00000000000045,100.0000000000673,9.2470265475894625e-15,10,8.3223238928305167e-14,0.05,lower
cec2017,30,1000000,23,composition,composition,holm-bonferroni,NLSHADE-RSP,MSC-CMA,51,51,1552,0.40330642060745869,372.67627210505589,357.16968993424643,0.092969761125083386,10,0.18593952225016677,0.05,not significant
cec2017,30,1000000,24,composition,composition,holm-bonferroni,NLSHADE-RSP,MSC-CMA,51,51,2249,0.13533256439830832,495.25158442303018,427.15452274545896,2.2285278537854252e-10,10,1.3371167122712552e-09,0.05,higher
cec2017,30,1000000,25,composition,composition,holm-bonferroni,NLSHADE-RSP,MSC-CMA,51,51,150,0.94232987312572092,386.74608709233235,386.89963726877704,1.3967220148209213e-14,10,1.117377611856737e-13,0.05,lower
cec2017,30,1000000,26,composition,composition,holm-bonferroni,NLSHADE-RSP,MSC-CMA,51,51,787,0.69742406766628218,200.00000000000091,200.00000000076352,0.00055291264916825552,10,0.0027645632458412777,0.05,lower
cec2017,30,1000000,27,composition,composition,holm-bonferroni,NLSHADE-RSP,MSC-CMA,51,51,2294,0.11803152633602465,506.16535316707177,498.04314047633989,3.0145498785913373e-11,10,2.1101849150139362e-10,0.05,higher
cec2017,30,1000000,28,composition,composition,holm-bonferroni,NLSHADE-RSP,MSC-CMA,51,51,1247,0.52056901191849292,300.00000000000091,300.00000000000273,0.72132734599139203,10,0.72132734599139203,0.05,not significant
cec2017,30,1000000,29,composition,composition,holm-bonferroni,NLSHADE-RSP,MSC-CMA,51,51,1708,0.34332948865820834,435.00927635925063,418.80616665266552,0.0064509809028847481,10,0.019352942708654244,0.05,higher
cec2017,30,1000000,30,composition,composition,holm-bonferroni,NLSHADE-RSP,MSC-CMA,51,51,2595,0.0023068050749711633,2680.3178515593027,1949.5049219300581,4.7026307769839093e-18,10,4.7026307769839095e-17,0.05,higher
cec2017,30,1000000,21,composition,composition,holm-bonferroni,j2020,MSC-CMA,51,51,2487,0.043829296424452102,242.75553284797115,204.27199886175686,2.0014358800253599e-15,10,1.0007179400126799e-14,0.05,higher
cec2017,30,1000000,22,composition,composition,holm-bonferroni,j2020,MSC-CMA,51,51,0,1,100.00000000000227,100.0000000000673,1.249773953851749e-18,10,1.249773953851749e-17,0.05,lower
cec2017,30,1000000,23,composition,composition,holm-bonferroni,j2020,MSC-CMA,51,51,2601,0,390.17992609801058,357.16968993424643,3.3036815016661564e-18,10,2.973313351499541e-17,0.05,higher
cec2017,30,1000000,24,composition,composition,holm-bonferroni,j2020,MSC-CMA,51,51,2601,0,464.06160948106844,427.15452274545896,3.3036815016661564e-18,10,2.973313351499541e-17,0.05,higher
cec2017,30,1000000,25,composition,composition,holm-bonferroni,j2020,MSC-CMA,51,51,740,0.71549404075355638,386.72440871822027,386.89963726877704,0.00017830986678125607,10,0.00035661973356251213,0.05,lower
cec2017,30,1000000,26,composition,composition,holm-bonferroni,j2020,MSC-CMA,51,51,2596,0.0019223375624759509,1182.1386875911458,200.00000000076352,4.4343686629429155e-18,10,3.104058064060041e-17,0.05,higher
cec2017,30,1000000,27,composition,composition,holm-bonferroni,j2020,MSC-CMA,51,51,1715,0.34063821607074207,501.32234396436888,498.04314047633989,0.0055922052338967894,10,0.0055922052338967894,0.05,higher
cec2017,30,1000000,28,composition,composition,holm-bonferroni,j2020,MSC-CMA,51,51,2336,0.1018838908112264,393.75334159814838,300.00000000000273,4.1312016725461592e-12,10,1.6524806690184637e-11,0.05,higher
cec2017,30,1000000,29,composition,composition,holm-bonferroni,j2020,MSC-CMA,51,51,2224,0.14494425221068818,489.38847243002601,418.80616665266552,6.5178667584225955e-10,10,1.9553600275267789e-09,0.05,higher
cec2017,30,1000000,30,composition,composition,holm-bonferroni,j2020,MSC-CMA,51,51,2518,0.031910803537101073,2122.1646691817859,1949.5049219300581,3.792040759506782e-16,10,2.2752244557040693e-15,0.05,higher
cec2017,30,1000000,21,composition,composition,holm-bonferroni,jSO,MSC-CMA,51,51,2563,0.014609765474817404,210.32706354341326,204.27199886175686,2.9095489689979198e-17,10,2.3276391751983358e-16,0.05,higher
cec2017,30,1000000,22,composition,composition,holm-bonferroni,jSO,MSC-CMA,51,51,0,1,100.00000000000045,100.0000000000673,1.3886246146316797e-20,10,1.3886246146316797e-19,0.05,lower
cec2017,30,1000000,23,composition,composition,holm-bonferroni,jSO,MSC-CMA,51,51,102,0.96078431372549022,345.16891613047756,357.16968993424643,1.0760037474761463e-15,10,4.3040149899045851e-15,0.05,lower
cec2017,30,1000000,24,composition,composition,holm-bonferroni,jSO,MSC-CMA,51,51,52,0.98000768935024996,420.33061986168741,427.15452274545896,6.683376620571545e-17,10,4.010025972342927e-16,0.05,lower
cec2017,30,1000000,25,composition,composition,holm-bonferroni,jSO,MSC-CMA,51,51,51,0.98039215686274506,386.69284787720972,386.89963726877704,4.9515551965185014e-17,10,3.4660886375629509e-16,0.05,lower
cec2017,30,1000000,26,composition,composition,holm-bonferroni,jSO,MSC-CMA,51,51,2545,0.021530180699730894,870.06406019091537,200.00000000076352,8.3645696408766133e-17,10,4.1822848204383065e-16,0.05,higher
cec2017,30,1000000,27,composition,composition,holm-bonferroni,jSO,MSC-CMA,51,51,108,0.95847750865051906,477.75625488639525,498.04314047633989,1.4799096740408172e-15,10,4.4397290221224518e-15,0.05,lower
cec2017,30,1000000,28,composition,composition,holm-bonferroni,jSO,MSC-CMA,51,51,51,0.98039215686274506,300.00000000000045,300.00000000000273,2.1463210478628809e-18,10,1.9316889430765928e-17,0.05,lower
cec2017,30,1000000,29,composition,composition,holm-bonferroni,jSO,MSC-CMA,51,51,1604,0.38331410995770854,424.36950346840104,418.80616665266552,0.042571442871446347,10,0.042571442871446347,0.05,higher
cec2017,30,1000000,30,composition,composition,holm-bonferroni,jSO,MSC-CMA,51,51,2030,0.21953094963475583,1981.3151940217722,1949.5049219300581,1.0663390144362064e-06,10,2.1326780288724129e-06,0.05,higher
cec2020,5,50000,1,basic,all,holm-bonferroni,ARRDE,MSC-CMA,51,51,426,0.8362168396770473,0,0,6.3926174964731414e-10,10,4.4748322475311991e-09,0.05,lower
cec2020,5,50000,2,basic,all,holm-bonferroni,ARRDE,MSC-CMA,51,51,916.5,0.64763552479815456,0.37469695419986238,0.49959593893299825,0.010075177062977603,10,0.010075177062977603,0.05,lower
cec2020,5,50000,3,basic,all,holm-bonferroni,ARRDE,MSC-CMA,51,51,1895.5,0.27124183006535951,5.3088873129403282,3.2741881753769349,6.6842003855562809e-05,10,0.00020052601156668844,0.05,higher
cec2020,5,50000,4,basic,all,holm-bonferroni,ARRDE,MSC-CMA,51,51,92.5,0.96443675509419458,0.088980638470957274,0.360140728029819,5.9461532532931426e-16,10,4.7569226026345141e-15,0.05,lower
cec2020,5,50000,5,hybrid,all,holm-bonferroni,ARRDE,MSC-CMA,51,51,511.5,0.80334486735870825,0,0.045452451643313907,3.1055187416104619e-09,10,1.5527593708052308e-08,0.05,lower
cec2020,5,50000,6,hybrid,all,holm-bonferroni,ARRDE,MSC-CMA,51,51,0,1,0,0.49651018377676337,7.7867529982618213e-19,10,7.0080776984356387e-18,0.05,lower
cec2020,5,50000,7,hybrid,all,holm-bonferroni,ARRDE,MSC-CMA,51,51,0,1,0,7.8749729254923295e-05,3.8324456919482492e-20,10,3.8324456919482491e-19,0.05,lower
cec2020,5,50000,8,composition,all,holm-bonferroni,ARRDE,MSC-CMA,51,51,408.5,0.84294502114571324,0,0,1.8575958829617251e-09,10,1.1145575297770351e-08,0.05,lower
cec2020,5,50000,9,composition,all,holm-bonferroni,ARRDE,MSC-CMA,51,51,879,0.66205305651672441,0,0,0.0048339959953639725,10,0.0096679919907279449,0.05,lower
cec2020,5,50000,10,composition,all,holm-bonferroni,ARRDE,MSC-CMA,51,51,1998,0.23183391003460208,100.01320653065068,0,3.087729382265656e-06,10,1.2350917529062624e-05,0.05,higher
cec2020,5,50000,1,basic,all,holm-bonferroni,BIPOP-CMA,MSC-CMA,51,51,306,0.88235294117647056,0,0,2.7609917823338085e-14,10,2.4848926041004277e-13,0.05,lower
cec2020,5,50000,2,basic,all,holm-bonferroni,BIPOP-CMA,MSC-CMA,51,51,1229.5,0.52729719338715886,3.0643575216636236,0.49959593893299825,0.63654011547361888,10,0.73987183322570171,0.05,not significant
cec2020,5,50000,3,basic,all,holm-bonferroni,BIPOP-CMA,MSC-CMA,51,51,1973,0.24144559784698194,5.3831164805454819,3.2741881753769349,6.5936391649790109e-06,10,2.6374556659916044e-05,0.05,higher
cec2020,5,50000,4,basic,all,holm-bonferroni,BIPOP-CMA,MSC-CMA,51,51,404.5,0.84448289119569397,0.21556484863026526,0.360140728029819,2.0359460203363815e-09,10,1.4251622142354671e-08,0.05,lower
cec2020,5,50000,5,hybrid,all,holm-bonferroni,BIPOP-CMA,MSC-CMA,51,51,1431.5,0.44963475586312962,0.62409932050968564,0.045452451643313907,0.36993591661285086,10,0.73987183322570171,0.05,not significant
cec2020,5,50000,6,hybrid,all,holm-bonferroni,BIPOP-CMA,MSC-CMA,51,51,234,0.91003460207612452,2.7675696401274763e-08,0.49651018377676337,9.7177617114416072e-13,10,7.7742093691532858e-12,0.05,lower
cec2020,5,50000,7,hybrid,all,holm-bonferroni,BIPOP-CMA,MSC-CMA,51,51,411.5,0.8417916186082276,0,7.8749729254923295e-05,2.7392968196976942e-09,10,1.6435780918186165e-08,0.05,lower
cec2020,5,50000,8,composition,all,holm-bonferroni,BIPOP-CMA,MSC-CMA,51,51,846,0.67474048442906576,0,0,0.0022316820648558429,10,0.0066950461945675284,0.05,lower
cec2020,5,50000,9,composition,all,holm-bonferroni,BIPOP-CMA,MSC-CMA,51,51,2162,0.16878123798539024,100.00000000000091,0,8.0443146095845055e-09,10,4.0221573047922531e-08,0.05,higher
cec2020,5,50000,10,composition,all,holm-bonferroni,BIPOP-CMA,MSC-CMA,51,51,2451,0.057670126874279082,347.36691593518754,0,7.9167099572461087e-15,10,7.916709957246109e-14,0.05,higher
cec2020,5,50000,1,basic,all,holm-bonferroni,LSRTDE,MSC-CMA,51,51,396,0.84775086505190311,0,0,8.8681155802332287e-12,10,7.0944924641865829e-11,0.05,lower
cec2020,5,50000,2,basic,all,holm-bonferroni,LSRTDE,MSC-CMA,51,51,517.5,0.80103806228373697,0.24979796946627175,0.49959593893299825,1.2510994217821609e-07,10,2.6012959417987343e-07,0.05,lower
cec2020,5,50000,3,basic,all,holm-bonferroni,LSRTDE,MSC-CMA,51,51,2173,0.16455209534794313,5.4034678846310271,3.2741881753769349,4.9734896984710888e-09,10,2.9840938190826533e-08,0.05,higher
cec2020,5,50000,4,basic,all,holm-bonferroni,LSRTDE,MSC-CMA,51,51,452.5,0.82602845059592467,0.21557583610183428,0.360140728029819,1.3056050562242453e-08,10,6.5280252811212269e-08,0.05,lower
cec2020,5,50000,5,hybrid,all,holm-bonferroni,LSRTDE,MSC-CMA,51,51,1041,0.59976931949250289,0,0.045452451643313907,0.068502063660596482,10,0.068502063660596482,0.05,not significant
cec2020,5,50000,6,hybrid,all,holm-bonferroni,LSRTDE,MSC-CMA,51,51,394,0.84851980007689354,0,0.49651018377676337,3.2046432998527216e-10,10,2.2432503098969052e-09,0.05,lower
cec2020,5,50000,7,hybrid,all,holm-bonferroni,LSRTDE,MSC-CMA,51,51,525,0.79815455594002305,0,7.8749729254923295e-05,8.6709864726624471e-08,10,2.6012959417987343e-07,0.05,lower
cec2020,5,50000,8,composition,all,holm-bonferroni,LSRTDE,MSC-CMA,51,51,505,0.80584390618992696,0,0,3.7008062296953409e-08,10,1.4803224918781364e-07,0.05,lower
cec2020,5,50000,9,composition,all,holm-bonferroni,LSRTDE,MSC-CMA,51,51,2601,0,100,0,1.987046731565574e-20,10,1.9870467315655739e-19,0.05,higher
cec2020,5,50000,10,composition,all,holm-bonferroni,LSRTDE,MSC-CMA,51,51,2601,0,347.36691593518754,0,5.6217043189596551e-19,10,5.0595338870636894e-18,0.05,higher
cec2020,5,50000,1,basic,all,holm-bonferroni,NLSHADE-RSP,MSC-CMA,51,51,306,0.88235294117647056,0,0,2.7609917823338085e-14,10,1.1043967129335234e-13,0.05,lower
cec2020,5,50000,2,basic,all,holm-bonferroni,NLSHADE-RSP,MSC-CMA,51,51,97,0.96270665128796618,0.12489898473313588,0.49959593893299825,5.3135073272347967e-16,10,3.0196515502840303e-15,0.05,lower
cec2020,5,50000,3,basic,all,holm-bonferroni,NLSHADE-RSP,MSC-CMA,51,51,1013.5,0.61034217608612074,1.6479823498091264,3.2741881753769349,0.051390220426631376,10,0.051390220426631376,0.05,not significant
cec2020,5,50000,4,basic,all,holm-bonferroni,NLSHADE-RSP,MSC-CMA,51,51,30.5,0.98827374086889663,0,0.360140728029819,1.24209643510159e-18,10,8.6946750457111294e-18,0.05,lower
cec2020,5,50000,5,hybrid,all,holm-bonferroni,NLSHADE-RSP,MSC-CMA,51,51,408,0.84313725490196079,0,0.045452451643313907,1.6788979067011412e-12,10,5.0366937201034233e-12,0.05,lower
cec2020,5,50000,6,hybrid,all,holm-bonferroni,NLSHADE-RSP,MSC-CMA,51,51,0,1,0,0.49651018377676337,1.9875994101494602e-20,10,1.5900795281195682e-19,0.05,lower
cec2020,5,50000,7,hybrid,all,holm-bonferroni,NLSHADE-RSP,MSC-CMA,51,51,0,1,0,7.8749729254923295e-05,1.3901956678272616e-20,10,1.3426534209079669e-19,0.05,lower
cec2020,5,50000,8,composition,all,holm-bonferroni,NLSHADE-RSP,MSC-CMA,51,51,0,1,0,0,1.342653420907967e-20,10,1.3426534209079669e-19,0.05,lower
cec2020,5,50000,9,composition,all,holm-bonferroni,NLSHADE-RSP,MSC-CMA,51,51,153,0.94117647058823528,0,0,5.0327525838067172e-16,10,3.0196515502840303e-15,0.05,lower
cec2020,5,50000,10,composition,all,holm-bonferroni,NLSHADE-RSP,MSC-CMA,51,51,2068,0.20492118415993843,300,0,2.4850997927474988e-07,10,4.9701995854949975e-07,0.05,higher
cec2020,5,50000,1,basic,all,holm-bonferroni,j2020,MSC-CMA,51,51,763.5,0.70645905420991928,0,0,0.00032238961755275553,10,0.0016119480877637778,0.05,lower
cec2020,5,50000,2,basic,all,holm-bonferroni,j2020,MSC-CMA,51,51,1064,0.59092656670511334,0.62451739227481085,0.49959593893299825,0.1137890780284751,10,0.2275781560569502,0.05,not significant
cec2020,5,50000,3,basic,all,holm-bonferroni,j2020,MSC-CMA,51,51,1794.5,0.31007304882737408,5.1482871324652706,3.2741881753769349,0.00095134711550512062,10,0.0029484509577968857,0.05,higher
cec2020,5,50000,4,basic,all,holm-bonferroni,j2020,MSC-CMA,51,51,102.5,0.96059207996924256,0.064778373772924169,0.360140728029819,1.0983911551292522e-15,10,8.7871292410340174e-15,0.05,lower
cec2020,5,50000,5,hybrid,all,holm-bonferroni,j2020,MSC-CMA,51,51,814.5,0.68685121107266434,0,0.045452451643313907,0.00073711273944922142,10,0.0029484509577968857,0.05,lower
cec2020,5,50000,6,hybrid,all,holm-bonferroni,j2020,MSC-CMA,51,51,0,1,0,0.49651018377676337,1.5881300345694461e-18,10,1.4293170311125015e-17,0.05,lower
cec2020,5,50000,7,hybrid,all,holm-bonferroni,j2020,MSC-CMA,51,51,0,1,0,7.8749729254923295e-05,1.3901956678272616e-20,10,1.3901956678272617e-19,0.05,lower
cec2020,5,50000,8,composition,all,holm-bonferroni,j2020,MSC-CMA,51,51,1330.5,0.48846597462514418,0,0,0.8432104701824843,10,0.8432104701824843,0.05,not significant
cec2020,5,50000,9,composition,all,holm-bonferroni,j2020,MSC-CMA,51,51,1996.5,0.23241061130334484,0.0057097558446912444,0,3.1928760527196692e-06,10,1.9157256316318017e-05,0.05,higher
cec2020,5,50000,10,composition,all,holm-bonferroni,j2020,MSC-CMA,51,51,2298,0.1164936562860438,100.12322468347429,0,2.5084093007826799e-11,10,1.755886510547876e-10,0.05,higher
cec2020,5,50000,1,basic,all,holm-bonferroni,jSO,MSC-CMA,51,51,306,0.88235294117647056,0,0,2.7609917823338085e-14,10,1.1043967129335234e-13,0.05,lower
cec2020,5,50000,2,basic,all,holm-bonferroni,jSO,MSC-CMA,51,51,455,0.82506728181468669,0.2497979694667265,0.49959593893299825,1.3445795155682516e-08,10,2.6891590311365032e-08,0.05,lower
cec2020,5,50000,3,basic,all,holm-bonferroni,jSO,MSC-CMA,51,51,1927,0.25913110342176082,5.1482279660613131,3.2741881753769349,2.1218399853433112e-05,10,2.1218399853433112e-05,0.05,higher
cec2020,5,50000,4,basic,all,holm-bonferroni,jSO,MSC-CMA,51,51,101.5,0.96097654748173778,0.10322663620922867,0.360140728029819,1.0345907467995309e-15,10,5.1729537339976551e-15,0.05,lower
cec2020,5,50000,5,hybrid,all,holm-bonferroni,jSO,MSC-CMA,51,51,504,0.80622837370242217,0,0.045452451643313907,1.0392235709040458e-09,10,3.1176707127121376e-09,0.05,lower
cec2020,5,50000,6,hybrid,all,holm-bonferroni,jSO,MSC-CMA,51,51,0,1,0,0.49651018377676337,1.3901956678272616e-20,10,1.3901956678272617e-19,0.05,lower
cec2020,5,50000,7,hybrid,all,holm-bonferroni,jSO,MSC-CMA,51,51,0,1,0,7.8749729254923295e-05,1.3901956678272616e-20,10,1.3901956678272617e-19,0.05,lower
cec2020,5,50000,8,composition,all,holm-bonferroni,jSO,MSC-CMA,51,51,1.5,0.99942329873125724,0,0,4.0850302212350462e-20,10,2.4510181327410277e-19,0.05,lower
cec2020,5,50000,9,composition,all,holm-bonferroni,jSO,MSC-CMA,51,51,2601,0,100,0,2.785461266646723e-20,10,1.9498228866527061e-19,0.05,higher
cec2020,5,50000,10,composition,all,holm-bonferroni,jSO,MSC-CMA,51,51,2601,0,347.36691593518754,0,1.9881522354074772e-20,10,1.5905217883259818e-19,0.05,higher
cec2020,5,50000,8,composition,composition,holm-bonferroni,ARRDE,MSC-CMA,51,51,408.5,0.84294502114571324,0,0,1.8575958829617251e-09,3,5.5727876488851754e-09,0.05,lower
cec2020,5,50000,9,composition,composition,holm-bonferroni,ARRDE,MSC-CMA,51,51,879,0.66205305651672441,0,0,0.0048339959953639725,3,0.0048339959953639725,0.05,lower
cec2020,5,50000,10,composition,composition,holm-bonferroni,ARRDE,MSC-CMA,51,51,1998,0.23183391003460208,100.01320653065068,0,3.087729382265656e-06,3,6.1754587645313119e-06,0.05,higher
cec2020,5,50000,8,composition,composition,holm-bonferroni,BIPOP-CMA,MSC-CMA,51,51,846,0.67474048442906576,0,0,0.0022316820648558429,3,0.0022316820648558429,0.05,lower
cec2020,5,50000,9,composition,composition,holm-bonferroni,BIPOP-CMA,MSC-CMA,51,51,2162,0.16878123798539024,100.00000000000091,0,8.0443146095845055e-09,3,1.6088629219169011e-08,0.05,higher
cec2020,5,50000,10,composition,composition,holm-bonferroni,BIPOP-CMA,MSC-CMA,51,51,2451,0.057670126874279082,347.36691593518754,0,7.9167099572461087e-15,3,2.3750129871738324e-14,0.05,higher
cec2020,5,50000,8,composition,composition,holm-bonferroni,LSRTDE,MSC-CMA,51,51,505,0.80584390618992696,0,0,3.7008062296953409e-08,3,3.7008062296953409e-08,0.05,lower
cec2020,5,50000,9,composition,composition,holm-bonferroni,LSRTDE,MSC-CMA,51,51,2601,0,100,0,1.987046731565574e-20,3,5.9611401946967222e-20,0.05,higher
cec2020,5,50000,10,composition,composition,holm-bonferroni,LSRTDE,MSC-CMA,51,51,2601,0,347.36691593518754,0,5.6217043189596551e-19,3,1.124340863791931e-18,0.05,higher
cec2020,5,50000,8,composition,composition,holm-bonferroni,NLSHADE-RSP,MSC-CMA,51,51,0,1,0,0,1.342653420907967e-20,3,4.0279602627239012e-20,0.05,lower
cec2020,5,50000,9,composition,composition,holm-bonferroni,NLSHADE-RSP,MSC-CMA,51,51,153,0.94117647058823528,0,0,5.0327525838067172e-16,3,1.0065505167613434e-15,0.05,lower
cec2020,5,50000,10,composition,composition,holm-bonferroni,NLSHADE-RSP,MSC-CMA,51,51,2068,0.20492118415993843,300,0,2.4850997927474988e-07,3,2.4850997927474988e-07,0.05,higher
cec2020,5,50000,8,composition,composition,holm-bonferroni,j2020,MSC-CMA,51,51,1330.5,0.48846597462514418,0,0,0.8432104701824843,3,0.8432104701824843,0.05,not significant
cec2020,5,50000,9,composition,composition,holm-bonferroni,j2020,MSC-CMA,51,51,1996.5,0.23241061130334484,0.0057097558446912444,0,3.1928760527196692e-06,3,6.3857521054393383e-06,0.05,higher
cec2020,5,50000,10,composition,composition,holm-bonferroni,j2020,MSC-CMA,51,51,2298,0.1164936562860438,100.12322468347429,0,2.5084093007826799e-11,3,7.5252279023480403e-11,0.05,higher
cec2020,5,50000,8,composition,composition,holm-bonferroni,jSO,MSC-CMA,51,51,1.5,0.99942329873125724,0,0,4.0850302212350462e-20,3,5.964456706222432e-20,0.05,lower
cec2020,5,50000,9,composition,composition,holm-bonferroni,jSO,MSC-CMA,51,51,2601,0,100,0,2.785461266646723e-20,3,5.964456706222432e-20,0.05,higher
cec2020,5,50000,10,composition,composition,holm-bonferroni,jSO,MSC-CMA,51,51,2601,0,347.36691593518754,0,1.9881522354074772e-20,3,5.964456706222432e-20,0.05,higher
cec2020,5,1000000,1,basic,all,holm-bonferroni,ARRDE,MSC-CMA,51,51,1275,0.50980392156862742,0,0,0.32689257978151776,10,0.32689257978151776,0.05,not significant
cec2020,5,1000000,2,basic,all,holm-bonferroni,ARRDE,MSC-CMA,51,51,78.5,0.96981930026912722,0,0.24979796946627175,4.4633135413628603e-17,10,2.23165677068143e-16,0.05,lower
cec2020,5,1000000,3,basic,all,holm-bonferroni,ARRDE,MSC-CMA,51,51,841,0.67666282199154171,0,0.033777788786210294,0.00035889117762708672,10,0.00071778235525417344,0.05,lower
cec2020,5,1000000,4,basic,all,holm-bonferroni,ARRDE,MSC-CMA,51,51,56.5,0.97827758554402156,0,0.25070907979375079,1.0839617176737127e-18,10,6.503770306042276e-18,0.05,lower
cec2020,5,1000000,5,hybrid,all,holm-bonferroni,ARRDE,MSC-CMA,51,51,765,0.70588235294117641,0,0,3.8971976973993805e-07,10,1.1691593092198142e-06,0.05,lower
cec2020,5,1000000,6,hybrid,all,holm-bonferroni,ARRDE,MSC-CMA,51,51,0,1,0,0.0097159381771234621,1.3905886961424435e-20,10,1.249055751322983e-19,0.05,lower
cec2020,5,1000000,7,hybrid,all,holm-bonferroni,ARRDE,MSC-CMA,51,51,0,1,0,0,1.3905886961424435e-20,10,1.249055751322983e-19,0.05,lower
cec2020,5,1000000,8,composition,all,holm-bonferroni,ARRDE,MSC-CMA,51,51,0,1,0,0,1.0803371315519421e-20,10,1.0803371315519421e-19,0.05,lower
cec2020,5,1000000,9,composition,all,holm-bonferroni,ARRDE,MSC-CMA,51,51,0,1,0,0,1.3878397236922033e-20,10,1.249055751322983e-19,0.05,lower
cec2020,5,1000000,10,composition,all,holm-bonferroni,ARRDE,MSC-CMA,51,51,306,0.88235294117647056,0,0,3.4341945669952094e-12,10,1.3736778267980838e-11,0.05,lower
cec2020,5,1000000,1,basic,all,holm-bonferroni,BIPOP-CMA,MSC-CMA,51,51,1275,0.50980392156862742,0,0,0.32689257978151776,10,0.65378515956303551,0.05,not significant
cec2020,5,1000000,2,basic,all,holm-bonferroni,BIPOP-CMA,MSC-CMA,51,51,1805.5,0.30584390618992696,0.37469695419940763,0.24979796946627175,0.00062658151224192799,10,0.0018797445367257841,0.05,higher
cec2020,5,1000000,3,basic,all,holm-bonferroni,BIPOP-CMA,MSC-CMA,51,51,2410,0.073433294886582123,5.129695525631405,0.033777788786210294,4.6447286463151815e-14,10,2.322364323157591e-13,0.05,higher
cec2020,5,1000000,4,basic,all,holm-bonferroni,BIPOP-CMA,MSC-CMA,51,51,71,0.97270280661284125,0,0.25070907979375079,1.037529176555749e-18,10,9.3377625890017405e-18,0.05,lower
cec2020,5,1000000,5,hybrid,all,holm-bonferroni,BIPOP-CMA,MSC-CMA,51,51,765,0.70588235294117641,0,0,3.8971976973993805e-07,10,1.5588790789597522e-06,0.05,lower
cec2020,5,1000000,6,hybrid,all,holm-bonferroni,BIPOP-CMA,MSC-CMA,51,51,0,1,0,0.0097159381771234621,3.3022494762767633e-18,10,2.6417995810214107e-17,0.05,lower
cec2020,5,1000000,7,hybrid,all,holm-bonferroni,BIPOP-CMA,MSC-CMA,51,51,1,0.99961553248750479,0,0,3.4718445463883971e-18,10,2.6417995810214107e-17,0.05,lower
cec2020,5,1000000,8,composition,all,holm-bonferroni,BIPOP-CMA,MSC-CMA,51,51,53.5,0.97943098808150708,0,0,7.1447014830399285e-19,10,7.1447014830399283e-18,0.05,lower
cec2020,5,1000000,9,composition,all,holm-bonferroni,BIPOP-CMA,MSC-CMA,51,51,1439,0.44675124951941558,0,0,0.35448559422641801,10,0.65378515956303551,0.05,not significant
cec2020,5,1000000,10,composition,all,holm-bonferroni,BIPOP-CMA,MSC-CMA,51,51,2507,0.036139946174548299,100.00103255149452,0,6.9363959099612113e-16,10,4.1618375459767268e-15,0.05,higher
cec2020,5,1000000,1,basic,all,holm-bonferroni,LSRTDE,MSC-CMA,51,51,1301,0.49980776624375245,0,0,1,10,1,0.05,not significant
cec2020,5,1000000,2,basic,all,holm-bonferroni,LSRTDE,MSC-CMA,51,51,1693,0.3490965013456363,0.24979796946627175,0.24979796946627175,0.0075602364263279874,10,0.022680709278983961,0.05,higher
cec2020,5,1000000,3,basic,all,holm-bonferroni,LSRTDE,MSC-CMA,51,51,2601,0,5.3831164805454819,0.033777788786210294,2.0374828615831406e-18,10,1.6299862892665125e-17,0.05,higher
cec2020,5,1000000,4,basic,all,holm-bonferroni,LSRTDE,MSC-CMA,51,51,684,0.73702422145328716,0.17803989736853509,0.25070907979375079,3.4194690723719335e-05,10,0.00017097345361859667,0.05,lower
cec2020,5,1000000,5,hybrid,all,holm-bonferroni,LSRTDE,MSC-CMA,51,51,1521,0.41522491349480972,0,0,0.097902615149878344,10,0.19580523029975669,0.05,not significant
cec2020,5,1000000,6,hybrid,all,holm-bonferroni,LSRTDE,MSC-CMA,51,51,126,0.95155709342560557,0,0.0097159381771234621,1.3150570844426463e-16,10,9.2053995910985248e-16,0.05,lower
cec2020,5,1000000,7,hybrid,all,holm-bonferroni,LSRTDE,MSC-CMA,51,51,612,0.76470588235294112,0,0,2.1311363166796349e-06,10,1.278681790007781e-05,0.05,lower
cec2020,5,1000000,8,composition,all,holm-bonferroni,LSRTDE,MSC-CMA,51,51,816,0.68627450980392157,0,0,0.00091382288270039759,10,0.0036552915308015904,0.05,lower
cec2020,5,1000000,9,composition,all,holm-bonferroni,LSRTDE,MSC-CMA,51,51,2601,0,100,0,1.9842855374627062e-20,10,1.9842855374627062e-19,0.05,higher
cec2020,5,1000000,10,composition,all,holm-bonferroni,LSRTDE,MSC-CMA,51,51,2601,0,347.36691593518754,0,7.4976475218999585e-19,10,6.7478827697099629e-18,0.05,higher
cec2020,5,1000000,1,basic,all,holm-bonferroni,NLSHADE-RSP,MSC-CMA,51,51,1275,0.50980392156862742,0,0,0.32689257978151776,10,0.32689257978151776,0.05,not significant
cec2020,5,1000000,2,basic,all,holm-bonferroni,NLSHADE-RSP,MSC-CMA,51,51,0,1,0,0.24979796946627175,8.5718461333289147e-21,10,8.5718461333289144e-20,0.05,lower
cec2020,5,1000000,3,basic,all,holm-bonferroni,NLSHADE-RSP,MSC-CMA,51,51,1001,0.61514801999231072,0,0.033777788786210294,0.022948345918275794,10,0.045896691836551588,0.05,lower
cec2020,5,1000000,4,basic,all,holm-bonferroni,NLSHADE-RSP,MSC-CMA,51,51,51,0.98039215686274506,0,0.25070907979375079,1.9637244970792326e-19,10,9.8186224853961633e-19,0.05,lower
cec2020,5,1000000,5,hybrid,all,holm-bonferroni,NLSHADE-RSP,MSC-CMA,51,51,765,0.70588235294117641,0,0,3.8971976973993805e-07,10,1.1691593092198142e-06,0.05,lower
cec2020,5,1000000,6,hybrid,all,holm-bonferroni,NLSHADE-RSP,MSC-CMA,51,51,0,1,0,0.0097159381771234621,1.3905886961424435e-20,10,1.1102717789537626e-19,0.05,lower
cec2020,5,1000000,7,hybrid,all,holm-bonferroni,NLSHADE-RSP,MSC-CMA,51,51,0,1,0,0,1.3905886961424435e-20,10,1.1102717789537626e-19,0.05,lower
cec2020,5,1000000,8,composition,all,holm-bonferroni,NLSHADE-RSP,MSC-CMA,51,51,0,1,0,0,1.0803371315519421e-20,10,9.7230341839674788e-20,0.05,lower
cec2020,5,1000000,9,composition,all,holm-bonferroni,NLSHADE-RSP,MSC-CMA,51,51,0,1,0,0,1.3878397236922033e-20,10,1.1102717789537626e-19,0.05,lower
cec2020,5,1000000,10,composition,all,holm-bonferroni,NLSHADE-RSP,MSC-CMA,51,51,2244,0.13725490196078427,300,0,1.9472581846511054e-10,10,7.7890327386044215e-10,0.05,higher
cec2020,5,1000000,1,basic,all,holm-bonferroni,j2020,MSC-CMA,51,51,1275,0.50980392156862742,0,0,0.32689257978151776,10,0.32689257978151776,0.05,not significant
cec2020,5,1000000,2,basic,all,holm-bonferroni,j2020,MSC-CMA,51,51,60,0.97693194925028837,0,0.24979796946627175,5.3838534464610117e-18,10,3.2303120678766067e-17,0.05,lower
cec2020,5,1000000,3,basic,all,holm-bonferroni,j2020,MSC-CMA,51,51,561,0.78431372549019607,0,0.033777788786210294,5.1552347228335189e-10,10,2.0620938891334076e-09,0.05,lower
cec2020,5,1000000,4,basic,all,holm-bonferroni,j2020,MSC-CMA,51,51,111,0.95732410611303342,0,0.25070907979375079,5.6901588921530978e-16,10,2.8450794460765488e-15,0.05,lower
cec2020,5,1000000,5,hybrid,all,holm-bonferroni,j2020,MSC-CMA,51,51,765,0.70588235294117641,0,0,3.8971976973993805e-07,10,1.1691593092198142e-06,0.05,lower
cec2020,5,1000000,6,hybrid,all,holm-bonferroni,j2020,MSC-CMA,51,51,0,1,0,0.0097159381771234621,1.3905886961424435e-20,10,1.2515298265281992e-19,0.05,lower
cec2020,5,1000000,7,hybrid,all,holm-bonferroni,j2020,MSC-CMA,51,51,0,1,0,0,1.3905886961424435e-20,10,1.2515298265281992e-19,0.05,lower
cec2020,5,1000000,8,composition,all,holm-bonferroni,j2020,MSC-CMA,51,51,0,1,0,0,1.0803371315519421e-20,10,1.0803371315519421e-19,0.05,lower
cec2020,5,1000000,9,composition,all,holm-bonferroni,j2020,MSC-CMA,51,51,0,1,0,0,2.7816502517406785e-20,10,1.947155176218475e-19,0.05,lower
cec2020,5,1000000,10,composition,all,holm-bonferroni,j2020,MSC-CMA,51,51,1887,0.27450980392156865,100.00818679398935,0,8.6002714387912684e-05,10,0.00017200542877582537,0.05,higher
cec2020,5,1000000,1,basic,all,holm-bonferroni,jSO,MSC-CMA,51,51,1275,0.50980392156862742,0,0,0.32689257978151776,10,0.32689257978151776,0.05,not significant
cec2020,5,1000000,2,basic,all,holm-bonferroni,jSO,MSC-CMA,51,51,26.5,0.98981161091887737,0,0.24979796946627175,2.3045253691763301e-19,10,1.6131677584234311e-18,0.05,lower
cec2020,5,1000000,3,basic,all,holm-bonferroni,jSO,MSC-CMA,51,51,2401,0.076893502499038813,5.1482279660613131,0.033777788786210294,5.9663209457054887e-15,10,2.3865283782821955e-14,0.05,higher
cec2020,5,1000000,4,basic,all,holm-bonferroni,jSO,MSC-CMA,51,51,163,0.93733179546328338,0.029917606267872543,0.25070907979375079,2.0161586082038023e-14,10,6.0484758246114076e-14,0.05,lower
cec2020,5,1000000,5,hybrid,all,holm-bonferroni,jSO,MSC-CMA,51,51,765,0.70588235294117641,0,0,3.8971976973993805e-07,10,7.7943953947987611e-07,0.05,lower
cec2020,5,1000000,6,hybrid,all,holm-bonferroni,jSO,MSC-CMA,51,51,0,1,0,0.0097159381771234621,1.3905886961424435e-20,10,1.3905886961424435e-19,0.05,lower
cec2020,5,1000000,7,hybrid,all,holm-bonferroni,jSO,MSC-CMA,51,51,0,1,0,0,1.3905886961424435e-20,10,1.3905886961424435e-19,0.05,lower
cec2020,5,1000000,8,composition,all,holm-bonferroni,jSO,MSC-CMA,51,51,153,0.94117647058823528,0,0,4.1687592008358127e-16,10,2.0843796004179064e-15,0.05,lower
cec2020,5,1000000,9,composition,all,holm-bonferroni,jSO,MSC-CMA,51,51,2550,0.019607843137254943,100,0,7.6472521946975568e-19,10,4.5883513168185344e-18,0.05,higher
cec2020,5,1000000,10,composition,all,holm-bonferroni,jSO,MSC-CMA,51,51,2601,0,347.36691593518754,0,1.9859418142720468e-20,10,1.5887534514176374e-19,0.05,higher
cec2020,5,1000000,8,composition,composition,holm-bonferroni,ARRDE,MSC-CMA,51,51,0,1,0,0,1.0803371315519421e-20,3,3.2410113946558265e-20,0.05,lower
cec2020,5,1000000,9,composition,composition,holm-bonferroni,ARRDE,MSC-CMA,51,51,0,1,0,0,1.3878397236922033e-20,3,3.2410113946558265e-20,0.05,lower
cec2020,5,1000000,10,composition,composition,holm-bonferroni,ARRDE,MSC-CMA,51,51,306,0.88235294117647056,0,0,3.4341945669952094e-12,3,3.4341945669952094e-12,0.05,lower
cec2020,5,1000000,8,composition,composition,holm-bonferroni,BIPOP-CMA,MSC-CMA,51,51,53.5,0.97943098808150708,0,0,7.1447014830399285e-19,3,2.1434104449119787e-18,0.05,lower
cec2020,5,1000000,9,composition,composition,holm-bonferroni,BIPOP-CMA,MSC-CMA,51,51,1439,0.44675124951941558,0,0,0.35448559422641801,3,0.35448559422641801,0.05,not significant
cec2020,5,1000000,10,composition,composition,holm-bonferroni,BIPOP-CMA,MSC-CMA,51,51,2507,0.036139946174548299,100.00103255149452,0,6.9363959099612113e-16,3,1.3872791819922423e-15,0.05,higher
cec2020,5,1000000,8,composition,composition,holm-bonferroni,LSRTDE,MSC-CMA,51,51,816,0.68627450980392157,0,0,0.00091382288270039759,3,0.00091382288270039759,0.05,lower
cec2020,5,1000000,9,composition,composition,holm-bonferroni,LSRTDE,MSC-CMA,51,51,2601,0,100,0,1.9842855374627062e-20,3,5.952856612388119e-20,0.05,higher
cec2020,5,1000000,10,composition,composition,holm-bonferroni,LSRTDE,MSC-CMA,51,51,2601,0,347.36691593518754,0,7.4976475218999585e-19,3,1.4995295043799917e-18,0.05,higher
cec2020,5,1000000,8,composition,composition,holm-bonferroni,NLSHADE-RSP,MSC-CMA,51,51,0,1,0,0,1.0803371315519421e-20,3,3.2410113946558265e-20,0.05,lower
cec2020,5,1000000,9,composition,composition,holm-bonferroni,NLSHADE-RSP,MSC-CMA,51,51,0,1,0,0,1.3878397236922033e-20,3,3.2410113946558265e-20,0.05,lower
cec2020,5,1000000,10,composition,composition,holm-bonferroni,NLSHADE-RSP,MSC-CMA,51,51,2244,0.13725490196078427,300,0,1.9472581846511054e-10,3,1.9472581846511054e-10,0.05,higher
cec2020,5,1000000,8,composition,composition,holm-bonferroni,j2020,MSC-CMA,51,51,0,1,0,0,1.0803371315519421e-20,3,3.2410113946558265e-20,0.05,lower
cec2020,5,1000000,9,composition,composition,holm-bonferroni,j2020,MSC-CMA,51,51,0,1,0,0,2.7816502517406785e-20,3,5.563300503481357e-20,0.05,lower
cec2020,5,1000000,10,composition,composition,holm-bonferroni,j2020,MSC-CMA,51,51,1887,0.27450980392156865,100.00818679398935,0,8.6002714387912684e-05,3,8.6002714387912684e-05,0.05,higher
cec2020,5,1000000,8,composition,composition,holm-bonferroni,jSO,MSC-CMA,51,51,153,0.94117647058823528,0,0,4.1687592008358127e-16,3,4.1687592008358127e-16,0.05,lower
cec2020,5,1000000,9,composition,composition,holm-bonferroni,jSO,MSC-CMA,51,51,2550,0.019607843137254943,100,0,7.6472521946975568e-19,3,1.5294504389395114e-18,0.05,higher
cec2020,5,1000000,10,composition,composition,holm-bonferroni,jSO,MSC-CMA,51,51,2601,0,347.36691593518754,0,1.9859418142720468e-20,3,5.9578254428161401e-20,0.05,higher
cec2020,10,1000000,1,basic,all,holm-bonferroni,ARRDE,MSC-CMA,51,51,841.5,0.67647058823529416,0,0,3.3660026365163414e-06,10,1.3464010546065366e-05,0.05,lower
cec2020,10,1000000,2,basic,all,holm-bonferroni,ARRDE,MSC-CMA,51,51,1482,0.43021914648212223,0.56208996934856259,0.43718108727171057,0.22482210339245523,10,0.22482210339245523,0.05,not significant
cec2020,10,1000000,3,basic,all,holm-bonferroni,ARRDE,MSC-CMA,51,51,2436,0.063437139561707045,10.772090574561844,5.4336416952810396,3.0419203683469842e-14,10,2.1293442578428891e-13,0.05,higher
cec2020,10,1000000,4,basic,all,holm-bonferroni,ARRDE,MSC-CMA,51,51,1,0.99961553248750479,0.23382844567913708,1.0474023547030811,3.5043165051200882e-18,10,3.5043165051200883e-17,0.05,lower
cec2020,10,1000000,5,hybrid,all,holm-bonferroni,ARRDE,MSC-CMA,51,51,318.5,0.87754709727028068,0.20814298464551939,0.20814298464574676,1.244515181688857e-11,10,7.4670910901331417e-11,0.05,lower
cec2020,10,1000000,6,hybrid,all,holm-bonferroni,ARRDE,MSC-CMA,51,51,45,0.98269896193771622,0.14598141125952679,0.99765065899464389,4.4896554772363244e-17,10,3.5917243817890595e-16,0.05,lower
cec2020,10,1000000,7,hybrid,all,holm-bonferroni,ARRDE,MSC-CMA,51,51,5,0.99807766243752405,0.0030631570066361746,0.82527351238604751,4.4343686629429155e-18,10,3.9909317966486238e-17,0.05,lower
cec2020,10,1000000,8,composition,all,holm-bonferroni,ARRDE,MSC-CMA,51,51,1887,0.27450980392156865,19.8069123918267,0,8.6337427828005956e-05,10,0.00025901228348401787,0.05,higher
cec2020,10,1000000,9,composition,all,holm-bonferroni,ARRDE,MSC-CMA,51,51,1764,0.32179930795847755,100.00000000000045,0,0.0017051373080164437,10,0.0034102746160328875,0.05,higher
cec2020,10,1000000,10,composition,all,holm-bonferroni,ARRDE,MSC-CMA,51,51,441,0.83044982698961944,100.00004311718567,100.00374698602991,8.9719413775227486e-09,10,4.4859706887613745e-08,0.05,lower
cec2020,10,1000000,1,basic,all,holm-bonferroni,BIPOP-CMA,MSC-CMA,51,51,841.5,0.67647058823529416,0,0,3.3660026365163414e-06,10,1.0098007909549023e-05,0.05,lower
cec2020,10,1000000,2,basic,all,holm-bonferroni,BIPOP-CMA,MSC-CMA,51,51,2102,0.19184928873510187,11.891979620299026,0.43718108727171057,8.1317366116065223e-08,10,3.2526946446426089e-07,0.05,higher
cec2020,10,1000000,3,basic,all,holm-bonferroni,BIPOP-CMA,MSC-CMA,51,51,1528.5,0.41234140715109568,10.366920772420372,5.4336416952810396,0.12694001642343164,10,0.12694001642343164,0.05,not significant
cec2020,10,1000000,4,basic,all,holm-bonferroni,BIPOP-CMA,MSC-CMA,51,51,82,0.96847366397539403,0.45618787127909854,1.0474023547030811,3.5844973350002426e-16,10,3.5844973350002424e-15,0.05,lower
cec2020,10,1000000,5,hybrid,all,holm-bonferroni,BIPOP-CMA,MSC-CMA,51,51,456,0.82468281430219148,0.20814298464551939,0.20814298464574676,2.5485663176976013e-09,10,1.5291397906185608e-08,0.05,lower
cec2020,10,1000000,6,hybrid,all,holm-bonferroni,BIPOP-CMA,MSC-CMA,51,51,362,0.86082276047673978,0.48564067818847434,0.99765065899464389,3.4348670587306874e-10,10,2.4044069411114813e-09,0.05,lower
cec2020,10,1000000,7,hybrid,all,holm-bonferroni,BIPOP-CMA,MSC-CMA,51,51,226,0.91311034217608611,0.4663406211561778,0.82527351238604751,6.5762821204385429e-13,10,5.2610256963508344e-12,0.05,lower
cec2020,10,1000000,8,composition,all,holm-bonferroni,BIPOP-CMA,MSC-CMA,51,51,1734,0.33333333333333337,100,0,0.0034550897213628372,10,0.0069101794427256745,0.05,higher
cec2020,10,1000000,9,composition,all,holm-bonferroni,BIPOP-CMA,MSC-CMA,51,51,2110.5,0.18858131487889274,100.00000000000455,0,6.0112350011096226e-08,10,3.0056175005548112e-07,0.05,higher
cec2020,10,1000000,10,composition,all,holm-bonferroni,BIPOP-CMA,MSC-CMA,51,51,2495,0.040753556324490625,398.00898944057735,100.00374698602991,8.6686841951640382e-16,10,7.8018157756476337e-15,0.05,higher
cec2020,10,1000000,1,basic,all,holm-bonferroni,LSRTDE,MSC-CMA,51,51,841.5,0.67647058823529416,0,0,3.3660026365163414e-06,10,1.0098007909549023e-05,0.05,lower
cec2020,10,1000000,2,basic,all,holm-bonferroni,LSRTDE,MSC-CMA,51,51,1267,0.512879661668589,0.49963552830922708,0.43718108727171057,0.82504128447518243,10,0.87812829689206962,0.05,not significant
cec2020,10,1000000,3,basic,all,holm-bonferroni,LSRTDE,MSC-CMA,51,51,2481,0.046136101499423265,10.728888701055894,5.4336416952810396,2.8225421743223731e-15,10,2.2580337394578985e-14,0.05,higher
cec2020,10,1000000,4,basic,all,holm-bonferroni,LSRTDE,MSC-CMA,51,51,348,0.86620530565167242,0.64741279058762302,1.0474023547030811,1.8721832234452073e-10,10,9.3609161172260358e-10,0.05,lower
cec2020,10,1000000,5,hybrid,all,holm-bonferroni,LSRTDE,MSC-CMA,51,51,1414.5,0.4561707035755479,0.41628596929103878,0.20814298464574676,0.43906414844603481,10,0.87812829689206962,0.05,not significant
cec2020,10,1000000,6,hybrid,all,holm-bonferroni,LSRTDE,MSC-CMA,51,51,250,0.90388312187620146,0.32393490949334591,0.99765065899464389,2.1050389493321707e-12,10,1.2630233695993024e-11,0.05,lower
cec2020,10,1000000,7,hybrid,all,holm-bonferroni,LSRTDE,MSC-CMA,51,51,438,0.83160322952710497,0.43779851604995201,0.82527351238604751,7.9689513573945334e-09,10,3.1875805429578134e-08,0.05,lower
cec2020,10,1000000,8,composition,all,holm-bonferroni,LSRTDE,MSC-CMA,51,51,2397,0.078431372549019662,100,0,3.2726167090369323e-14,10,2.2908316963258524e-13,0.05,higher
cec2020,10,1000000,9,composition,all,holm-bonferroni,LSRTDE,MSC-CMA,51,51,2574,0.01038062283737029,327.16470621657481,0,1.541534010881119e-17,10,1.3873806097930072e-16,0.05,higher
cec2020,10,1000000,10,composition,all,holm-bonferroni,LSRTDE,MSC-CMA,51,51,2601,0,398.00898944057735,100.00374698602991,2.6858430355854667e-18,10,2.6858430355854667e-17,0.05,higher
cec2020,10,1000000,1,basic,all,holm-bonferroni,NLSHADE-RSP,MSC-CMA,51,51,945,0.63667820069204151,0,0,0.00072167435632954644,10,0.0036083717816477322,0.05,lower
cec2020,10,1000000,2,basic,all,holm-bonferroni,NLSHADE-RSP,MSC-CMA,51,51,1155.5,0.55574778931180313,0.37472664623146557,0.43718108727171057,0.33330452044595016,10,0.66660904089190032,0.05,not significant
cec2020,10,1000000,3,basic,all,holm-bonferroni,NLSHADE-RSP,MSC-CMA,51,51,1945.5,0.25201845444059978,10.43588814320583,5.4336416952810396,1.5810068306026816e-05,10,9.4860409836160895e-05,0.05,higher
cec2020,10,1000000,4,basic,all,holm-bonferroni,NLSHADE-RSP,MSC-CMA,51,51,0,1,0,1.0474023547030811,5.1901121694839821e-20,10,5.1901121694839823e-19,0.05,lower
cec2020,10,1000000,5,hybrid,all,holm-bonferroni,NLSHADE-RSP,MSC-CMA,51,51,1624,0.37562475970780473,0.41628596929444939,0.20814298464574676,0.028657085292931466,10,0.11462834117172586,0.05,not significant
cec2020,10,1000000,6,hybrid,all,holm-bonferroni,NLSHADE-RSP,MSC-CMA,51,51,0,1,0.065803693383259088,0.99765065899464389,3.3036815016661564e-18,10,2.973313351499541e-17,0.05,lower
cec2020,10,1000000,7,hybrid,all,holm-bonferroni,NLSHADE-RSP,MSC-CMA,51,51,0,1,0.0015342767514994193,0.82527351238604751,3.3036815016661564e-18,10,2.973313351499541e-17,0.05,lower
cec2020,10,1000000,8,composition,all,holm-bonferroni,NLSHADE-RSP,MSC-CMA,51,51,1224,0.52941176470588236,0,0,0.60759108500857062,10,0.66660904089190032,0.05,not significant
cec2020,10,1000000,9,composition,all,holm-bonferroni,NLSHADE-RSP,MSC-CMA,51,51,1596,0.38638985005767013,100,0,0.043238476749229274,10,0.12971543024768784,0.05,not significant
cec2020,10,1000000,10,composition,all,holm-bonferroni,NLSHADE-RSP,MSC-CMA,51,51,2520,0.03114186851211076,397.74286946998745,100.00374698602991,8.7556225807462496e-18,10,6.1289358065223743e-17,0.05,higher
cec2020,10,1000000,1,basic,all,holm-bonferroni,j2020,MSC-CMA,51,51,1429.5,0.45040369088811993,0,0,0.31339445465511173,10,0.49820303519848796,0.05,not significant
cec2020,10,1000000,2,basic,all,holm-bonferroni,j2020,MSC-CMA,51,51,397.5,0.84717416378316035,0.18736332311800652,0.43718108727171057,1.4546913905071941e-09,10,8.7281483430431652e-09,0.05,lower
cec2020,10,1000000,3,basic,all,holm-bonferroni,j2020,MSC-CMA,51,51,1754,0.32564398308342946,10.366920772420372,5.4336416952810396,0.0024191758621097512,10,0.0096767034484390047,0.05,higher
cec2020,10,1000000,4,basic,all,holm-bonferroni,j2020,MSC-CMA,51,51,0,1,0.11826643284553029,1.0474023547030811,3.2160003104586583e-18,10,3.2160003104586586e-17,0.05,lower
cec2020,10,1000000,5,hybrid,all,holm-bonferroni,j2020,MSC-CMA,51,51,1503.5,0.42195309496347555,0.20814298464597414,0.20814298464574676,0.16606767839949599,10,0.49820303519848796,0.05,not significant
cec2020,10,1000000,6,hybrid,all,holm-bonferroni,j2020,MSC-CMA,51,51,278,0.89311803152633606,0.46552317025088996,0.99765065899464389,7.9222538658243843e-12,10,5.5455777060770691e-11,0.05,lower
cec2020,10,1000000,7,hybrid,all,holm-bonferroni,j2020,MSC-CMA,51,51,5,0.99807766243752405,0.0043116347164868785,0.82527351238604751,4.4343686629429155e-18,10,3.9909317966486238e-17,0.05,lower
cec2020,10,1000000,8,composition,all,holm-bonferroni,j2020,MSC-CMA,51,51,1122,0.56862745098039214,0,0,0.23104105826264776,10,0.49820303519848796,0.05,not significant
cec2020,10,1000000,9,composition,all,holm-bonferroni,j2020,MSC-CMA,51,51,1974,0.24106113033448673,100.00000000000045,0,3.5455552460235645e-06,10,1.7727776230117823e-05,0.05,higher
cec2020,10,1000000,10,composition,all,holm-bonferroni,j2020,MSC-CMA,51,51,2546,0.021145713187235682,100.09691550424714,100.00374698602991,7.9048444484949319e-17,10,6.3238755587959456e-16,0.05,higher
cec2020,10,1000000,1,basic,all,holm-bonferroni,jSO,MSC-CMA,51,51,841.5,0.67647058823529416,0,0,3.3660026365163414e-06,10,1.0098007909549023e-05,0.05,lower
cec2020,10,1000000,2,basic,all,holm-bonferroni,jSO,MSC-CMA,51,51,1875.5,0.27893118031526332,3.727232892885695,0.43718108727171057,0.00011955957800655761,10,0.00023911915601311523,0.05,higher
cec2020,10,1000000,3,basic,all,holm-bonferroni,jSO,MSC-CMA,51,51,2589,0.0046136101499423265,11.76770324721565,5.4336416952810396,6.681892873127168e-18,10,3.340946436563584e-17,0.05,higher
cec2020,10,1000000,4,basic,all,holm-bonferroni,jSO,MSC-CMA,51,51,0,1,0.15783475287889814,1.0474023547030811,3.2447445437562728e-18,10,2.5957956350050183e-17,0.05,lower
cec2020,10,1000000,5,hybrid,all,holm-bonferroni,jSO,MSC-CMA,51,51,1076,0.58631295655517102,0.20814298464551939,0.20814298464574676,0.12450611185662352,10,0.12450611185662352,0.05,not significant
cec2020,10,1000000,6,hybrid,all,holm-bonferroni,jSO,MSC-CMA,51,51,6,0.99769319492502884,0.041294837407804152,0.99765065899464389,4.7026307769839093e-18,10,3.104058064060041e-17,0.05,lower
cec2020,10,1000000,7,hybrid,all,holm-bonferroni,jSO,MSC-CMA,51,51,5,0.99807766243752405,0.00024692371016499237,0.82527351238604751,4.4343686629429155e-18,10,3.104058064060041e-17,0.05,lower
cec2020,10,1000000,8,composition,all,holm-bonferroni,jSO,MSC-CMA,51,51,2601,0,100,0,1.3702912248792e-20,10,1.3702912248792e-19,0.05,higher
cec2020,10,1000000,9,composition,all,holm-bonferroni,jSO,MSC-CMA,51,51,2394,0.079584775086505188,300,0,2.3197656289941496e-13,10,9.2790625159765986e-13,0.05,higher
cec2020,10,1000000,10,composition,all,holm-bonferroni,jSO,MSC-CMA,51,51,2601,0,397.74286946998745,100.00374698602991,7.1346918193234397e-19,10,6.4212226373910959e-18,0.05,higher
cec2020,10,1000000,8,composition,composition,holm-bonferroni,ARRDE,MSC-CMA,51,51,1887,0.27450980392156865,19.8069123918267,0,8.6337427828005956e-05,3,0.00017267485565601191,0.05,higher
cec2020,10,1000000,9,composition,composition,holm-bonferroni,ARRDE,MSC-CMA,51,51,1764,0.32179930795847755,100.00000000000045,0,0.0017051373080164437,3,0.0017051373080164437,0.05,higher
cec2020,10,1000000,10,composition,composition,holm-bonferroni,ARRDE,MSC-CMA,51,51,441,0.83044982698961944,100.00004311718567,100.00374698602991,8.9719413775227486e-09,3,2.6915824132568244e-08,0.05,lower
cec2020,10,1000000,8,composition,composition,holm-bonferroni,BIPOP-CMA,MSC-CMA,51,51,1734,0.33333333333333337,100,0,0.0034550897213628372,3,0.0034550897213628372,0.05,higher
cec2020,10,1000000,9,composition,composition,holm-bonferroni,BIPOP-CMA,MSC-CMA,51,51,2110.5,0.18858131487889274,100.00000000000455,0,6.0112350011096226e-08,3,1.2022470002219245e-07,0.05,higher
cec2020,10,1000000,10,composition,composition,holm-bonferroni,BIPOP-CMA,MSC-CMA,51,51,2495,0.040753556324490625,398.00898944057735,100.00374698602991,8.6686841951640382e-16,3,2.6006052585492114e-15,0.05,higher
cec2020,10,1000000,8,composition,composition,holm-bonferroni,LSRTDE,MSC-CMA,51,51,2397,0.078431372549019662,100,0,3.2726167090369323e-14,3,3.2726167090369323e-14,0.05,higher
cec2020,10,1000000,9,composition,composition,holm-bonferroni,LSRTDE,MSC-CMA,51,51,2574,0.01038062283737029,327.16470621657481,0,1.541534010881119e-17,3,3.0830680217622381e-17,0.05,higher
cec2020,10,1000000,10,composition,composition,holm-bonferroni,LSRTDE,MSC-CMA,51,51,2601,0,398.00898944057735,100.00374698602991,2.6858430355854667e-18,3,8.0575291067564001e-18,0.05,higher
cec2020,10,1000000,8,composition,composition,holm-bonferroni,NLSHADE-RSP,MSC-CMA,51,51,1224,0.52941176470588236,0,0,0.60759108500857062,3,0.60759108500857062,0.05,not significant
cec2020,10,1000000,9,composition,composition,holm-bonferroni,NLSHADE-RSP,MSC-CMA,51,51,1596,0.38638985005767013,100,0,0.043238476749229274,3,0.086476953498458548,0.05,not significant
cec2020,10,1000000,10,composition,composition,holm-bonferroni,NLSHADE-RSP,MSC-CMA,51,51,2520,0.03114186851211076,397.74286946998745,100.00374698602991,8.7556225807462496e-18,3,2.626686774223875e-17,0.05,higher
cec2020,10,1000000,8,composition,composition,holm-bonferroni,j2020,MSC-CMA,51,51,1122,0.56862745098039214,0,0,0.23104105826264776,3,0.23104105826264776,0.05,not significant
cec2020,10,1000000,9,composition,composition,holm-bonferroni,j2020,MSC-CMA,51,51,1974,0.24106113033448673,100.00000000000045,0,3.5455552460235645e-06,3,7.091110492047129e-06,0.05,higher
cec2020,10,1000000,10,composition,composition,holm-bonferroni,j2020,MSC-CMA,51,51,2546,0.021145713187235682,100.09691550424714,100.00374698602991,7.9048444484949319e-17,3,2.3714533345484796e-16,0.05,higher
cec2020,10,1000000,8,composition,composition,holm-bonferroni,jSO,MSC-CMA,51,51,2601,0,100,0,1.3702912248792e-20,3,4.1108736746375995e-20,0.05,higher
cec2020,10,1000000,9,composition,composition,holm-bonferroni,jSO,MSC-CMA,51,51,2394,0.079584775086505188,300,0,2.3197656289941496e-13,3,2.3197656289941496e-13,0.05,higher
cec2020,10,1000000,10,composition,composition,holm-bonferroni,jSO,MSC-CMA,51,51,2601,0,397.74286946998745,100.00374698602991,7.1346918193234397e-19,3,1.4269383638646879e-18,0.05,higher
cec2020,10,20000000,1,basic,all,holm-bonferroni,ARRDE,MSC-CMA,51,51,1300.5,0.5,0,0,1,10,1,0.05,not significant
cec2020,10,20000000,2,basic,all,holm-bonferroni,ARRDE,MSC-CMA,51,51,899,0.65436370626682039,0.24981776415370405,0.24981776415552304,0.0067645326329841531,10,0.020293597898952458,0.05,lower
cec2020,10,20000000,3,basic,all,holm-bonferroni,ARRDE,MSC-CMA,51,51,1410.5,0.45770857362552864,2.4993041032896599,1.9899181141865938,0.4635188117611122,10,0.92703762352222441,0.05,not significant
cec2020,10,20000000,4,basic,all,holm-bonferroni,ARRDE,MSC-CMA,51,51,0,1,0.089306055884208035,0.83507948352780659,3.2645145553681036e-18,10,2.9380630998312936e-17,0.05,lower
cec2020,10,20000000,5,hybrid,all,holm-bonferroni,ARRDE,MSC-CMA,51,51,688.5,0.73529411764705888,0,0,3.6372428095707067e-08,10,1.4548971238282827e-07,0.05,lower
cec2020,10,20000000,6,hybrid,all,holm-bonferroni,ARRDE,MSC-CMA,51,51,0,1,0.00097371356059738901,0.6741468117563727,3.3036815016661564e-18,10,2.9380630998312936e-17,0.05,lower
cec2020,10,20000000,7,hybrid,all,holm-bonferroni,ARRDE,MSC-CMA,51,51,0,1,6.9272129621822387e-05,0.54342296548338709,3.3036815016661564e-18,10,2.9380630998312936e-17,0.05,lower
cec2020,10,20000000,8,composition,all,holm-bonferroni,ARRDE,MSC-CMA,51,51,51,0.98039215686274506,0,0,5.4888714889700688e-19,10,5.4888714889700692e-18,0.05,lower
cec2020,10,20000000,9,composition,all,holm-bonferroni,ARRDE,MSC-CMA,51,51,153,0.94117647058823528,0,0,7.9614067555373996e-16,10,3.9807033777686994e-15,0.05,lower
cec2020,10,20000000,10,composition,all,holm-bonferroni,ARRDE,MSC-CMA,51,51,2450,0.058054594386774294,100,0,2.6766150453847892e-16,10,1.6059690272308735e-15,0.05,higher
cec2020,10,20000000,1,basic,all,holm-bonferroni,BIPOP-CMA,MSC-CMA,51,51,1300.5,0.5,0,0,1,10,1,0.05,not significant
cec2020,10,20000000,2,basic,all,holm-bonferroni,BIPOP-CMA,MSC-CMA,51,51,2483.5,0.04517493271818529,10.369790945152999,0.24981776415552304,2.175347961819804e-15,10,1.7402783694558432e-14,0.05,higher
cec2020,10,20000000,3,basic,all,holm-bonferroni,BIPOP-CMA,MSC-CMA,51,51,1818,0.30103806228373697,5.6037655113435676,1.9899181141865938,0.00049801008142599291,10,0.0019920403257039716,0.05,higher
cec2020,10,20000000,4,basic,all,holm-bonferroni,BIPOP-CMA,MSC-CMA,51,51,14,0.99461745482506725,0.0098769009696297871,0.83507948352780659,4.2901953040985903e-18,10,3.8611757736887311e-17,0.05,lower
cec2020,10,20000000,5,hybrid,all,holm-bonferroni,BIPOP-CMA,MSC-CMA,51,51,1665.5,0.35966935793925414,0.20814298464551939,0,0.0087222451417862511,10,0.026166735425358752,0.05,higher
cec2020,10,20000000,6,hybrid,all,holm-bonferroni,BIPOP-CMA,MSC-CMA,51,51,446,0.82852748942714338,0.32427897079492141,0.6741468117563727,1.0933556962944173e-08,10,6.5601341777665038e-08,0.05,lower
cec2020,10,20000000,7,hybrid,all,holm-bonferroni,BIPOP-CMA,MSC-CMA,51,51,550,0.78854286812764318,0.33123159856359052,0.54342296548338709,5.1797919633506705e-07,10,2.5898959816753352e-06,0.05,lower
cec2020,10,20000000,8,composition,all,holm-bonferroni,BIPOP-CMA,MSC-CMA,51,51,1479,0.43137254901960786,11.563057352644591,0,0.23135678844442464,10,0.46271357688884929,0.05,not significant
cec2020,10,20000000,9,composition,all,holm-bonferroni,BIPOP-CMA,MSC-CMA,51,51,2443,0.06074586697424067,100.00000000000227,0,2.0532977479607516e-14,10,1.4373084235725261e-13,0.05,higher
cec2020,10,20000000,10,composition,all,holm-bonferroni,BIPOP-CMA,MSC-CMA,51,51,2597,0.0015378700499807385,397.74567087579089,0,2.9128507631014792e-18,10,2.9128507631014792e-17,0.05,higher
cec2020,10,20000000,1,basic,all,holm-bonferroni,LSRTDE,MSC-CMA,51,51,1300.5,0.5,0,0,1,10,1,0.05,not significant
cec2020,10,20000000,2,basic,all,holm-bonferroni,LSRTDE,MSC-CMA,51,51,2099,0.19300269127258751,0.49963552830922708,0.24981776415552304,7.9189081318532336e-08,10,3.9594540659266171e-07,0.05,higher
cec2020,10,20000000,3,basic,all,holm-bonferroni,LSRTDE,MSC-CMA,51,51,2601,0,10.882831181940674,1.9899181141865938,3.2886745573935426e-18,10,2.8762334904570852e-17,0.05,higher
cec2020,10,20000000,4,basic,all,holm-bonferroni,LSRTDE,MSC-CMA,51,51,753,0.71049596309111873,0.65846841846450843,0.83507948352780659,0.00025126937254739933,10,0.00075380811764219798,0.05,lower
cec2020,10,20000000,5,hybrid,all,holm-bonferroni,LSRTDE,MSC-CMA,51,51,2250,0.13494809688581311,0.41628596929103878,0,7.3752399520444024e-11,10,4.4251439712266414e-10,0.05,higher
cec2020,10,20000000,6,hybrid,all,holm-bonferroni,LSRTDE,MSC-CMA,51,51,695,0.73279507881584005,0.43697026808263217,0.6741468117563727,5.1417622593752058e-05,10,0.00020567049037500823,0.05,lower
cec2020,10,20000000,7,hybrid,all,holm-bonferroni,LSRTDE,MSC-CMA,51,51,1128,0.56632064590542097,0.62438222079754269,0.54342296548338709,0.24967231509966759,10,0.49934463019933517,0.05,not significant
cec2020,10,20000000,8,composition,all,holm-bonferroni,LSRTDE,MSC-CMA,51,51,2448,0.058823529411764719,100,0,1.7011347573403935e-15,10,1.1907943301382754e-14,0.05,higher
cec2020,10,20000000,9,composition,all,holm-bonferroni,LSRTDE,MSC-CMA,51,51,2601,0,326.63968354610506,0,3.1958149893967611e-18,10,2.8762334904570852e-17,0.05,higher
cec2020,10,20000000,10,composition,all,holm-bonferroni,LSRTDE,MSC-CMA,51,51,2601,0,398.00898944057735,0,2.6793769971922455e-18,10,2.6793769971922455e-17,0.05,higher
cec2020,10,20000000,1,basic,all,holm-bonferroni,NLSHADE-RSP,MSC-CMA,51,51,1300.5,0.5,0,0,1,10,1,0.05,not significant
cec2020,10,20000000,2,basic,all,holm-bonferroni,NLSHADE-RSP,MSC-CMA,51,51,1408.5,0.45847750865051906,0.31227220519213006,0.24981776415552304,0.47094316203327213,10,0.94188632406654427,0.05,not significant
cec2020,10,20000000,3,basic,all,holm-bonferroni,NLSHADE-RSP,MSC-CMA,51,51,957,0.63206459054209918,0,1.9899181141865938,0.020057016907078003,10,0.060171050721234007,0.05,not significant
cec2020,10,20000000,4,basic,all,holm-bonferroni,NLSHADE-RSP,MSC-CMA,51,51,0,1,0,0.83507948352780659,1.3905886961424435e-20,10,1.3905886961424435e-19,0.05,lower
cec2020,10,20000000,5,hybrid,all,holm-bonferroni,NLSHADE-RSP,MSC-CMA,51,51,789,0.69665513264129175,0,0,1.3277843170898768e-05,10,6.6389215854493843e-05,0.05,lower
cec2020,10,20000000,6,hybrid,all,holm-bonferroni,NLSHADE-RSP,MSC-CMA,51,51,0,1,0.03526904792397545,0.6741468117563727,3.3036815016661564e-18,10,2.6429452013329252e-17,0.05,lower
cec2020,10,20000000,7,hybrid,all,holm-bonferroni,NLSHADE-RSP,MSC-CMA,51,51,0,1,0.00021242646562313894,0.54342296548338709,3.3036815016661564e-18,10,2.6429452013329252e-17,0.05,lower
cec2020,10,20000000,8,composition,all,holm-bonferroni,NLSHADE-RSP,MSC-CMA,51,51,459,0.82352941176470584,0,0,5.3040643424918682e-09,10,3.1824386054951208e-08,0.05,lower
cec2020,10,20000000,9,composition,all,holm-bonferroni,NLSHADE-RSP,MSC-CMA,51,51,1887,0.27450980392156865,100,0,5.908469060779629e-05,10,0.00023633876243118516,0.05,higher
cec2020,10,20000000,10,composition,all,holm-bonferroni,NLSHADE-RSP,MSC-CMA,51,51,2598,0.0011534025374856371,397.74286946998745,0,4.6721645275123956e-20,10,4.2049480747611561e-19,0.05,higher
cec2020,10,20000000,1,basic,all,holm-bonferroni,j2020,MSC-CMA,51,51,1326,0.49019607843137258,0,0,0.32689257978151776,10,0.32689257978151776,0.05,not significant
cec2020,10,20000000,2,basic,all,holm-bonferroni,j2020,MSC-CMA,51,51,0,1,0,0.24981776415552304,1.2153675614466488e-20,10,1.2153675614466488e-19,0.05,lower
cec2020,10,20000000,3,basic,all,holm-bonferroni,j2020,MSC-CMA,51,51,0,1,0,1.9899181141865938,1.3894099292708509e-20,10,1.2504689363437658e-19,0.05,lower
cec2020,10,20000000,4,basic,all,holm-bonferroni,j2020,MSC-CMA,51,51,0,1,0,0.83507948352780659,1.2157665139220664e-18,10,8.5103655974544646e-18,0.05,lower
cec2020,10,20000000,5,hybrid,all,holm-bonferroni,j2020,MSC-CMA,51,51,715.5,0.72491349480968859,0,0,3.1949357931076381e-07,10,6.3898715862152762e-07,0.05,lower
cec2020,10,20000000,6,hybrid,all,holm-bonferroni,j2020,MSC-CMA,51,51,12,0.99538638985005767,0.022865403339210388,0.6741468117563727,6.6833152211402406e-18,10,3.3416576105701202e-17,0.05,lower
cec2020,10,20000000,7,hybrid,all,holm-bonferroni,j2020,MSC-CMA,51,51,0,1,0.0015634233172931999,0.54342296548338709,3.3036815016661564e-18,10,1.9822089009996938e-17,0.05,lower
cec2020,10,20000000,8,composition,all,holm-bonferroni,j2020,MSC-CMA,51,51,0,1,0,0,1.1270227205416814e-19,10,9.0161817643334515e-19,0.05,lower
cec2020,10,20000000,9,composition,all,holm-bonferroni,j2020,MSC-CMA,51,51,2142,0.17647058823529416,100.00000000000045,0,7.4033185296877082e-09,10,2.2209955589063125e-08,0.05,higher
cec2020,10,20000000,10,composition,all,holm-bonferroni,j2020,MSC-CMA,51,51,2569,0.012302960399846241,100.00890050745556,0,2.1317925726146807e-17,10,8.5271702904587226e-17,0.05,higher
cec2020,10,20000000,1,basic,all,holm-bonferroni,jSO,MSC-CMA,51,51,1300.5,0.5,0,0,1,10,1,0.05,not significant
cec2020,10,20000000,2,basic,all,holm-bonferroni,jSO,MSC-CMA,51,51,2143.5,0.17589388696655128,3.539869569768598,0.24981776415552304,1.5322352461945789e-08,10,4.5967057385837363e-08,0.05,higher
cec2020,10,20000000,3,basic,all,holm-bonferroni,jSO,MSC-CMA,51,51,2601,0,11.640606100140076,1.9899181141865938,3.3015336843073518e-18,10,2.008918349646929e-17,0.05,higher
cec2020,10,20000000,4,basic,all,holm-bonferroni,jSO,MSC-CMA,51,51,0,1,0.12824073674460124,0.83507948352780659,2.86988335663847e-18,10,2.008918349646929e-17,0.05,lower
cec2020,10,20000000,5,hybrid,all,holm-bonferroni,jSO,MSC-CMA,51,51,793.5,0.69492502883506346,0,0,1.9736392521022574e-05,10,3.9472785042045148e-05,0.05,lower
cec2020,10,20000000,6,hybrid,all,holm-bonferroni,jSO,MSC-CMA,51,51,0,1,0.020020764076434716,0.6741468117563727,3.3036815016661564e-18,10,2.008918349646929e-17,0.05,lower
cec2020,10,20000000,7,hybrid,all,holm-bonferroni,jSO,MSC-CMA,51,51,8,0.99692425990003841,2.3176835384219885e-07,0.54342296548338709,5.2881213860303175e-18,10,2.115248554412127e-17,0.05,lower
cec2020,10,20000000,8,composition,all,holm-bonferroni,jSO,MSC-CMA,51,51,2601,0,100,0,1.3587101139466462e-20,10,1.3587101139466462e-19,0.05,higher
cec2020,10,20000000,9,composition,all,holm-bonferroni,jSO,MSC-CMA,51,51,2601,0,100,0,9.5559571463678821e-19,10,7.6447657170943056e-18,0.05,higher
cec2020,10,20000000,10,composition,all,holm-bonferroni,jSO,MSC-CMA,51,51,2601,0,397.74286946998745,0,6.2826047897223232e-19,10,5.6543443107500909e-18,0.05,higher
cec2020,10,20000000,8,composition,composition,holm-bonferroni,ARRDE,MSC-CMA,51,51,51,0.98039215686274506,0,0,5.4888714889700688e-19,3,1.6466614466910206e-18,0.05,lower
cec2020,10,20000000,9,composition,composition,holm-bonferroni,ARRDE,MSC-CMA,51,51,153,0.94117647058823528,0,0,7.9614067555373996e-16,3,7.9614067555373996e-16,0.05,lower
cec2020,10,20000000,10,composition,composition,holm-bonferroni,ARRDE,MSC-CMA,51,51,2450,0.058054594386774294,100,0,2.6766150453847892e-16,3,5.3532300907695784e-16,0.05,higher
cec2020,10,20000000,8,composition,composition,holm-bonferroni,BIPOP-CMA,MSC-CMA,51,51,1479,0.43137254901960786,11.563057352644591,0,0.23135678844442464,3,0.23135678844442464,0.05,not significant
cec2020,10,20000000,9,composition,composition,holm-bonferroni,BIPOP-CMA,MSC-CMA,51,51,2443,0.06074586697424067,100.00000000000227,0,2.0532977479607516e-14,3,4.1065954959215031e-14,0.05,higher
cec2020,10,20000000,10,composition,composition,holm-bonferroni,BIPOP-CMA,MSC-CMA,51,51,2597,0.0015378700499807385,397.74567087579089,0,2.9128507631014792e-18,3,8.7385522893044381e-18,0.05,higher
cec2020,10,20000000,8,composition,composition,holm-bonferroni,LSRTDE,MSC-CMA,51,51,2448,0.058823529411764719,100,0,1.7011347573403935e-15,3,1.7011347573403935e-15,0.05,higher
cec2020,10,20000000,9,composition,composition,holm-bonferroni,LSRTDE,MSC-CMA,51,51,2601,0,326.63968354610506,0,3.1958149893967611e-18,3,8.0381309915767365e-18,0.05,higher
cec2020,10,20000000,10,composition,composition,holm-bonferroni,LSRTDE,MSC-CMA,51,51,2601,0,398.00898944057735,0,2.6793769971922455e-18,3,8.0381309915767365e-18,0.05,higher
cec2020,10,20000000,8,composition,composition,holm-bonferroni,NLSHADE-RSP,MSC-CMA,51,51,459,0.82352941176470584,0,0,5.3040643424918682e-09,3,1.0608128684983736e-08,0.05,lower
cec2020,10,20000000,9,composition,composition,holm-bonferroni,NLSHADE-RSP,MSC-CMA,51,51,1887,0.27450980392156865,100,0,5.908469060779629e-05,3,5.908469060779629e-05,0.05,higher
cec2020,10,20000000,10,composition,composition,holm-bonferroni,NLSHADE-RSP,MSC-CMA,51,51,2598,0.0011534025374856371,397.74286946998745,0,4.6721645275123956e-20,3,1.4016493582537186e-19,0.05,higher
cec2020,10,20000000,8,composition,composition,holm-bonferroni,j2020,MSC-CMA,51,51,0,1,0,0,1.1270227205416814e-19,3,3.3810681616250443e-19,0.05,lower
cec2020,10,20000000,9,composition,composition,holm-bonferroni,j2020,MSC-CMA,51,51,2142,0.17647058823529416,100.00000000000045,0,7.4033185296877082e-09,3,7.4033185296877082e-09,0.05,higher
cec2020,10,20000000,10,composition,composition,holm-bonferroni,j2020,MSC-CMA,51,51,2569,0.012302960399846241,100.00890050745556,0,2.1317925726146807e-17,3,4.2635851452293613e-17,0.05,higher
cec2020,10,20000000,8,composition,composition,holm-bonferroni,jSO,MSC-CMA,51,51,2601,0,100,0,1.3587101139466462e-20,3,4.0761303418399386e-20,0.05,higher
cec2020,10,20000000,9,composition,composition,holm-bonferroni,jSO,MSC-CMA,51,51,2601,0,100,0,9.5559571463678821e-19,3,1.2565209579444646e-18,0.05,higher
cec2020,10,20000000,10,composition,composition,holm-bonferroni,jSO,MSC-CMA,51,51,2601,0,397.74286946998745,0,6.2826047897223232e-19,3,1.2565209579444646e-18,0.05,higher
cec2020,15,3000000,1,basic,all,holm-bonferroni,ARRDE,MSC-CMA,51,51,1198.5,0.53921568627450989,0,0,0.043338945608060793,10,0.054990512988643596,0.05,not significant
cec2020,15,3000000,2,basic,all,holm-bonferroni,ARRDE,MSC-CMA,51,51,366,0.85928489042675893,2.4016127760878589,9.1484397720014385,4.028590823403485e-10,10,1.611436329361394e-09,0.05,lower
cec2020,15,3000000,3,basic,all,holm-bonferroni,ARRDE,MSC-CMA,51,51,2601,0,15.566976513038981,1.1311648438606881,1.1643997524838496e-18,10,1.1643997524838496e-17,0.05,higher
cec2020,15,3000000,4,basic,all,holm-bonferroni,ARRDE,MSC-CMA,51,51,0,1,0.3404669779949927,1.4308192734158638,3.3036815016661564e-18,10,2.973313351499541e-17,0.05,lower
cec2020,15,3000000,5,hybrid,all,holm-bonferroni,ARRDE,MSC-CMA,51,51,800.5,0.69223375624759709,0.31223509166716212,0.3122350916673895,0.00073116157336180901,10,0.0021934847200854269,0.05,lower
cec2020,15,3000000,6,hybrid,all,holm-bonferroni,ARRDE,MSC-CMA,51,51,19,0.9926951172625913,0.41537968266379721,1.940018429987731,1.0051035068862958e-17,10,8.0408280550903661e-17,0.05,lower
cec2020,15,3000000,7,hybrid,all,holm-bonferroni,ARRDE,MSC-CMA,51,51,310,0.88081507112648982,0.49999999996180122,1.0895270060118492,3.4367034967784198e-11,10,1.7183517483892098e-10,0.05,lower
cec2020,15,3000000,8,composition,all,holm-bonferroni,ARRDE,MSC-CMA,51,51,2409,0.073817762399077225,34.903288027987855,0,1.2076600646537336e-13,10,7.2459603879224019e-13,0.05,higher
cec2020,15,3000000,9,composition,all,holm-bonferroni,ARRDE,MSC-CMA,51,51,153,0.94117647058823528,100.00000000000045,100.00000000004229,6.3537368897968813e-16,10,4.4476158228578169e-15,0.05,lower
cec2020,15,3000000,10,composition,all,holm-bonferroni,ARRDE,MSC-CMA,51,51,1629,0.37370242214532867,200,100.00731846890176,0.027495256494321798,10,0.054990512988643596,0.05,not significant
cec2020,15,3000000,1,basic,all,holm-bonferroni,BIPOP-CMA,MSC-CMA,51,51,1198.5,0.53921568627450989,0,0,0.043338945608060793,10,0.043338945608060793,0.05,lower
cec2020,15,3000000,2,basic,all,holm-bonferroni,BIPOP-CMA,MSC-CMA,51,51,2076,0.20184544405997695,22.47830645717022,9.1484397720014385,2.1332801144223212e-07,10,8.5331204576892848e-07,0.05,higher
cec2020,15,3000000,3,basic,all,holm-bonferroni,BIPOP-CMA,MSC-CMA,51,51,0,1,0,1.1311648438606881,1.3905886961424435e-20,10,1.3905886961424435e-19,0.05,lower
cec2020,15,3000000,4,basic,all,holm-bonferroni,BIPOP-CMA,MSC-CMA,51,51,55,0.97885428681276432,0.66584753287293097,1.4308192734158638,7.789204583434656e-17,10,7.01028412509119e-16,0.05,lower
cec2020,15,3000000,5,hybrid,all,holm-bonferroni,BIPOP-CMA,MSC-CMA,51,51,714,0.72549019607843135,0.31223509166716212,0.3122350916673895,6.0908579950751289e-05,10,0.00018272573985225385,0.05,lower
cec2020,15,3000000,6,hybrid,all,holm-bonferroni,BIPOP-CMA,MSC-CMA,51,51,130,0.95001922337562472,0.83066650094997385,1.940018429987731,4.8486190169611584e-15,10,3.8788952135689267e-14,0.05,lower
cec2020,15,3000000,7,hybrid,all,holm-bonferroni,BIPOP-CMA,MSC-CMA,51,51,417,0.8396770472895041,0.64988513758544286,1.0895270060118492,3.4125190554320238e-09,10,2.0262472562872575e-08,0.05,lower
cec2020,15,3000000,8,composition,all,holm-bonferroni,BIPOP-CMA,MSC-CMA,51,51,2237.5,0.1397539407920031,100,0,2.1529869773084469e-10,10,1.5070908841159128e-09,0.05,higher
cec2020,15,3000000,9,composition,all,holm-bonferroni,BIPOP-CMA,MSC-CMA,51,51,866,0.66705113417916184,100.00000000001091,100.00000000004229,0.0036728625994619487,10,0.0073457251989238973,0.05,lower
cec2020,15,3000000,10,composition,all,holm-bonferroni,BIPOP-CMA,MSC-CMA,51,51,2155,0.17147251057285662,400.00000000000091,100.00731846890176,3.3770787604787626e-09,10,2.0262472562872575e-08,0.05,higher
cec2020,15,3000000,1,basic,all,holm-bonferroni,LSRTDE,MSC-CMA,51,51,1198.5,0.53921568627450989,0,0,0.043338945608060793,10,0.13001683682418239,0.05,not significant
cec2020,15,3000000,2,basic,all,holm-bonferroni,LSRTDE,MSC-CMA,51,51,1084.5,0.58304498269896188,2.568162351490173,9.1484397720014385,0.1490904369690694,10,0.2981808739381388,0.05,not significant
cec2020,15,3000000,3,basic,all,holm-bonferroni,LSRTDE,MSC-CMA,51,51,2601,0,16.091687242669991,1.1311648438606881,3.2872487005354717e-18,10,2.6740634430219787e-17,0.05,higher
cec2020,15,3000000,4,basic,all,holm-bonferroni,LSRTDE,MSC-CMA,51,51,497,0.80891964628988844,1.0693115090134597,1.4308192734158638,7.69046614171468e-08,10,3.8452330708573401e-07,0.05,lower
cec2020,15,3000000,5,hybrid,all,holm-bonferroni,LSRTDE,MSC-CMA,51,51,1457,0.43983083429450209,0.46835263750085687,0.3122350916673895,0.29370085326618256,10,0.2981808739381388,0.05,not significant
cec2020,15,3000000,6,hybrid,all,holm-bonferroni,LSRTDE,MSC-CMA,51,51,276,0.89388696655132638,0.841382821292882,1.940018429987731,7.197342746216959e-12,10,5.0381399223518714e-11,0.05,lower
cec2020,15,3000000,7,hybrid,all,holm-bonferroni,LSRTDE,MSC-CMA,51,51,757,0.7089580930411381,0.70814298464574676,1.0895270060118492,0.00027705783296294942,10,0.0011082313318517977,0.05,lower
cec2020,15,3000000,8,composition,all,holm-bonferroni,LSRTDE,MSC-CMA,51,51,2601,0,100,0,8.9152260484176983e-19,10,8.9152260484176983e-18,0.05,higher
cec2020,15,3000000,9,composition,all,holm-bonferroni,LSRTDE,MSC-CMA,51,51,2601,0,386.08538569402208,100.00000000004229,2.9711816033577539e-18,10,2.6740634430219787e-17,0.05,higher
cec2020,15,3000000,10,composition,all,holm-bonferroni,LSRTDE,MSC-CMA,51,51,2193,0.15686274509803921,400,100.00731846890176,1.7484169618729994e-10,10,1.0490501771237997e-09,0.05,higher
cec2020,15,3000000,1,basic,all,holm-bonferroni,NLSHADE-RSP,MSC-CMA,51,51,1308.5,0.49692425990003841,0,0,0.91424575420230036,10,1,0.05,not significant
cec2020,15,3000000,2,basic,all,holm-bonferroni,NLSHADE-RSP,MSC-CMA,51,51,182,0.93002691272587468,0.17532081113404274,9.1484397720014385,7.2296354441077949e-14,10,3.6148177220538974e-13,0.05,lower
cec2020,15,3000000,3,basic,all,holm-bonferroni,NLSHADE-RSP,MSC-CMA,51,51,2601,0,15.566976513038981,1.1311648438606881,5.1859720250252558e-20,10,5.185972025025256e-19,0.05,higher
cec2020,15,3000000,4,basic,all,holm-bonferroni,NLSHADE-RSP,MSC-CMA,51,51,0,1,0,1.4308192734158638,1.8256565165730882e-19,10,1.6430908649157794e-18,0.05,lower
cec2020,15,3000000,5,hybrid,all,holm-bonferroni,NLSHADE-RSP,MSC-CMA,51,51,2575.5,0.0098039215686274161,15.08046809206121,0.3122350916673895,1.3466969433349474e-17,10,9.4268786033446315e-17,0.05,higher
cec2020,15,3000000,6,hybrid,all,holm-bonferroni,NLSHADE-RSP,MSC-CMA,51,51,1,0.99961553248750479,0.19377643694292601,1.940018429987731,3.5043165051200882e-18,10,2.8034532040960705e-17,0.05,lower
cec2020,15,3000000,7,hybrid,all,holm-bonferroni,NLSHADE-RSP,MSC-CMA,51,51,270,0.89619377162629754,0.46437361430344026,1.0895270060118492,5.4440498855810201e-12,10,2.177619954232408e-11,0.05,lower
cec2020,15,3000000,8,composition,all,holm-bonferroni,NLSHADE-RSP,MSC-CMA,51,51,1231.5,0.52652825836216843,0,0,0.64580576831002823,10,1,0.05,not significant
cec2020,15,3000000,9,composition,all,holm-bonferroni,NLSHADE-RSP,MSC-CMA,51,51,153,0.94117647058823528,100,100.00000000004229,4.0859725421090929e-15,10,2.4515835252654558e-14,0.05,lower
cec2020,15,3000000,10,composition,all,holm-bonferroni,NLSHADE-RSP,MSC-CMA,51,51,2193,0.15686274509803921,400,100.00731846890176,1.7484169618729994e-10,10,5.2452508856189987e-10,0.05,higher
cec2020,15,3000000,1,basic,all,holm-bonferroni,j2020,MSC-CMA,51,51,1430,0.45021145713187238,0,0,0.13526007082559702,10,0.27052014165119403,0.05,not significant
cec2020,15,3000000,2,basic,all,holm-bonferroni,j2020,MSC-CMA,51,51,4,0.99846212995001926,0.041637393851488014,9.1484397720014385,3.6329361965435146e-18,10,3.3036815016661565e-17,0.05,lower
cec2020,15,3000000,3,basic,all,holm-bonferroni,j2020,MSC-CMA,51,51,1440,0.44636678200692037,15.566976513038981,1.1311648438606881,0.35038565517229736,10,0.35038565517229736,0.05,not significant
cec2020,15,3000000,4,basic,all,holm-bonferroni,j2020,MSC-CMA,51,51,0,1,0.15125054509985603,1.4308192734158638,3.3036815016661564e-18,10,3.3036815016661565e-17,0.05,lower
cec2020,15,3000000,5,hybrid,all,holm-bonferroni,j2020,MSC-CMA,51,51,2572,0.011149557862360604,9.5313461589360031,0.3122350916673895,1.6495988143148763e-17,10,1.3196790514519011e-16,0.05,higher
cec2020,15,3000000,6,hybrid,all,holm-bonferroni,j2020,MSC-CMA,51,51,971,0.62668204536716643,0.49820793679577946,1.940018429987731,0.027672322470839561,10,0.083016967412518683,0.05,not significant
cec2020,15,3000000,7,hybrid,all,holm-bonferroni,j2020,MSC-CMA,51,51,279,0.89273356401384085,0.48926199663537773,1.0895270060118492,8.3009673994330251e-12,10,5.8106771796031172e-11,0.05,lower
cec2020,15,3000000,8,composition,all,holm-bonferroni,j2020,MSC-CMA,51,51,704,0.72933487120338336,0,0,5.7284969898336086e-05,10,0.00022913987959334434,0.05,lower
cec2020,15,3000000,9,composition,all,holm-bonferroni,j2020,MSC-CMA,51,51,537,0.79354094579008072,100.00000000000136,100.00000000004229,2.8909193502448035e-07,10,1.4454596751224017e-06,0.05,lower
cec2020,15,3000000,10,composition,all,holm-bonferroni,j2020,MSC-CMA,51,51,2185,0.1599384851980008,400.00000000000091,100.00731846890176,5.367179375240831e-10,10,3.2203076251444986e-09,0.05,higher
cec2020,15,3000000,1,basic,all,holm-bonferroni,jSO,MSC-CMA,51,51,1198.5,0.53921568627450989,0,0,0.043338945608060793,10,0.086677891216121586,0.05,not significant
cec2020,15,3000000,2,basic,all,holm-bonferroni,jSO,MSC-CMA,51,51,1447,0.44367550941945411,10.121621628240064,9.1484397720014385,0.32844748154801529,10,0.32844748154801529,0.05,not significant
cec2020,15,3000000,3,basic,all,holm-bonferroni,jSO,MSC-CMA,51,51,2601,0,16.412602073024914,1.1311648438606881,3.2986719872652823e-18,10,2.9688047885387538e-17,0.05,higher
cec2020,15,3000000,4,basic,all,holm-bonferroni,jSO,MSC-CMA,51,51,0,1,0.27544745141608473,1.4308192734158638,3.3029654153868941e-18,10,2.9688047885387538e-17,0.05,lower
cec2020,15,3000000,5,hybrid,all,holm-bonferroni,jSO,MSC-CMA,51,51,2459,0.054594386774317605,3.1409947171136992,0.3122350916673895,8.3460334303941494e-15,10,4.173016715197075e-14,0.05,higher
cec2020,15,3000000,6,hybrid,all,holm-bonferroni,jSO,MSC-CMA,51,51,17,0.99346405228758172,0.31139366453930961,1.940018429987731,8.9469060666723419e-18,10,6.2628342466706393e-17,0.05,lower
cec2020,15,3000000,7,hybrid,all,holm-bonferroni,jSO,MSC-CMA,51,51,561,0.78431372549019607,0.70108580752366834,1.0895270060118492,7.5788689115840487e-07,10,2.2736606734752146e-06,0.05,lower
cec2020,15,3000000,8,composition,all,holm-bonferroni,jSO,MSC-CMA,51,51,2601,0,100.00000000000045,0,5.5924477231654961e-19,10,5.5924477231654963e-18,0.05,higher
cec2020,15,3000000,9,composition,all,holm-bonferroni,jSO,MSC-CMA,51,51,2553,0.018454440599769306,352.80755810619848,100.00000000004229,4.7477175243697857e-17,10,2.8486305146218712e-16,0.05,higher
cec2020,15,3000000,10,composition,all,holm-bonferroni,jSO,MSC-CMA,51,51,2193,0.15686274509803921,400,100.00731846890176,2.8347024726131297e-10,10,1.1338809890452519e-09,0.05,higher
cec2020,15,3000000,8,composition,composition,holm-bonferroni,ARRDE,MSC-CMA,51,51,2409,0.073817762399077225,34.903288027987855,0,1.2076600646537336e-13,3,2.4153201293074671e-13,0.05,higher
cec2020,15,3000000,9,composition,composition,holm-bonferroni,ARRDE,MSC-CMA,51,51,153,0.94117647058823528,100.00000000000045,100.00000000004229,6.3537368897968813e-16,3,1.9061210669390644e-15,0.05,lower
cec2020,15,3000000,10,composition,composition,holm-bonferroni,ARRDE,MSC-CMA,51,51,1629,0.37370242214532867,200,100.00731846890176,0.027495256494321798,3,0.027495256494321798,0.05,higher
cec2020,15,3000000,8,composition,composition,holm-bonferroni,BIPOP-CMA,MSC-CMA,51,51,2237.5,0.1397539407920031,100,0,2.1529869773084469e-10,3,6.4589609319253404e-10,0.05,higher
cec2020,15,3000000,9,composition,composition,holm-bonferroni,BIPOP-CMA,MSC-CMA,51,51,866,0.66705113417916184,100.00000000001091,100.00000000004229,0.0036728625994619487,3,0.0036728625994619487,0.05,lower
cec2020,15,3000000,10,composition,composition,holm-bonferroni,BIPOP-CMA,MSC-CMA,51,51,2155,0.17147251057285662,400.00000000000091,100.00731846890176,3.3770787604787626e-09,3,6.7541575209575251e-09,0.05,higher
cec2020,15,3000000,8,composition,composition,holm-bonferroni,LSRTDE,MSC-CMA,51,51,2601,0,100,0,8.9152260484176983e-19,3,2.6745678145253095e-18,0.05,higher
cec2020,15,3000000,9,composition,composition,holm-bonferroni,LSRTDE,MSC-CMA,51,51,2601,0,386.08538569402208,100.00000000004229,2.9711816033577539e-18,3,5.9423632067155079e-18,0.05,higher
cec2020,15,3000000,10,composition,composition,holm-bonferroni,LSRTDE,MSC-CMA,51,51,2193,0.15686274509803921,400,100.00731846890176,1.7484169618729994e-10,3,1.7484169618729994e-10,0.05,higher
cec2020,15,3000000,8,composition,composition,holm-bonferroni,NLSHADE-RSP,MSC-CMA,51,51,1231.5,0.52652825836216843,0,0,0.64580576831002823,3,0.64580576831002823,0.05,not significant
cec2020,15,3000000,9,composition,composition,holm-bonferroni,NLSHADE-RSP,MSC-CMA,51,51,153,0.94117647058823528,100,100.00000000004229,4.0859725421090929e-15,3,1.2257917626327279e-14,0.05,lower
cec2020,15,3000000,10,composition,composition,holm-bonferroni,NLSHADE-RSP,MSC-CMA,51,51,2193,0.15686274509803921,400,100.00731846890176,1.7484169618729994e-10,3,3.4968339237459988e-10,0.05,higher
cec2020,15,3000000,8,composition,composition,holm-bonferroni,j2020,MSC-CMA,51,51,704,0.72933487120338336,0,0,5.7284969898336086e-05,3,5.7284969898336086e-05,0.05,lower
cec2020,15,3000000,9,composition,composition,holm-bonferroni,j2020,MSC-CMA,51,51,537,0.79354094579008072,100.00000000000136,100.00000000004229,2.8909193502448035e-07,3,5.7818387004896069e-07,0.05,lower
cec2020,15,3000000,10,composition,composition,holm-bonferroni,j2020,MSC-CMA,51,51,2185,0.1599384851980008,400.00000000000091,100.00731846890176,5.367179375240831e-10,3,1.6101538125722493e-09,0.05,higher
cec2020,15,3000000,8,composition,composition,holm-bonferroni,jSO,MSC-CMA,51,51,2601,0,100.00000000000045,0,5.5924477231654961e-19,3,1.6777343169496487e-18,0.05,higher
cec2020,15,3000000,9,composition,composition,holm-bonferroni,jSO,MSC-CMA,51,51,2553,0.018454440599769306,352.80755810619848,100.00000000004229,4.7477175243697857e-17,3,9.4954350487395714e-17,0.05,higher
cec2020,15,3000000,10,composition,composition,holm-bonferroni,jSO,MSC-CMA,51,51,2193,0.15686274509803921,400,100.00731846890176,2.8347024726131297e-10,3,2.8347024726131297e-10,0.05,higher
cec2020,20,10000000,1,basic,all,holm-bonferroni,ARRDE,MSC-CMA,51,51,688.5,0.73529411764705888,0,0,2.5457342554923859e-08,10,2.5457342554923859e-08,0.05,lower
cec2020,20,10000000,2,basic,all,holm-bonferroni,ARRDE,MSC-CMA,51,51,0,1,0.15614228919366724,9.5486921414230892,2.9274509697759651e-18,10,2.341960775820772e-17,0.05,lower
cec2020,20,10000000,3,basic,all,holm-bonferroni,ARRDE,MSC-CMA,51,51,2601,0,20.387215350062434,1.5845387606293571,3.8376188730132077e-20,10,3.8376188730132079e-19,0.05,higher
cec2020,20,10000000,4,basic,all,holm-bonferroni,ARRDE,MSC-CMA,51,51,0,1,0.41073417209349827,1.9718829781511431,3.3036815016661564e-18,10,2.341960775820772e-17,0.05,lower
cec2020,20,10000000,5,hybrid,all,holm-bonferroni,ARRDE,MSC-CMA,51,51,383.5,0.85255670895809299,0.31225570917104051,1.8304183441100577,8.2921411587030568e-10,10,1.6584282317406114e-09,0.05,lower
cec2020,20,10000000,6,hybrid,all,holm-bonferroni,ARRDE,MSC-CMA,51,51,0,1,0.50719684714431423,7.919750001176908,3.3029654153868941e-18,10,2.341960775820772e-17,0.05,lower
cec2020,20,10000000,7,hybrid,all,holm-bonferroni,ARRDE,MSC-CMA,51,51,84,0.96770472895040371,0.65611754583369475,1.8001949639665327,4.0030359720259915e-16,10,2.0015179860129958e-15,0.05,lower
cec2020,20,10000000,8,composition,all,holm-bonferroni,ARRDE,MSC-CMA,51,51,2447,0.059207996924259931,82.187907629334404,38.82865744397759,1.4992228211035369e-14,10,4.4976684633106105e-14,0.05,higher
cec2020,20,10000000,9,composition,all,holm-bonferroni,ARRDE,MSC-CMA,51,51,49,0.98116109188773548,100.00000000000045,100.00000000004593,1.558413572565082e-18,10,1.402572215308574e-17,0.05,lower
cec2020,20,10000000,10,composition,all,holm-bonferroni,ARRDE,MSC-CMA,51,51,86,0.96693579392541329,399.03793845758264,400.84491997975874,4.1760674597293365e-16,10,2.0015179860129958e-15,0.05,lower
cec2020,20,10000000,1,basic,all,holm-bonferroni,BIPOP-CMA,MSC-CMA,51,51,688.5,0.73529411764705888,0,0,2.5457342554923859e-08,10,1.0182937021969544e-07,0.05,lower
cec2020,20,10000000,2,basic,all,holm-bonferroni,BIPOP-CMA,MSC-CMA,51,51,2316.5,0.10938100730488276,16.921409417243922,9.5486921414230892,1.0503780915415445e-11,10,7.3526466407908111e-11,0.05,higher
cec2020,20,10000000,3,basic,all,holm-bonferroni,BIPOP-CMA,MSC-CMA,51,51,1,0.99961553248750479,0,1.5845387606293571,2.1253466316311149e-20,10,2.1253466316311148e-19,0.05,lower
cec2020,20,10000000,4,basic,all,holm-bonferroni,BIPOP-CMA,MSC-CMA,51,51,48,0.98154555940023069,0.88927271585680501,1.9718829781511431,5.3257162143184026e-17,10,4.7931445928865619e-16,0.05,lower
cec2020,20,10000000,5,hybrid,all,holm-bonferroni,BIPOP-CMA,MSC-CMA,51,51,841.5,0.67647058823529416,0.83545928701641969,1.8304183441100577,0.0021368870089753422,10,0.0064106610269260272,0.05,lower
cec2020,20,10000000,6,hybrid,all,holm-bonferroni,BIPOP-CMA,MSC-CMA,51,51,1049,0.59669357939254131,6.5811763918445649,7.919750001176908,0.092982700892623518,10,0.092982700892623518,0.05,not significant
cec2020,20,10000000,7,hybrid,all,holm-bonferroni,BIPOP-CMA,MSC-CMA,51,51,432,0.83391003460207613,0.98778445725656638,1.8001949639665327,6.2365260913165029e-09,10,3.1182630456582512e-08,0.05,lower
cec2020,20,10000000,8,composition,all,holm-bonferroni,BIPOP-CMA,MSC-CMA,51,51,2475,0.048442906574394429,100.00000000000045,38.82865744397759,1.3888531397928133e-15,10,1.1110825118342506e-14,0.05,higher
cec2020,20,10000000,9,composition,all,holm-bonferroni,BIPOP-CMA,MSC-CMA,51,51,1660,0.36178392925797775,200.00000000000455,100.00000000004593,0.016270802197469819,10,0.032541604394939638,0.05,higher
cec2020,20,10000000,10,composition,all,holm-bonferroni,BIPOP-CMA,MSC-CMA,51,51,2235,0.14071510957324107,413.65733976634874,400.84491997975874,3.907470630731136e-10,10,2.3444823784386817e-09,0.05,higher
cec2020,20,10000000,1,basic,all,holm-bonferroni,LSRTDE,MSC-CMA,51,51,688.5,0.73529411764705888,0,0,2.5457342554923859e-08,10,1.0182937021969544e-07,0.05,lower
cec2020,20,10000000,2,basic,all,holm-bonferroni,LSRTDE,MSC-CMA,51,51,20,0.99231064975009609,1.8324618293736421,9.5486921414230892,1.0224139044730038e-17,10,6.1344834268380229e-17,0.05,lower
cec2020,20,10000000,3,basic,all,holm-bonferroni,LSRTDE,MSC-CMA,51,51,2601,0,20.715439859208004,1.5845387606293571,3.1284877689283362e-18,10,2.6021388215960949e-17,0.05,higher
cec2020,20,10000000,4,basic,all,holm-bonferroni,LSRTDE,MSC-CMA,51,51,607,0.76662821991541719,1.5865636759810968,1.9718829781511431,3.5171819920796671e-06,10,7.0343639841593343e-06,0.05,lower
cec2020,20,10000000,5,hybrid,all,holm-bonferroni,LSRTDE,MSC-CMA,51,51,568.5,0.78143021914648214,0.41634094556138734,1.8304183441100577,9.6925914930091006e-07,10,2.90777744790273e-06,0.05,lower
cec2020,20,10000000,6,hybrid,all,holm-bonferroni,LSRTDE,MSC-CMA,51,51,0,1,0.74703411229074845,7.919750001176908,2.8912653573289941e-18,10,2.6021388215960949e-17,0.05,lower
cec2020,20,10000000,7,hybrid,all,holm-bonferroni,LSRTDE,MSC-CMA,51,51,846,0.67474048442906576,0.83166691142241689,1.8001949639665327,0.0023562473221961969,10,0.0023562473221961969,0.05,lower
cec2020,20,10000000,8,composition,all,holm-bonferroni,LSRTDE,MSC-CMA,51,51,2601,0,100.00000000000045,38.82865744397759,6.8831868019631798e-19,10,6.8831868019631796e-18,0.05,higher
cec2020,20,10000000,9,composition,all,holm-bonferroni,LSRTDE,MSC-CMA,51,51,2601,0,377.29914251736591,100.00000000004593,3.220890709340132e-18,10,2.6021388215960949e-17,0.05,higher
cec2020,20,10000000,10,composition,all,holm-bonferroni,LSRTDE,MSC-CMA,51,51,2397,0.078431372549019662,413.65733976634874,400.84491997975874,8.4402903759969853e-14,10,4.2201451879984926e-13,0.05,higher
cec2020,20,10000000,1,basic,all,holm-bonferroni,NLSHADE-RSP,MSC-CMA,51,51,688.5,0.73529411764705888,0,0,2.5457342554923859e-08,10,7.6372027664771583e-08,0.05,lower
cec2020,20,10000000,2,basic,all,holm-bonferroni,NLSHADE-RSP,MSC-CMA,51,51,3,0.99884659746251436,0.062456915677103098,9.5486921414230892,3.0932417039939331e-18,10,2.4745933631951465e-17,0.05,lower
cec2020,20,10000000,3,basic,all,holm-bonferroni,NLSHADE-RSP,MSC-CMA,51,51,2601,0,20.387215350062434,1.5845387606293571,1.9881522354074772e-20,10,1.9881522354074772e-19,0.05,higher
cec2020,20,10000000,4,basic,all,holm-bonferroni,NLSHADE-RSP,MSC-CMA,51,51,0,1,0,1.9718829781511431,3.836583704452334e-20,10,3.4529253340071008e-19,0.05,lower
cec2020,20,10000000,5,hybrid,all,holm-bonferroni,NLSHADE-RSP,MSC-CMA,51,51,2478.5,0.047097270280661241,126.32772369611689,1.8304183441100577,3.2506854260693152e-15,10,1.3002741704277261e-14,0.05,higher
cec2020,20,10000000,6,hybrid,all,holm-bonferroni,NLSHADE-RSP,MSC-CMA,51,51,0,1,0.14412981717418916,7.919750001176908,3.3036815016661564e-18,10,2.4745933631951465e-17,0.05,lower
cec2020,20,10000000,7,hybrid,all,holm-bonferroni,NLSHADE-RSP,MSC-CMA,51,51,1649,0.36601307189542487,8.6573639122393615,1.8001949639665327,0.019855773219269939,10,0.019855773219269939,0.05,higher
cec2020,20,10000000,8,composition,all,holm-bonferroni,NLSHADE-RSP,MSC-CMA,51,51,2567,0.013071895424836555,100.00000000000045,38.82865744397759,9.0259754042379668e-18,10,4.5129877021189833e-17,0.05,higher
cec2020,20,10000000,9,composition,all,holm-bonferroni,NLSHADE-RSP,MSC-CMA,51,51,50,0.98077662437524027,100.00000000000045,100.00000000004593,7.0351967894106702e-18,10,4.2211180736464021e-17,0.05,lower
cec2020,20,10000000,10,composition,all,holm-bonferroni,NLSHADE-RSP,MSC-CMA,51,51,766,0.7054978854286813,399.09335167928793,400.84491997975874,0.00034944666339349509,10,0.00069889332678699017,0.05,lower
cec2020,20,10000000,1,basic,all,holm-bonferroni,j2020,MSC-CMA,51,51,739.5,0.71568627450980393,0,0,6.7165557734383128e-07,10,6.7165557734383128e-07,0.05,lower
cec2020,20,10000000,2,basic,all,holm-bonferroni,j2020,MSC-CMA,51,51,0,1,0.031228457839461043,9.5486921414230892,2.1399213983199119e-18,10,2.139921398319912e-17,0.05,lower
cec2020,20,10000000,3,basic,all,holm-bonferroni,j2020,MSC-CMA,51,51,2248,0.13571703191080353,20.387215350062434,1.5845387606293571,1.3345319427626321e-10,10,5.3381277710505285e-10,0.05,higher
cec2020,20,10000000,4,basic,all,holm-bonferroni,j2020,MSC-CMA,51,51,0,1,0.20732135119033046,1.9718829781511431,3.3036815016661564e-18,10,2.9675178187615361e-17,0.05,lower
cec2020,20,10000000,5,hybrid,all,holm-bonferroni,j2020,MSC-CMA,51,51,2601,0,68.919080593287845,1.8304183441100577,3.2972420208461513e-18,10,2.9675178187615361e-17,0.05,higher
cec2020,20,10000000,6,hybrid,all,holm-bonferroni,j2020,MSC-CMA,51,51,0,1,0.27213154742617007,7.919750001176908,3.3036815016661564e-18,10,2.9675178187615361e-17,0.05,lower
cec2020,20,10000000,7,hybrid,all,holm-bonferroni,j2020,MSC-CMA,51,51,526,0.79777008842752783,0.34425314145619268,1.8001949639665327,2.2170103147120304e-07,10,4.4340206294240608e-07,0.05,lower
cec2020,20,10000000,8,composition,all,holm-bonferroni,j2020,MSC-CMA,51,51,2515,0.033064206074586711,100.00000000000091,38.82865744397759,4.3018089875353327e-17,10,2.5810853925211996e-16,0.05,higher
cec2020,20,10000000,9,composition,all,holm-bonferroni,j2020,MSC-CMA,51,51,2351,0.096116878123798544,411.80422637120728,100.00000000004593,2.1020445599322613e-12,10,1.0510222799661307e-11,0.05,higher
cec2020,20,10000000,10,composition,all,holm-bonferroni,j2020,MSC-CMA,51,51,342,0.86851211072664358,399.09335167928612,400.84491997975874,1.4238582903277365e-10,10,5.3381277710505285e-10,0.05,lower
cec2020,20,10000000,1,basic,all,holm-bonferroni,jSO,MSC-CMA,51,51,688.5,0.73529411764705888,0,0,2.5457342554923859e-08,10,2.5457342554923859e-08,0.05,lower
cec2020,20,10000000,2,basic,all,holm-bonferroni,jSO,MSC-CMA,51,51,7,0.99730872741253362,1.770004913696539,9.5486921414230892,4.7353500465562387e-18,10,2.9668745322560683e-17,0.05,lower
cec2020,20,10000000,3,basic,all,holm-bonferroni,jSO,MSC-CMA,51,51,2601,0,21.474731069510312,1.5845387606293571,3.3036815016661564e-18,10,2.9668745322560683e-17,0.05,higher
cec2020,20,10000000,4,basic,all,holm-bonferroni,jSO,MSC-CMA,51,51,0,1,0.36415347702950385,1.9718829781511431,3.3022494762767633e-18,10,2.9668745322560683e-17,0.05,lower
cec2020,20,10000000,5,hybrid,all,holm-bonferroni,jSO,MSC-CMA,51,51,2406.5,0.074778931180315311,6.2820050139118848,1.8304183441100577,1.3656978508003043e-13,10,2.7313957016006086e-13,0.05,higher
cec2020,20,10000000,6,hybrid,all,holm-bonferroni,jSO,MSC-CMA,51,51,0,1,1.0821839064913092,7.919750001176908,3.3036815016661564e-18,10,2.9668745322560683e-17,0.05,lower
cec2020,20,10000000,7,hybrid,all,holm-bonferroni,jSO,MSC-CMA,51,51,16,0.99384851980007693,0.06820102514438986,1.8001949639665327,8.4406347935300773e-18,10,3.3762539174120309e-17,0.05,lower
cec2020,20,10000000,8,composition,all,holm-bonferroni,jSO,MSC-CMA,51,51,2601,0,100.00000000000045,38.82865744397759,1.3905886961424435e-20,10,1.3905886961424435e-19,0.05,higher
cec2020,20,10000000,9,composition,all,holm-bonferroni,jSO,MSC-CMA,51,51,2601,0,393.01292259675711,100.00000000004593,3.2965272580622978e-18,10,2.9668745322560683e-17,0.05,higher
cec2020,20,10000000,10,composition,all,holm-bonferroni,jSO,MSC-CMA,51,51,2397,0.078431372549019662,413.65733976634874,400.84491997975874,6.6572981248567875e-14,10,1.9971894374570363e-13,0.05,higher
cec2020,20,10000000,8,composition,composition,holm-bonferroni,ARRDE,MSC-CMA,51,51,2447,0.059207996924259931,82.187907629334404,38.82865744397759,1.4992228211035369e-14,3,1.4992228211035369e-14,0.05,higher
cec2020,20,10000000,9,composition,composition,holm-bonferroni,ARRDE,MSC-CMA,51,51,49,0.98116109188773548,100.00000000000045,100.00000000004593,1.558413572565082e-18,3,4.6752407176952462e-18,0.05,lower
cec2020,20,10000000,10,composition,composition,holm-bonferroni,ARRDE,MSC-CMA,51,51,86,0.96693579392541329,399.03793845758264,400.84491997975874,4.1760674597293365e-16,3,8.352134919458673e-16,0.05,lower
cec2020,20,10000000,8,composition,composition,holm-bonferroni,BIPOP-CMA,MSC-CMA,51,51,2475,0.048442906574394429,100.00000000000045,38.82865744397759,1.3888531397928133e-15,3,4.1665594193784396e-15,0.05,higher
cec2020,20,10000000,9,composition,composition,holm-bonferroni,BIPOP-CMA,MSC-CMA,51,51,1660,0.36178392925797775,200.00000000000455,100.00000000004593,0.016270802197469819,3,0.016270802197469819,0.05,higher
cec2020,20,10000000,10,composition,composition,holm-bonferroni,BIPOP-CMA,MSC-CMA,51,51,2235,0.14071510957324107,413.65733976634874,400.84491997975874,3.907470630731136e-10,3,7.814941261462272e-10,0.05,higher
cec2020,20,10000000,8,composition,composition,holm-bonferroni,LSRTDE,MSC-CMA,51,51,2601,0,100.00000000000045,38.82865744397759,6.8831868019631798e-19,3,2.064956040588954e-18,0.05,higher
cec2020,20,10000000,9,composition,composition,holm-bonferroni,LSRTDE,MSC-CMA,51,51,2601,0,377.29914251736591,100.00000000004593,3.220890709340132e-18,3,6.441781418680264e-18,0.05,higher
cec2020,20,10000000,10,composition,composition,holm-bonferroni,LSRTDE,MSC-CMA,51,51,2397,0.078431372549019662,413.65733976634874,400.84491997975874,8.4402903759969853e-14,3,8.4402903759969853e-14,0.05,higher
cec2020,20,10000000,8,composition,composition,holm-bonferroni,NLSHADE-RSP,MSC-CMA,51,51,2567,0.013071895424836555,100.00000000000045,38.82865744397759,9.0259754042379668e-18,3,2.1105590368232011e-17,0.05,higher
cec2020,20,10000000,9,composition,composition,holm-bonferroni,NLSHADE-RSP,MSC-CMA,51,51,50,0.98077662437524027,100.00000000000045,100.00000000004593,7.0351967894106702e-18,3,2.1105590368232011e-17,0.05,lower
cec2020,20,10000000,10,composition,composition,holm-bonferroni,NLSHADE-RSP,MSC-CMA,51,51,766,0.7054978854286813,399.09335167928793,400.84491997975874,0.00034944666339349509,3,0.00034944666339349509,0.05,lower
cec2020,20,10000000,8,composition,composition,holm-bonferroni,j2020,MSC-CMA,51,51,2515,0.033064206074586711,100.00000000000091,38.82865744397759,4.3018089875353327e-17,3,1.2905426962605998e-16,0.05,higher
cec2020,20,10000000,9,composition,composition,holm-bonferroni,j2020,MSC-CMA,51,51,2351,0.096116878123798544,411.80422637120728,100.00000000004593,2.1020445599322613e-12,3,4.2040891198645227e-12,0.05,higher
cec2020,20,10000000,10,composition,composition,holm-bonferroni,j2020,MSC-CMA,51,51,342,0.86851211072664358,399.09335167928612,400.84491997975874,1.4238582903277365e-10,3,1.4238582903277365e-10,0.05,lower
cec2020,20,10000000,8,composition,composition,holm-bonferroni,jSO,MSC-CMA,51,51,2601,0,100.00000000000045,38.82865744397759,1.3905886961424435e-20,3,4.1717660884273309e-20,0.05,higher
cec2020,20,10000000,9,composition,composition,holm-bonferroni,jSO,MSC-CMA,51,51,2601,0,393.01292259675711,100.00000000004593,3.2965272580622978e-18,3,6.5930545161245956e-18,0.05,higher
cec2020,20,10000000,10,composition,composition,holm-bonferroni,jSO,MSC-CMA,51,51,2397,0.078431372549019662,413.65733976634874,400.84491997975874,6.6572981248567875e-14,3,6.6572981248567875e-14,0.05,higher
cec2022,10,200000,1,basic,all,holm-bonferroni,ARRDE,MSC-CMA,51,51,1258,0.51633986928104569,0,0,0.72710161337029122,12,1,0.05,not significant
cec2022,10,200000,2,basic,all,holm-bonferroni,ARRDE,MSC-CMA,51,51,1725.5,0.33660130718954251,0,0,0.0013373226973465106,12,0.0053492907893860422,0.05,higher
cec2022,10,200000,3,basic,all,holm-bonferroni,ARRDE,MSC-CMA,51,51,0,1,0,0.0037168849278259586,1.1672845114571643e-19,12,1.4007414137485971e-18,0.05,lower
cec2022,10,200000,4,basic,all,holm-bonferroni,ARRDE,MSC-CMA,51,51,2133.5,0.1797385620915033,0.99495905709329691,0,7.3786527463252125e-09,12,5.1650569224276486e-08,0.05,higher
cec2022,10,200000,5,basic,all,holm-bonferroni,ARRDE,MSC-CMA,51,51,682,0.73779315647827759,0,0,6.2211707512604472e-08,12,3.7327024507562686e-07,0.05,lower
cec2022,10,200000,6,hybrid,all,holm-bonferroni,ARRDE,MSC-CMA,51,51,587,0.77431757016532099,0.38969407758713714,0.47236996505171192,1.8249581028168794e-06,12,9.1247905140843962e-06,0.05,lower
cec2022,10,200000,7,hybrid,all,holm-bonferroni,ARRDE,MSC-CMA,51,51,63,0.97577854671280273,0,0.62410011040788049,4.7209014780239745e-17,12,4.7209014780239742e-16,0.05,lower
cec2022,10,200000,8,hybrid,all,holm-bonferroni,ARRDE,MSC-CMA,51,51,145,0.94425221068819687,0.093508362559532543,0.94611383560913964,1.0748156995893777e-14,12,9.6733412963043993e-14,0.05,lower
cec2022,10,200000,9,composition,all,holm-bonferroni,ARRDE,MSC-CMA,51,51,1450.5,0.44232987312572092,229.2843827084871,229.2843827084871,0.15671846945684959,12,0.47015540837054876,0.05,not significant
cec2022,10,200000,10,composition,all,holm-bonferroni,ARRDE,MSC-CMA,51,51,1331,0.48827374086889663,100.12735656955147,30.176699535088574,0.84086964798487318,12,1,0.05,not significant
cec2022,10,200000,11,composition,all,holm-bonferroni,ARRDE,MSC-CMA,51,51,0,1,0,0,2.2160182224067007e-19,12,2.4376200446473709e-18,0.05,lower
cec2022,10,200000,12,composition,all,holm-bonferroni,ARRDE,MSC-CMA,51,51,178.5,0.93137254901960786,159.54377628679686,163.1891255617611,3.7158079841516489e-14,12,2.9726463873213191e-13,0.05,lower
cec2022,10,200000,1,basic,all,holm-bonferroni,BIPOP-CMA,MSC-CMA,51,51,867,0.66666666666666674,0,0,7.147198956769631e-06,12,6.4324790610926678e-05,0.05,lower
cec2022,10,200000,2,basic,all,holm-bonferroni,BIPOP-CMA,MSC-CMA,51,51,1808,0.30488273740868899,3.796519769139195e-05,0,0.00018230491783526772,12,0.0014584393426821417,0.05,higher
cec2022,10,200000,3,basic,all,holm-bonferroni,BIPOP-CMA,MSC-CMA,51,51,0,1,0,0.0037168849278259586,1.3905886961424435e-20,12,1.6687064353709324e-19,0.05,lower
cec2022,10,200000,4,basic,all,holm-bonferroni,BIPOP-CMA,MSC-CMA,51,51,1291,0.50365244136870435,0,0,0.94727283274474472,12,1,0.05,not significant
cec2022,10,200000,5,basic,all,holm-bonferroni,BIPOP-CMA,MSC-CMA,51,51,663,0.74509803921568629,0,0,1.5380085141177387e-08,12,1.5380085141177387e-07,0.05,lower
cec2022,10,200000,6,hybrid,all,holm-bonferroni,BIPOP-CMA,MSC-CMA,51,51,1624,0.37562475970780473,0.49999999999886313,0.47236996505171192,0.030637406405845967,12,0.15318703202922984,0.05,not significant
cec2022,10,200000,7,hybrid,all,holm-bonferroni,BIPOP-CMA,MSC-CMA,51,51,1487,0.42829680891964628,0.99495907962591446,0.62410011040788049,0.21318925865341876,12,0.63956777596025627,0.05,not significant
cec2022,10,200000,8,hybrid,all,holm-bonferroni,BIPOP-CMA,MSC-CMA,51,51,1584,0.39100346020761245,1.6857159574219622,0.94611383560913964,0.058220208053728947,12,0.23288083221491579,0.05,not significant
cec2022,10,200000,9,composition,all,holm-bonferroni,BIPOP-CMA,MSC-CMA,51,51,1555.5,0.40196078431372551,229.2843827084871,229.2843827084871,0.0023330745840213296,12,0.016331522088149308,0.05,higher
cec2022,10,200000,10,composition,all,holm-bonferroni,BIPOP-CMA,MSC-CMA,51,51,1641,0.36908881199538635,100.3472230098655,30.176699535088574,0.022874724586539833,12,0.13724834751923901,0.05,not significant
cec2022,10,200000,11,composition,all,holm-bonferroni,BIPOP-CMA,MSC-CMA,51,51,0,1,0,0,3.2062406265200671e-18,12,3.526864689172074e-17,0.05,lower
cec2022,10,200000,12,composition,all,holm-bonferroni,BIPOP-CMA,MSC-CMA,51,51,1293,0.50288350634371404,163.49483520287959,163.1891255617611,0.96181735589744632,12,1,0.05,not significant
cec2022,10,200000,1,basic,all,holm-bonferroni,LSRTDE,MSC-CMA,51,51,867,0.66666666666666674,0,0,7.147198956769631e-06,12,5.0030392697387419e-05,0.05,lower
cec2022,10,200000,2,basic,all,holm-bonferroni,LSRTDE,MSC-CMA,51,51,1318.5,0.49307958477508651,0,0,0.88623271077824939,12,0.88623271077824939,0.05,not significant
cec2022,10,200000,3,basic,all,holm-bonferroni,LSRTDE,MSC-CMA,51,51,0,1,0,0.0037168849278259586,2.6790634735483965e-19,12,3.214876168258076e-18,0.05,lower
cec2022,10,200000,4,basic,all,holm-bonferroni,LSRTDE,MSC-CMA,51,51,1067,0.58977316416762782,0,0,0.076357420977153326,12,0.20586199158738097,0.05,not significant
cec2022,10,200000,5,basic,all,holm-bonferroni,LSRTDE,MSC-CMA,51,51,663,0.74509803921568629,0,0,1.5380085141177387e-08,12,1.3842076627059647e-07,0.05,lower
cec2022,10,200000,6,hybrid,all,holm-bonferroni,LSRTDE,MSC-CMA,51,51,1009,0.61207227989234902,0.46427003524149768,0.47236996505171192,0.051465497896845243,12,0.20586199158738097,0.05,not significant
cec2022,10,200000,7,hybrid,all,holm-bonferroni,LSRTDE,MSC-CMA,51,51,498,0.80853517877739334,0,0.62410011040788049,4.9856525817244445e-08,12,3.9885220653795556e-07,0.05,lower
cec2022,10,200000,8,hybrid,all,holm-bonferroni,LSRTDE,MSC-CMA,51,51,810,0.68858131487889274,0.16116250314598801,0.94611383560913964,0.0010401826601815214,12,0.0062410959610891287,0.05,lower
cec2022,10,200000,9,composition,all,holm-bonferroni,LSRTDE,MSC-CMA,51,51,1555.5,0.40196078431372551,229.2843827084871,229.2843827084871,0.0023330745840213296,12,0.011665372920106647,0.05,higher
cec2022,10,200000,10,composition,all,holm-bonferroni,LSRTDE,MSC-CMA,51,51,1581,0.39215686274509809,100.17202737755815,30.176699535088574,0.060936206581155471,12,0.20586199158738097,0.05,not significant
cec2022,10,200000,11,composition,all,holm-bonferroni,LSRTDE,MSC-CMA,51,51,0,1,0,0,6.8783405764501598e-19,12,7.5661746340951758e-18,0.05,lower
cec2022,10,200000,12,composition,all,holm-bonferroni,LSRTDE,MSC-CMA,51,51,2571,0.011534025374855816,164.92194156800042,163.1891255617611,3.916238753821548e-18,12,3.9162387538215479e-17,0.05,higher
cec2022,10,200000,1,basic,all,holm-bonferroni,NLSHADE-RSP,MSC-CMA,51,51,969,0.62745098039215685,0,0,0.001320838035987015,12,0.0039625141079610449,0.05,lower
cec2022,10,200000,2,basic,all,holm-bonferroni,NLSHADE-RSP,MSC-CMA,51,51,1661,0.36139946174548254,0,0,0.0073087838358582196,12,0.014617567671716439,0.05,higher
cec2022,10,200000,3,basic,all,holm-bonferroni,NLSHADE-RSP,MSC-CMA,51,51,0,1,0,0.0037168849278259586,1.3905886961424435e-20,12,1.6687064353709324e-19,0.05,lower
cec2022,10,200000,4,basic,all,holm-bonferroni,NLSHADE-RSP,MSC-CMA,51,51,2601,0,10.985647803277402,0,1.7034563012303503e-18,12,1.7034563012303504e-17,0.05,higher
cec2022,10,200000,5,basic,all,holm-bonferroni,NLSHADE-RSP,MSC-CMA,51,51,738,0.7162629757785467,0,0,1.6563878143147462e-06,12,9.9383268858884768e-06,0.05,lower
cec2022,10,200000,6,hybrid,all,holm-bonferroni,NLSHADE-RSP,MSC-CMA,51,51,659,0.74663590926566703,0.30803920827634101,0.47236996505171192,1.7865267987747695e-05,12,7.1461071950990778e-05,0.05,lower
cec2022,10,200000,7,hybrid,all,holm-bonferroni,NLSHADE-RSP,MSC-CMA,51,51,136,0.94771241830065356,0,0.62410011040788049,3.2392586956763795e-15,12,2.5914069565411036e-14,0.05,lower
cec2022,10,200000,8,hybrid,all,holm-bonferroni,NLSHADE-RSP,MSC-CMA,51,51,135,0.94809688581314877,0.074262231454667926,0.94611383560913964,6.3394205532798461e-15,12,4.4375943872958925e-14,0.05,lower
cec2022,10,200000,9,composition,all,holm-bonferroni,NLSHADE-RSP,MSC-CMA,51,51,1494.5,0.42541330257593235,229.2843827084871,229.2843827084871,0.030398601803495483,12,0.030398601803495483,0.05,higher
cec2022,10,200000,10,composition,all,holm-bonferroni,NLSHADE-RSP,MSC-CMA,51,51,62,0.97616301422529794,0.062454575449919503,30.176699535088574,6.9346627667464618e-17,12,6.2411964900718151e-16,0.05,lower
cec2022,10,200000,11,composition,all,holm-bonferroni,NLSHADE-RSP,MSC-CMA,51,51,0,1,0,0,2.7846986654790197e-20,12,3.0631685320269217e-19,0.05,lower
cec2022,10,200000,12,composition,all,holm-bonferroni,NLSHADE-RSP,MSC-CMA,51,51,1991.5,0.23433294886582079,163.71484954932885,163.1891255617611,3.3329198920424008e-06,12,1.6664599460212005e-05,0.05,higher
cec2022,10,200000,1,basic,all,holm-bonferroni,j2020,MSC-CMA,51,51,2541.5,0.022875816993464082,0,0,1.5716128801621896e-17,12,1.0725658440693821e-16,0.05,higher
cec2022,10,200000,2,basic,all,holm-bonferroni,j2020,MSC-CMA,51,51,2550,0.019607843137254943,1.3884209181469487e-05,0,1.5322369200991173e-17,12,1.0725658440693821e-16,0.05,higher
cec2022,10,200000,3,basic,all,holm-bonferroni,j2020,MSC-CMA,51,51,0,1,0,0.0037168849278259586,2.0520219538689993e-18,12,1.8468197584820992e-17,0.05,lower
cec2022,10,200000,4,basic,all,holm-bonferroni,j2020,MSC-CMA,51,51,2601,0,5.9697543425601225,0,1.7111137919590215e-18,12,1.7846799825471951e-17,0.05,higher
cec2022,10,200000,5,basic,all,holm-bonferroni,j2020,MSC-CMA,51,51,1667,0.35909265667051138,0,0,0.00829656854351472,12,0.02488970563054416,0.05,higher
cec2022,10,200000,6,hybrid,all,holm-bonferroni,j2020,MSC-CMA,51,51,934,0.64090734332948873,0.38668439111029329,0.47236996505171192,0.014304244098305025,12,0.02488970563054416,0.05,lower
cec2022,10,200000,7,hybrid,all,holm-bonferroni,j2020,MSC-CMA,51,51,0,1,0,0.62410011040788049,1.6224363477701774e-18,12,1.7846799825471951e-17,0.05,lower
cec2022,10,200000,8,hybrid,all,holm-bonferroni,j2020,MSC-CMA,51,51,379,0.85428681276432139,0.11159717164264293,0.94611383560913964,7.0937355401337445e-10,12,2.8374942160534978e-09,0.05,lower
cec2022,10,200000,9,composition,all,holm-bonferroni,j2020,MSC-CMA,51,51,1525,0.41368704344482887,229.2843827084871,229.2843827084871,0.0096698482836617763,12,0.02488970563054416,0.05,higher
cec2022,10,200000,10,composition,all,holm-bonferroni,j2020,MSC-CMA,51,51,0,1,0.062455997721372114,30.176699535088574,3.3036815016661564e-18,12,2.6429452013329252e-17,0.05,lower
cec2022,10,200000,11,composition,all,holm-bonferroni,j2020,MSC-CMA,51,51,0,1,0,0,9.7183567906137069e-19,12,1.1662028148736448e-17,0.05,lower
cec2022,10,200000,12,composition,all,holm-bonferroni,j2020,MSC-CMA,51,51,85.5,0.96712802768166095,161.40488075874964,163.1891255617611,2.9478136163319774e-16,12,1.4739068081659888e-15,0.05,lower
cec2022,10,200000,1,basic,all,holm-bonferroni,jSO,MSC-CMA,51,51,867,0.66666666666666674,0,0,7.147198956769631e-06,12,2.8588795827078524e-05,0.05,lower
cec2022,10,200000,2,basic,all,holm-bonferroni,jSO,MSC-CMA,51,51,943.5,0.63725490196078427,0,0,0.00069202416271095188,12,0.0020760724881328557,0.05,lower
cec2022,10,200000,3,basic,all,holm-bonferroni,jSO,MSC-CMA,51,51,0,1,0,0.0037168849278259586,7.4836382850585589e-19,12,8.9803659420702706e-18,0.05,lower
cec2022,10,200000,4,basic,all,holm-bonferroni,jSO,MSC-CMA,51,51,2553.5,0.018262206843521755,1.9899181141867075,0,1.6595986032003018e-17,12,1.6595986032003018e-16,0.05,higher
cec2022,10,200000,5,basic,all,holm-bonferroni,jSO,MSC-CMA,51,51,663,0.74509803921568629,0,0,1.5380085141177387e-08,12,7.6900425705886937e-08,0.05,lower
cec2022,10,200000,6,hybrid,all,holm-bonferroni,jSO,MSC-CMA,51,51,133,0.9488658208381392,0.13601049699809664,0.47236996505171192,5.7011538303525893e-15,12,4.5609230642820715e-14,0.05,lower
cec2022,10,200000,7,hybrid,all,holm-bonferroni,jSO,MSC-CMA,51,51,268,0.89696270665128797,0,0.62410011040788049,4.9483651128038692e-12,12,2.9690190676823213e-11,0.05,lower
cec2022,10,200000,8,hybrid,all,holm-bonferroni,jSO,MSC-CMA,51,51,241,0.90734332948865826,0.17770143038205788,0.94611383560913964,1.3648029724152542e-12,12,9.5536208069067787e-12,0.05,lower
cec2022,10,200000,9,composition,all,holm-bonferroni,jSO,MSC-CMA,51,51,1555.5,0.40196078431372551,229.2843827084871,229.2843827084871,0.0023330745840213296,12,0.0046661491680426593,0.05,higher
cec2022,10,200000,10,composition,all,holm-bonferroni,jSO,MSC-CMA,51,51,1581,0.39215686274509809,100.16295697564783,30.176699535088574,0.060936206581155471,12,0.060936206581155471,0.05,not significant
cec2022,10,200000,11,composition,all,holm-bonferroni,jSO,MSC-CMA,51,51,0,1,0,0,9.4790115926052918e-19,12,1.0426912751865822e-17,0.05,lower
cec2022,10,200000,12,composition,all,holm-bonferroni,jSO,MSC-CMA,51,51,2491,0.042291426374471364,164.92194156800042,163.1891255617611,3.6424829006663288e-16,12,3.278234610599696e-15,0.05,higher
cec2022,10,200000,9,composition,composition,holm-bonferroni,ARRDE,MSC-CMA,51,51,1450.5,0.44232987312572092,229.2843827084871,229.2843827084871,0.15671846945684959,4,0.31343693891369917,0.05,not significant
cec2022,10,200000,10,composition,composition,holm-bonferroni,ARRDE,MSC-CMA,51,51,1331,0.48827374086889663,100.12735656955147,30.176699535088574,0.84086964798487318,4,0.84086964798487318,0.05,not significant
cec2022,10,200000,11,composition,composition,holm-bonferroni,ARRDE,MSC-CMA,51,51,0,1,0,0,2.2160182224067007e-19,4,8.8640728896268028e-19,0.05,lower
cec2022,10,200000,12,composition,composition,holm-bonferroni,ARRDE,MSC-CMA,51,51,178.5,0.93137254901960786,159.54377628679686,163.1891255617611,3.7158079841516489e-14,4,1.1147423952454947e-13,0.05,lower
cec2022,10,200000,9,composition,composition,holm-bonferroni,BIPOP-CMA,MSC-CMA,51,51,1555.5,0.40196078431372551,229.2843827084871,229.2843827084871,0.0023330745840213296,4,0.0069992237520639889,0.05,higher
cec2022,10,200000,10,composition,composition,holm-bonferroni,BIPOP-CMA,MSC-CMA,51,51,1641,0.36908881199538635,100.3472230098655,30.176699535088574,0.022874724586539833,4,0.045749449173079666,0.05,higher
cec2022,10,200000,11,composition,composition,holm-bonferroni,BIPOP-CMA,MSC-CMA,51,51,0,1,0,0,3.2062406265200671e-18,4,1.2824962506080268e-17,0.05,lower
cec2022,10,200000,12,composition,composition,holm-bonferroni,BIPOP-CMA,MSC-CMA,51,51,1293,0.50288350634371404,163.49483520287959,163.1891255617611,0.96181735589744632,4,0.96181735589744632,0.05,not significant
cec2022,10,200000,9,composition,composition,holm-bonferroni,LSRTDE,MSC-CMA,51,51,1555.5,0.40196078431372551,229.2843827084871,229.2843827084871,0.0023330745840213296,4,0.0046661491680426593,0.05,higher
cec2022,10,200000,10,composition,composition,holm-bonferroni,LSRTDE,MSC-CMA,51,51,1581,0.39215686274509809,100.17202737755815,30.176699535088574,0.060936206581155471,4,0.060936206581155471,0.05,not significant
cec2022,10,200000,11,composition,composition,holm-bonferroni,LSRTDE,MSC-CMA,51,51,0,1,0,0,6.8783405764501598e-19,4,2.7513362305800639e-18,0.05,lower
cec2022,10,200000,12,composition,composition,holm-bonferroni,LSRTDE,MSC-CMA,51,51,2571,0.011534025374855816,164.92194156800042,163.1891255617611,3.916238753821548e-18,4,1.1748716261464645e-17,0.05,higher
cec2022,10,200000,9,composition,composition,holm-bonferroni,NLSHADE-RSP,MSC-CMA,51,51,1494.5,0.42541330257593235,229.2843827084871,229.2843827084871,0.030398601803495483,4,0.030398601803495483,0.05,higher
cec2022,10,200000,10,composition,composition,holm-bonferroni,NLSHADE-RSP,MSC-CMA,51,51,62,0.97616301422529794,0.062454575449919503,30.176699535088574,6.9346627667464618e-17,4,2.0803988300239385e-16,0.05,lower
cec2022,10,200000,11,composition,composition,holm-bonferroni,NLSHADE-RSP,MSC-CMA,51,51,0,1,0,0,2.7846986654790197e-20,4,1.1138794661916079e-19,0.05,lower
cec2022,10,200000,12,composition,composition,holm-bonferroni,NLSHADE-RSP,MSC-CMA,51,51,1991.5,0.23433294886582079,163.71484954932885,163.1891255617611,3.3329198920424008e-06,4,6.6658397840848016e-06,0.05,higher
cec2022,10,200000,9,composition,composition,holm-bonferroni,j2020,MSC-CMA,51,51,1525,0.41368704344482887,229.2843827084871,229.2843827084871,0.0096698482836617763,4,0.0096698482836617763,0.05,higher
cec2022,10,200000,10,composition,composition,holm-bonferroni,j2020,MSC-CMA,51,51,0,1,0.062455997721372114,30.176699535088574,3.3036815016661564e-18,4,9.9110445049984689e-18,0.05,lower
cec2022,10,200000,11,composition,composition,holm-bonferroni,j2020,MSC-CMA,51,51,0,1,0,0,9.7183567906137069e-19,4,3.8873427162454828e-18,0.05,lower
cec2022,10,200000,12,composition,composition,holm-bonferroni,j2020,MSC-CMA,51,51,85.5,0.96712802768166095,161.40488075874964,163.1891255617611,2.9478136163319774e-16,4,5.8956272326639549e-16,0.05,lower
cec2022,10,200000,9,composition,composition,holm-bonferroni,jSO,MSC-CMA,51,51,1555.5,0.40196078431372551,229.2843827084871,229.2843827084871,0.0023330745840213296,4,0.0046661491680426593,0.05,higher
cec2022,10,200000,10,composition,composition,holm-bonferroni,jSO,MSC-CMA,51,51,1581,0.39215686274509809,100.16295697564783,30.176699535088574,0.060936206581155471,4,0.060936206581155471,0.05,not significant
cec2022,10,200000,11,composition,composition,holm-bonferroni,jSO,MSC-CMA,51,51,0,1,0,0,9.4790115926052918e-19,4,3.7916046370421167e-18,0.05,lower
cec2022,10,200000,12,composition,composition,holm-bonferroni,jSO,MSC-CMA,51,51,2491,0.042291426374471364,164.92194156800042,163.1891255617611,3.6424829006663288e-16,4,1.0927448701998985e-15,0.05,higher
cec2022,10,1000000,1,basic,all,holm-bonferroni,ARRDE,MSC-CMA,51,51,1275,0.50980392156862742,0,0,0.32689257978151776,12,0.98067773934455327,0.05,not significant
cec2022,10,1000000,2,basic,all,holm-bonferroni,ARRDE,MSC-CMA,51,51,1275,0.50980392156862742,0,0,0.32689257978151776,12,0.98067773934455327,0.05,not significant
cec2022,10,1000000,3,basic,all,holm-bonferroni,ARRDE,MSC-CMA,51,51,0,1,0,0.0075635516853935769,5.6097181730181909e-19,12,5.0487463557163717e-18,0.05,lower
cec2022,10,1000000,4,basic,all,holm-bonferroni,ARRDE,MSC-CMA,51,51,2081,0.199923106497501,0.99495905709329691,0,1.0761066786221367e-10,12,6.45664007173282e-10,0.05,higher
cec2022,10,1000000,5,basic,all,holm-bonferroni,ARRDE,MSC-CMA,51,51,867,0.66666666666666674,0,0,7.9589093307245722e-06,12,3.9794546653622859e-05,0.05,lower
cec2022,10,1000000,6,hybrid,all,holm-bonferroni,ARRDE,MSC-CMA,51,51,30,0.98846597462514418,0.078608951960177365,0.46696672047301035,1.9001855510256677e-17,12,1.3301298857179674e-16,0.05,lower
cec2022,10,1000000,7,hybrid,all,holm-bonferroni,ARRDE,MSC-CMA,51,51,0,1,0,6.6200482251588255e-07,3.190957540487896e-19,12,3.5100532945366859e-18,0.05,lower
cec2022,10,1000000,8,hybrid,all,holm-bonferroni,ARRDE,MSC-CMA,51,51,6,0.99769319492502884,0.0068968659838901658,0.79866966871486511,4.7026307769839093e-18,12,3.7621046215871275e-17,0.05,lower
cec2022,10,1000000,9,composition,all,holm-bonferroni,ARRDE,MSC-CMA,51,51,773,0.70280661284121493,0,100.00000000025739,0.00034131101489279122,12,0.0013652440595711649,0.05,lower
cec2022,10,1000000,10,composition,all,holm-bonferroni,ARRDE,MSC-CMA,51,51,1355,0.47904652056901187,3.789695116141047,3.7272329001384605,0.7177958165309114,12,0.98067773934455327,0.05,not significant
cec2022,10,1000000,11,composition,all,holm-bonferroni,ARRDE,MSC-CMA,51,51,0,1,0,0,3.7485048843282081e-19,12,3.748504884328208e-18,0.05,lower
cec2022,10,1000000,12,composition,all,holm-bonferroni,ARRDE,MSC-CMA,51,51,0,1,159.36873363703762,162.56737635795616,1.0531375361114414e-19,12,1.2637650433337297e-18,0.05,lower
cec2022,10,1000000,1,basic,all,holm-bonferroni,BIPOP-CMA,MSC-CMA,51,51,1275,0.50980392156862742,0,0,0.32689257978151776,12,1,0.05,not significant
cec2022,10,1000000,2,basic,all,holm-bonferroni,BIPOP-CMA,MSC-CMA,51,51,1690.5,0.35005767012687428,0,0,5.6150481225583785e-05,12,0.0003930533685790865,0.05,higher
cec2022,10,1000000,3,basic,all,holm-bonferroni,BIPOP-CMA,MSC-CMA,51,51,0,1,0,0.0075635516853935769,3.7485048843282081e-19,12,4.49820586119385e-18,0.05,lower
cec2022,10,1000000,4,basic,all,holm-bonferroni,BIPOP-CMA,MSC-CMA,51,51,1327,0.48981161091887737,0,0,0.55215873396633153,12,1,0.05,not significant
cec2022,10,1000000,5,basic,all,holm-bonferroni,BIPOP-CMA,MSC-CMA,51,51,867,0.66666666666666674,0,0,7.9589093307245722e-06,12,6.3671274645796578e-05,0.05,lower
cec2022,10,1000000,6,hybrid,all,holm-bonferroni,BIPOP-CMA,MSC-CMA,51,51,836,0.67858515955401766,0.31784749465055029,0.46696672047301035,0.0019001144925742612,12,0.011400686955445567,0.05,lower
cec2022,10,1000000,7,hybrid,all,holm-bonferroni,BIPOP-CMA,MSC-CMA,51,51,1417,0.45520953479430992,0.62409932263972223,6.6200482251588255e-07,0.43753996672917517,12,1,0.05,not significant
cec2022,10,1000000,8,hybrid,all,holm-bonferroni,BIPOP-CMA,MSC-CMA,51,51,1129,0.56593617839292576,0.69385648039542502,0.79866966871486511,0.25243583747775056,12,1,0.05,not significant
cec2022,10,1000000,9,composition,all,holm-bonferroni,BIPOP-CMA,MSC-CMA,51,51,2295,0.11764705882352944,229.2843827084871,100.00000000025739,2.7621943095288885e-14,12,2.4859748785759995e-13,0.05,higher
cec2022,10,1000000,10,composition,all,holm-bonferroni,BIPOP-CMA,MSC-CMA,51,51,2449,0.058439061899269507,100.19970344896592,3.7272329001384605,1.5512910276569678e-14,12,1.5512910276569678e-13,0.05,higher
cec2022,10,1000000,11,composition,all,holm-bonferroni,BIPOP-CMA,MSC-CMA,51,51,0,1,0,0,1.9020289656263437e-18,12,2.0922318621889782e-17,0.05,lower
cec2022,10,1000000,12,composition,all,holm-bonferroni,BIPOP-CMA,MSC-CMA,51,51,1627.5,0.37427912341407155,162.56737635795616,162.56737635795616,0.0078576235928997859,12,0.03928811796449893,0.05,higher
cec2022,10,1000000,1,basic,all,holm-bonferroni,LSRTDE,MSC-CMA,51,51,1275,0.50980392156862742,0,0,0.32689257978151776,12,0.32689257978151776,0.05,not significant
cec2022,10,1000000,2,basic,all,holm-bonferroni,LSRTDE,MSC-CMA,51,51,1639,0.36985774702037677,0,0,0.00023327081466334586,12,0.00093308325865338346,0.05,higher
cec2022,10,1000000,3,basic,all,holm-bonferroni,LSRTDE,MSC-CMA,51,51,0,1,0,0.0075635516853935769,1.9881522354074772e-20,12,2.3857826824889728e-19,0.05,lower
cec2022,10,1000000,4,basic,all,holm-bonferroni,LSRTDE,MSC-CMA,51,51,1795,0.30988081507112653,0,0,2.4804060187951526e-06,12,1.7198991333589206e-05,0.05,higher
cec2022,10,1000000,5,basic,all,holm-bonferroni,LSRTDE,MSC-CMA,51,51,867,0.66666666666666674,0,0,7.9589093307245722e-06,12,3.9794546653622859e-05,0.05,lower
cec2022,10,1000000,6,hybrid,all,holm-bonferroni,LSRTDE,MSC-CMA,51,51,802,0.69165705497885432,0.37883138520874127,0.46696672047301035,0.00085924745454115823,12,0.0025777423636234747,0.05,lower
cec2022,10,1000000,7,hybrid,all,holm-bonferroni,LSRTDE,MSC-CMA,51,51,1050,0.59630911188004609,0,6.6200482251588255e-07,0.088665930749463953,12,0.17733186149892791,0.05,not significant
cec2022,10,1000000,8,hybrid,all,holm-bonferroni,LSRTDE,MSC-CMA,51,51,596,0.7708573625528643,0.12730474203726772,0.79866966871486511,2.4569987619413149e-06,12,1.7198991333589206e-05,0.05,lower
cec2022,10,1000000,9,composition,all,holm-bonferroni,LSRTDE,MSC-CMA,51,51,2295,0.11764705882352944,229.2843827084871,100.00000000025739,2.7621943095288885e-14,12,2.2097554476231108e-13,0.05,higher
cec2022,10,1000000,10,composition,all,holm-bonferroni,LSRTDE,MSC-CMA,51,51,2601,0,100.15777744625166,3.7272329001384605,3.3036815016661564e-18,12,2.973313351499541e-17,0.05,higher
cec2022,10,1000000,11,composition,all,holm-bonferroni,LSRTDE,MSC-CMA,51,51,0,1,0,0,2.7869870666077664e-20,12,3.0656857732685431e-19,0.05,lower
cec2022,10,1000000,12,composition,all,holm-bonferroni,LSRTDE,MSC-CMA,51,51,2599,0.00076893502499042476,164.92194156800042,162.56737635795616,7.4388712520787604e-20,12,7.4388712520787609e-19,0.05,higher
cec2022,10,1000000,1,basic,all,holm-bonferroni,NLSHADE-RSP,MSC-CMA,51,51,1275,0.50980392156862742,0,0,0.32689257978151776,12,0.32689257978151776,0.05,not significant
cec2022,10,1000000,2,basic,all,holm-bonferroni,NLSHADE-RSP,MSC-CMA,51,51,1404.5,0.4600153787004998,0,0,0.089389184199856489,12,0.17877836839971298,0.05,not significant
cec2022,10,1000000,3,basic,all,holm-bonferroni,NLSHADE-RSP,MSC-CMA,51,51,0,1,0,0.0075635516853935769,1.3905886961424435e-20,12,1.6687064353709324e-19,0.05,lower
cec2022,10,1000000,4,basic,all,holm-bonferroni,NLSHADE-RSP,MSC-CMA,51,51,2601,0,7.9596674189272107,0,1.9100376730597684e-20,12,1.7190339057537917e-19,0.05,higher
cec2022,10,1000000,5,basic,all,holm-bonferroni,NLSHADE-RSP,MSC-CMA,51,51,867,0.66666666666666674,0,0,7.9589093307245722e-06,12,2.3876727992173718e-05,0.05,lower
cec2022,10,1000000,6,hybrid,all,holm-bonferroni,NLSHADE-RSP,MSC-CMA,51,51,165,0.93656286043829295,0.14225384527821916,0.46696672047301035,3.048993268025923e-14,12,1.657316585717333e-13,0.05,lower
cec2022,10,1000000,7,hybrid,all,holm-bonferroni,NLSHADE-RSP,MSC-CMA,51,51,0,1,0,6.6200482251588255e-07,1.3905886961424435e-20,12,1.6687064353709324e-19,0.05,lower
cec2022,10,1000000,8,hybrid,all,holm-bonferroni,NLSHADE-RSP,MSC-CMA,51,51,38,0.9853902345251826,0.034533001346517267,0.79866966871486511,3.0094655582329983e-17,12,2.1066258907630988e-16,0.05,lower
cec2022,10,1000000,9,composition,all,holm-bonferroni,NLSHADE-RSP,MSC-CMA,51,51,2295,0.11764705882352944,229.2843827084871,100.00000000025739,2.7621943095288885e-14,12,1.657316585717333e-13,0.05,higher
cec2022,10,1000000,10,composition,all,holm-bonferroni,NLSHADE-RSP,MSC-CMA,51,51,40,0.98462129950019228,0,3.7272329001384605,1.146364731017079e-18,12,9.1709178481366321e-18,0.05,lower
cec2022,10,1000000,11,composition,all,holm-bonferroni,NLSHADE-RSP,MSC-CMA,51,51,0,1,0,0,1.3905886961424435e-20,12,1.6687064353709324e-19,0.05,lower
cec2022,10,1000000,12,composition,all,holm-bonferroni,NLSHADE-RSP,MSC-CMA,51,51,549.5,0.78873510188389084,159.54377628679686,162.56737635795616,1.7922624435943796e-07,12,7.1690497743775184e-07,0.05,lower
cec2022,10,1000000,1,basic,all,holm-bonferroni,j2020,MSC-CMA,51,51,1326,0.49019607843137258,0,0,0.56751265905076842,12,0.56751265905076842,0.05,not significant
cec2022,10,1000000,2,basic,all,holm-bonferroni,j2020,MSC-CMA,51,51,2594.5,0.002499038831218714,0,0,2.0895920758071452e-20,12,2.1742310231290244e-19,0.05,higher
cec2022,10,1000000,3,basic,all,holm-bonferroni,j2020,MSC-CMA,51,51,0,1,0,0.0075635516853935769,1.3905886961424435e-20,12,1.6687064353709324e-19,0.05,lower
cec2022,10,1000000,4,basic,all,holm-bonferroni,j2020,MSC-CMA,51,51,2601,0,3.9798362283971755,0,1.9765736573900221e-20,12,2.1742310231290244e-19,0.05,higher
cec2022,10,1000000,5,basic,all,holm-bonferroni,j2020,MSC-CMA,51,51,1071,0.58823529411764708,0,0,0.053779716909132788,12,0.16133915072739835,0.05,not significant
cec2022,10,1000000,6,hybrid,all,holm-bonferroni,j2020,MSC-CMA,51,51,111,0.95732410611303342,0.13813778757162254,0.46696672047301035,1.7536720842862931e-15,12,8.7683604214314657e-15,0.05,lower
cec2022,10,1000000,7,hybrid,all,holm-bonferroni,j2020,MSC-CMA,51,51,0,1,0,6.6200482251588255e-07,9.2645391053559208e-19,12,5.5587234632135529e-18,0.05,lower
cec2022,10,1000000,8,hybrid,all,holm-bonferroni,j2020,MSC-CMA,51,51,379,0.85428681276432139,0.008445112677236466,0.79866966871486511,7.0937355401337445e-10,12,2.8374942160534978e-09,0.05,lower
cec2022,10,1000000,9,composition,all,holm-bonferroni,j2020,MSC-CMA,51,51,1494,0.4256055363321799,229.2843827084871,100.00000000025739,0.18143007027261404,12,0.36286014054522808,0.05,not significant
cec2022,10,1000000,10,composition,all,holm-bonferroni,j2020,MSC-CMA,51,51,0,1,0,3.7272329001384605,2.7823815248418218e-19,12,1.9476670673892752e-18,0.05,lower
cec2022,10,1000000,11,composition,all,holm-bonferroni,j2020,MSC-CMA,51,51,0,1,0,0,2.787750265500142e-20,12,2.5089752389501279e-19,0.05,lower
cec2022,10,1000000,12,composition,all,holm-bonferroni,j2020,MSC-CMA,51,51,0,1,158.6183545576755,162.56737635795616,1.6548986286038606e-19,12,1.3239189028830885e-18,0.05,lower
cec2022,10,1000000,1,basic,all,holm-bonferroni,jSO,MSC-CMA,51,51,1275,0.50980392156862742,0,0,0.32689257978151776,12,0.32689257978151776,0.05,not significant
cec2022,10,1000000,2,basic,all,holm-bonferroni,jSO,MSC-CMA,51,51,1405,0.45982314494425225,0,0,0.087750304213576713,12,0.17550060842715343,0.05,not significant
cec2022,10,1000000,3,basic,all,holm-bonferroni,jSO,MSC-CMA,51,51,0,1,0,0.0075635516853935769,6.8831868019631798e-19,12,6.1948681217668617e-18,0.05,lower
cec2022,10,1000000,4,basic,all,holm-bonferroni,jSO,MSC-CMA,51,51,2601,0,1.9899181141865938,0,7.7231775892233938e-21,12,9.2678131070680719e-20,0.05,higher
cec2022,10,1000000,5,basic,all,holm-bonferroni,jSO,MSC-CMA,51,51,867,0.66666666666666674,0,0,7.9589093307245722e-06,12,2.3876727992173718e-05,0.05,lower
cec2022,10,1000000,6,hybrid,all,holm-bonferroni,jSO,MSC-CMA,51,51,65,0.97500961168781242,0.012596238534797521,0.46696672047301035,1.3911794652540345e-16,12,8.3470767915242076e-16,0.05,lower
cec2022,10,1000000,7,hybrid,all,holm-bonferroni,jSO,MSC-CMA,51,51,0,1,0,6.6200482251588255e-07,3.3518738258014827e-19,12,3.3518738258014826e-18,0.05,lower
cec2022,10,1000000,8,hybrid,all,holm-bonferroni,jSO,MSC-CMA,51,51,95,0.9634755863129566,0.041447429720392392,0.79866966871486511,7.3408506477107292e-16,12,3.6704253238553644e-15,0.05,lower
cec2022,10,1000000,9,composition,all,holm-bonferroni,jSO,MSC-CMA,51,51,2295,0.11764705882352944,229.2843827084871,100.00000000025739,2.7621943095288885e-14,12,1.1048777238115554e-13,0.05,higher
cec2022,10,1000000,10,composition,all,holm-bonferroni,jSO,MSC-CMA,51,51,2601,0,100.03616713345491,3.7272329001384605,3.3036815016661564e-18,12,2.3125770511663096e-17,0.05,higher
cec2022,10,1000000,11,composition,all,holm-bonferroni,jSO,MSC-CMA,51,51,0,1,0,0,9.5979756386142276e-19,12,7.6783805108913821e-18,0.05,lower
cec2022,10,1000000,12,composition,all,holm-bonferroni,jSO,MSC-CMA,51,51,2599,0.00076893502499042476,164.92194156800042,162.56737635795616,3.7953603264566692e-20,12,4.1748963591023362e-19,0.05,higher
cec2022,10,1000000,9,composition,composition,holm-bonferroni,ARRDE,MSC-CMA,51,51,773,0.70280661284121493,0,100.00000000025739,0.00034131101489279122,4,0.00068262202978558245,0.05,lower
cec2022,10,1000000,10,composition,composition,holm-bonferroni,ARRDE,MSC-CMA,51,51,1355,0.47904652056901187,3.789695116141047,3.7272329001384605,0.7177958165309114,4,0.7177958165309114,0.05,not significant
cec2022,10,1000000,11,composition,composition,holm-bonferroni,ARRDE,MSC-CMA,51,51,0,1,0,0,3.7485048843282081e-19,4,1.1245514652984625e-18,0.05,lower
cec2022,10,1000000,12,composition,composition,holm-bonferroni,ARRDE,MSC-CMA,51,51,0,1,159.36873363703762,162.56737635795616,1.0531375361114414e-19,4,4.2125501444457655e-19,0.05,lower
cec2022,10,1000000,9,composition,composition,holm-bonferroni,BIPOP-CMA,MSC-CMA,51,51,2295,0.11764705882352944,229.2843827084871,100.00000000025739,2.7621943095288885e-14,4,5.524388619057777e-14,0.05,higher
cec2022,10,1000000,10,composition,composition,holm-bonferroni,BIPOP-CMA,MSC-CMA,51,51,2449,0.058439061899269507,100.19970344896592,3.7272329001384605,1.5512910276569678e-14,4,4.653873082970903e-14,0.05,higher
cec2022,10,1000000,11,composition,composition,holm-bonferroni,BIPOP-CMA,MSC-CMA,51,51,0,1,0,0,1.9020289656263437e-18,4,7.6081158625053748e-18,0.05,lower
cec2022,10,1000000,12,composition,composition,holm-bonferroni,BIPOP-CMA,MSC-CMA,51,51,1627.5,0.37427912341407155,162.56737635795616,162.56737635795616,0.0078576235928997859,4,0.0078576235928997859,0.05,higher
cec2022,10,1000000,9,composition,composition,holm-bonferroni,LSRTDE,MSC-CMA,51,51,2295,0.11764705882352944,229.2843827084871,100.00000000025739,2.7621943095288885e-14,4,2.7621943095288885e-14,0.05,higher
cec2022,10,1000000,10,composition,composition,holm-bonferroni,LSRTDE,MSC-CMA,51,51,2601,0,100.15777744625166,3.7272329001384605,3.3036815016661564e-18,4,6.6073630033323129e-18,0.05,higher
cec2022,10,1000000,11,composition,composition,holm-bonferroni,LSRTDE,MSC-CMA,51,51,0,1,0,0,2.7869870666077664e-20,4,1.1147948266431066e-19,0.05,lower
cec2022,10,1000000,12,composition,composition,holm-bonferroni,LSRTDE,MSC-CMA,51,51,2599,0.00076893502499042476,164.92194156800042,162.56737635795616,7.4388712520787604e-20,4,2.2316613756236279e-19,0.05,higher
cec2022,10,1000000,9,composition,composition,holm-bonferroni,NLSHADE-RSP,MSC-CMA,51,51,2295,0.11764705882352944,229.2843827084871,100.00000000025739,2.7621943095288885e-14,4,5.524388619057777e-14,0.05,higher
cec2022,10,1000000,10,composition,composition,holm-bonferroni,NLSHADE-RSP,MSC-CMA,51,51,40,0.98462129950019228,0,3.7272329001384605,1.146364731017079e-18,4,3.439094193051237e-18,0.05,lower
cec2022,10,1000000,11,composition,composition,holm-bonferroni,NLSHADE-RSP,MSC-CMA,51,51,0,1,0,0,1.3905886961424435e-20,4,5.5623547845697742e-20,0.05,lower
cec2022,10,1000000,12,composition,composition,holm-bonferroni,NLSHADE-RSP,MSC-CMA,51,51,549.5,0.78873510188389084,159.54377628679686,162.56737635795616,1.7922624435943796e-07,4,1.7922624435943796e-07,0.05,lower
cec2022,10,1000000,9,composition,composition,holm-bonferroni,j2020,MSC-CMA,51,51,1494,0.4256055363321799,229.2843827084871,100.00000000025739,0.18143007027261404,4,0.18143007027261404,0.05,not significant
cec2022,10,1000000,10,composition,composition,holm-bonferroni,j2020,MSC-CMA,51,51,0,1,0,3.7272329001384605,2.7823815248418218e-19,4,5.5647630496836437e-19,0.05,lower
cec2022,10,1000000,11,composition,composition,holm-bonferroni,j2020,MSC-CMA,51,51,0,1,0,0,2.787750265500142e-20,4,1.1151001062000568e-19,0.05,lower
cec2022,10,1000000,12,composition,composition,holm-bonferroni,j2020,MSC-CMA,51,51,0,1,158.6183545576755,162.56737635795616,1.6548986286038606e-19,4,4.9646958858115819e-19,0.05,lower
cec2022,10,1000000,9,composition,composition,holm-bonferroni,jSO,MSC-CMA,51,51,2295,0.11764705882352944,229.2843827084871,100.00000000025739,2.7621943095288885e-14,4,2.7621943095288885e-14,0.05,higher
cec2022,10,1000000,10,composition,composition,holm-bonferroni,jSO,MSC-CMA,51,51,2601,0,100.03616713345491,3.7272329001384605,3.3036815016661564e-18,4,6.6073630033323129e-18,0.05,higher
cec2022,10,1000000,11,composition,composition,holm-bonferroni,jSO,MSC-CMA,51,51,0,1,0,0,9.5979756386142276e-19,4,2.8793926915842683e-18,0.05,lower
cec2022,10,1000000,12,composition,composition,holm-bonferroni,jSO,MSC-CMA,51,51,2599,0.00076893502499042476,164.92194156800042,162.56737635795616,3.7953603264566692e-20,4,1.5181441305826677e-19,0.05,higher
cec2022,20,1000000,1,basic,all,holm-bonferroni,ARRDE,MSC-CMA,51,51,790.5,0.69607843137254899,0,0,3.797427937791664e-05,12,0.00022784567626749986,0.05,lower
cec2022,20,1000000,2,basic,all,holm-bonferroni,ARRDE,MSC-CMA,51,51,1134.5,0.56382160707420215,0,0,0.20673216541773287,12,0.20673216541773287,0.05,not significant
cec2022,20,1000000,3,basic,all,holm-bonferroni,ARRDE,MSC-CMA,51,51,0,1,0,0.027154057125699183,3.836583704452334e-20,12,4.6039004453428011e-19,0.05,lower
cec2022,20,1000000,4,basic,all,holm-bonferroni,ARRDE,MSC-CMA,51,51,2351.5,0.095924644367550993,2.9848771712798907,0.99495905709341059,7.5980287774090062e-13,12,6.078423021927205e-12,0.05,higher
cec2022,20,1000000,5,basic,all,holm-bonferroni,ARRDE,MSC-CMA,51,51,484.5,0.81372549019607843,0,0.089528250416492483,3.2009082056022217e-11,12,2.2406357439215553e-10,0.05,lower
cec2022,20,1000000,6,hybrid,all,holm-bonferroni,ARRDE,MSC-CMA,51,51,1045,0.59823144944252205,0.49953707094891797,0.58081117629171786,0.0878889164381539,12,0.1757778328763078,0.05,not significant
cec2022,20,1000000,7,hybrid,all,holm-bonferroni,ARRDE,MSC-CMA,51,51,711,0.72664359861591699,1.6204956391939049,19.999414385977843,8.07583605800781e-05,12,0.00040379180290039051,0.05,lower
cec2022,20,1000000,8,hybrid,all,holm-bonferroni,ARRDE,MSC-CMA,51,51,818,0.68550557477893115,20.19420075424614,20.781165777463684,0.001255838328243254,12,0.0050233533129730159,0.05,lower
cec2022,20,1000000,9,composition,all,holm-bonferroni,ARRDE,MSC-CMA,51,51,1530,0.41176470588235292,180.78127167774664,180.78127167774664,0.0079704732213371869,12,0.023911419664011561,0.05,higher
cec2022,20,1000000,10,composition,all,holm-bonferroni,ARRDE,MSC-CMA,51,51,2476,0.048058439061899216,100.20375871821489,18.597728963794907,3.7226227932360479e-15,12,3.7226227932360479e-14,0.05,higher
cec2022,20,1000000,11,composition,all,holm-bonferroni,ARRDE,MSC-CMA,51,51,204,0.92156862745098045,0,0,4.3612531495910815e-14,12,3.9251278346319736e-13,0.05,lower
cec2022,20,1000000,12,composition,all,holm-bonferroni,ARRDE,MSC-CMA,51,51,0,1,231.73722466443951,235.65492041127527,1.8088220163152278e-18,12,1.9897042179467507e-17,0.05,lower
cec2022,20,1000000,1,basic,all,holm-bonferroni,BIPOP-CMA,MSC-CMA,51,51,586.5,0.77450980392156865,0,0,6.5084383700789338e-10,12,5.206750696063147e-09,0.05,lower
cec2022,20,1000000,2,basic,all,holm-bonferroni,BIPOP-CMA,MSC-CMA,51,51,1948.5,0.25086505190311414,0,0,4.4511610421654549e-06,12,2.670696625299273e-05,0.05,higher
cec2022,20,1000000,3,basic,all,holm-bonferroni,BIPOP-CMA,MSC-CMA,51,51,0,1,0,0.027154057125699183,1.4679169267329209e-18,12,1.7615003120795051e-17,0.05,lower
cec2022,20,1000000,4,basic,all,holm-bonferroni,BIPOP-CMA,MSC-CMA,51,51,1730,0.33487120338331411,1.9899181141865938,0.99495905709341059,0.0032508795930644152,12,0.013003518372257661,0.05,higher
cec2022,20,1000000,5,basic,all,holm-bonferroni,BIPOP-CMA,MSC-CMA,51,51,484.5,0.81372549019607843,0,0.089528250416492483,3.2009082056022217e-11,12,2.8808173850419994e-10,0.05,lower
cec2022,20,1000000,6,hybrid,all,holm-bonferroni,BIPOP-CMA,MSC-CMA,51,51,2359,0.093041138023836956,11.896818278293949,0.58081117629171786,1.4323738838753284e-12,12,1.5756112722628612e-11,0.05,higher
cec2022,20,1000000,7,hybrid,all,holm-bonferroni,BIPOP-CMA,MSC-CMA,51,51,1947,0.25144175317185702,20.312173164031947,19.999414385977843,1.5358083938171763e-05,12,7.6790419690858809e-05,0.05,higher
cec2022,20,1000000,8,hybrid,all,holm-bonferroni,BIPOP-CMA,MSC-CMA,51,51,1068,0.58938869665513272,20.648207967951294,20.781165777463684,0.1204928855838005,12,0.240985771167601,0.05,not significant
cec2022,20,1000000,9,composition,all,holm-bonferroni,BIPOP-CMA,MSC-CMA,51,51,1176,0.54786620530565167,180.78127167774664,180.78127167774664,0.026527633257255719,12,0.079582899771767163,0.05,not significant
cec2022,20,1000000,10,composition,all,holm-bonferroni,BIPOP-CMA,MSC-CMA,51,51,2338,0.10111495578623608,35.052783240233566,18.597728963794907,3.9116425911157708e-12,12,3.9116425911157708e-11,0.05,higher
cec2022,20,1000000,11,composition,all,holm-bonferroni,BIPOP-CMA,MSC-CMA,51,51,585,0.77508650519031141,0,0,1.707327365756782e-06,12,1.1951291560297474e-05,0.05,lower
cec2022,20,1000000,12,composition,all,holm-bonferroni,BIPOP-CMA,MSC-CMA,51,51,1474.5,0.43310265282583627,235.65492041127527,235.65492041127527,0.22149148137124897,12,0.240985771167601,0.05,not significant
cec2022,20,1000000,1,basic,all,holm-bonferroni,LSRTDE,MSC-CMA,51,51,586.5,0.77450980392156865,0,0,6.5084383700789338e-10,12,4.5559068590552534e-09,0.05,lower
cec2022,20,1000000,2,basic,all,holm-bonferroni,LSRTDE,MSC-CMA,51,51,2601,0,44.895469317451273,0,5.8845130088520678e-21,12,7.0614156106224811e-20,0.05,higher
cec2022,20,1000000,3,basic,all,holm-bonferroni,LSRTDE,MSC-CMA,51,51,0,1,0,0.027154057125699183,1.8092595012025518e-19,12,1.9901854513228068e-18,0.05,lower
cec2022,20,1000000,4,basic,all,holm-bonferroni,LSRTDE,MSC-CMA,51,51,890.5,0.65763168012302953,0.99495905709329691,0.99495905709341059,0.0049036274132420654,12,0.019614509652968262,0.05,lower
cec2022,20,1000000,5,basic,all,holm-bonferroni,LSRTDE,MSC-CMA,51,51,484.5,0.81372549019607843,0,0.089528250416492483,3.2009082056022217e-11,12,2.5607265644817774e-10,0.05,lower
cec2022,20,1000000,6,hybrid,all,holm-bonferroni,LSRTDE,MSC-CMA,51,51,1173,0.5490196078431373,0.5,0.58081117629171786,0.38718733604580369,12,0.69753869183547668,0.05,not significant
cec2022,20,1000000,7,hybrid,all,holm-bonferroni,LSRTDE,MSC-CMA,51,51,400,0.84621299500192237,0.31217325598140633,19.999414385977843,1.342639546122623e-09,12,8.0558372767357377e-09,0.05,lower
cec2022,20,1000000,8,hybrid,all,holm-bonferroni,LSRTDE,MSC-CMA,51,51,1441,0.44598231449442527,20.986885023224204,20.781165777463684,0.34876934591773834,12,0.69753869183547668,0.05,not significant
cec2022,20,1000000,9,composition,all,holm-bonferroni,LSRTDE,MSC-CMA,51,51,1249.5,0.51960784313725483,180.78127167774664,180.78127167774664,0.15932865355187986,12,0.47798596065563959,0.05,not significant
cec2022,20,1000000,10,composition,all,holm-bonferroni,LSRTDE,MSC-CMA,51,51,2601,0,100.2058499387249,18.597728963794907,3.3036815016661564e-18,12,3.3036815016661565e-17,0.05,higher
cec2022,20,1000000,11,composition,all,holm-bonferroni,LSRTDE,MSC-CMA,51,51,2550,0.019607843137254943,300.00000000000045,0,1.7172228289345124e-17,12,1.5455005460410612e-16,0.05,higher
cec2022,20,1000000,12,composition,all,holm-bonferroni,LSRTDE,MSC-CMA,51,51,681,0.7381776239907728,232.65773350122799,235.65492041127527,2.9359639671482963e-05,12,0.00014679819835741482,0.05,lower
cec2022,20,1000000,1,basic,all,holm-bonferroni,NLSHADE-RSP,MSC-CMA,51,51,1109,0.57362552864282967,0,0,0.14587715707059845,12,0.43878752796667875,0.05,not significant
cec2022,20,1000000,2,basic,all,holm-bonferroni,NLSHADE-RSP,MSC-CMA,51,51,2539,0.023836985774702057,44.895469317451273,0,2.9234068329765516e-17,12,2.0463847830835862e-16,0.05,higher
cec2022,20,1000000,3,basic,all,holm-bonferroni,NLSHADE-RSP,MSC-CMA,51,51,0,1,0,0.027154057125699183,5.1777011776960296e-20,12,6.2132414132352353e-19,0.05,lower
cec2022,20,1000000,4,basic,all,holm-bonferroni,NLSHADE-RSP,MSC-CMA,51,51,2601,0,49.747659013883776,0.99495905709341059,2.8393317546960661e-18,12,2.5553985792264594e-17,0.05,higher
cec2022,20,1000000,5,basic,all,holm-bonferroni,NLSHADE-RSP,MSC-CMA,51,51,848,0.67397154940407533,0,0.089528250416492483,0.00098063949626476295,12,0.0049031974813238148,0.05,lower
cec2022,20,1000000,6,hybrid,all,holm-bonferroni,NLSHADE-RSP,MSC-CMA,51,51,2576,0.0096116878123798655,41.093887748361112,0.58081117629171786,1.4235199004135164e-17,12,1.1388159203308131e-16,0.05,higher
cec2022,20,1000000,7,hybrid,all,holm-bonferroni,NLSHADE-RSP,MSC-CMA,51,51,1061,0.59207996924259898,5.5651429612503307,19.999414385977843,0.10969688199166969,12,0.43878752796667875,0.05,not significant
cec2022,20,1000000,8,hybrid,all,holm-bonferroni,NLSHADE-RSP,MSC-CMA,51,51,1171,0.54978854286812762,20.605501865539281,20.781165777463684,0.3879399786618063,12,0.77587995732361259,0.05,not significant
cec2022,20,1000000,9,composition,all,holm-bonferroni,NLSHADE-RSP,MSC-CMA,51,51,1300.5,0.5,180.78127167774664,180.78127167774664,1,12,1,0.05,not significant
cec2022,20,1000000,10,composition,all,holm-bonferroni,NLSHADE-RSP,MSC-CMA,51,51,2,0.99923106497500958,0,18.597728963794907,5.9151178932893267e-20,12,6.5066296826182592e-19,0.05,lower
cec2022,20,1000000,11,composition,all,holm-bonferroni,NLSHADE-RSP,MSC-CMA,51,51,2601,0,300,0,8.0376054989638338e-19,12,8.0376054989638334e-18,0.05,higher
cec2022,20,1000000,12,composition,all,holm-bonferroni,NLSHADE-RSP,MSC-CMA,51,51,2064,0.20645905420991928,238.38700650230476,235.65492041127527,2.6801382109440809e-07,12,1.6080829265664486e-06,0.05,higher
cec2022,20,1000000,1,basic,all,holm-bonferroni,j2020,MSC-CMA,51,51,2601,0,0,0,8.8329445451411529e-19,12,9.716238999655268e-18,0.05,higher
cec2022,20,1000000,2,basic,all,holm-bonferroni,j2020,MSC-CMA,51,51,2439,0.062283737024221408,3.6942928876453038,0,1.2609095144700357e-14,12,6.3045475723501779e-14,0.05,higher
cec2022,20,1000000,3,basic,all,holm-bonferroni,j2020,MSC-CMA,51,51,0,1,0,0.027154057125699183,1.5664659637467268e-18,12,1.5664659637467268e-17,0.05,lower
cec2022,20,1000000,4,basic,all,holm-bonferroni,j2020,MSC-CMA,51,51,2601,0,19.22392418047491,0.99495905709341059,2.839952161876697e-18,12,2.3206258136433702e-17,0.05,higher
cec2022,20,1000000,5,basic,all,holm-bonferroni,j2020,MSC-CMA,51,51,1227,0.52825836216839672,0,0.089528250416492483,0.61845294685719876,12,1,0.05,not significant
cec2022,20,1000000,6,hybrid,all,holm-bonferroni,j2020,MSC-CMA,51,51,2532,0.026528258362168433,7.2053896996885669,0.58081117629171786,1.7405878014959949e-16,12,1.0443526808975969e-15,0.05,higher
cec2022,20,1000000,7,hybrid,all,holm-bonferroni,j2020,MSC-CMA,51,51,1266,0.51326412918108422,7.3880823444699217,19.999414385977843,0.81999450082688341,12,1,0.05,not significant
cec2022,20,1000000,8,hybrid,all,holm-bonferroni,j2020,MSC-CMA,51,51,2090,0.1964628988850442,21.450142780959141,20.781165777463684,1.2879941664780425e-07,12,5.1519766659121699e-07,0.05,higher
cec2022,20,1000000,9,composition,all,holm-bonferroni,j2020,MSC-CMA,51,51,2473.5,0.049019607843137303,180.7812716777471,180.78127167774664,1.2752688365483975e-19,12,1.5303226038580769e-18,0.05,higher
cec2022,20,1000000,10,composition,all,holm-bonferroni,j2020,MSC-CMA,51,51,0,1,0.031409680505021242,18.597728963794907,3.3029654153868941e-18,12,2.3206258136433702e-17,0.05,lower
cec2022,20,1000000,11,composition,all,holm-bonferroni,j2020,MSC-CMA,51,51,2601,0,300.00000000000136,0,2.5784731262704112e-18,12,2.3206258136433702e-17,0.05,higher
cec2022,20,1000000,12,composition,all,holm-bonferroni,j2020,MSC-CMA,51,51,1245.5,0.52114571318723568,234.7001662033249,235.65492041127527,0.71325664017034529,12,1,0.05,not significant
cec2022,20,1000000,1,basic,all,holm-bonferroni,jSO,MSC-CMA,51,51,586.5,0.77450980392156865,0,0,6.5084383700789338e-10,12,3.2542191850394668e-09,0.05,lower
cec2022,20,1000000,2,basic,all,holm-bonferroni,jSO,MSC-CMA,51,51,2601,0,44.895469317451273,0,4.0107806594218445e-19,12,4.4118587253640289e-18,0.05,higher
cec2022,20,1000000,3,basic,all,holm-bonferroni,jSO,MSC-CMA,51,51,0,1,0,0.027154057125699183,1.3905886961424435e-20,12,1.6687064353709324e-19,0.05,lower
cec2022,20,1000000,4,basic,all,holm-bonferroni,jSO,MSC-CMA,51,51,2592,0.0034602076124568004,6.9647133996530783,0.99495905709341059,3.8159203056245704e-18,12,3.0527362444996563e-17,0.05,higher
cec2022,20,1000000,5,basic,all,holm-bonferroni,jSO,MSC-CMA,51,51,484.5,0.81372549019607843,0,0.089528250416492483,3.2009082056022217e-11,12,1.920544923361333e-10,0.05,lower
cec2022,20,1000000,6,hybrid,all,holm-bonferroni,jSO,MSC-CMA,51,51,899,0.65436370626682039,0.48781266675655388,0.58081117629171786,0.0072795939050633116,12,0.014559187810126623,0.05,lower
cec2022,20,1000000,7,hybrid,all,holm-bonferroni,jSO,MSC-CMA,51,51,794,0.6947327950788158,2.3081282235955314,19.999414385977843,0.00070782778571158256,12,0.0028313111428463302,0.05,lower
cec2022,20,1000000,8,hybrid,all,holm-bonferroni,jSO,MSC-CMA,51,51,813,0.6874279123414071,20.243624478629044,20.781165777463684,0.0011166841333895275,12,0.0033500524001685824,0.05,lower
cec2022,20,1000000,9,composition,all,holm-bonferroni,jSO,MSC-CMA,51,51,1275,0.50980392156862742,180.78127167774664,180.78127167774664,0.56751265905076842,12,0.56751265905076842,0.05,not significant
cec2022,20,1000000,10,composition,all,holm-bonferroni,jSO,MSC-CMA,51,51,2601,0,100.22189557185902,18.597728963794907,3.3036815016661564e-18,12,2.973313351499541e-17,0.05,higher
cec2022,20,1000000,11,composition,all,holm-bonferroni,jSO,MSC-CMA,51,51,2601,0,300.00000000000045,0,5.915382387622474e-19,12,5.915382387622474e-18,0.05,higher
cec2022,20,1000000,12,composition,all,holm-bonferroni,jSO,MSC-CMA,51,51,64,0.97539407920030752,231.80673736975405,235.65492041127527,6.3127427218748047e-17,12,4.4189199053123634e-16,0.05,lower
cec2022,20,1000000,9,composition,composition,holm-bonferroni,ARRDE,MSC-CMA,51,51,1530,0.41176470588235292,180.78127167774664,180.78127167774664,0.0079704732213371869,4,0.0079704732213371869,0.05,higher
cec2022,20,1000000,10,composition,composition,holm-bonferroni,ARRDE,MSC-CMA,51,51,2476,0.048058439061899216,100.20375871821489,18.597728963794907,3.7226227932360479e-15,4,1.1167868379708144e-14,0.05,higher
cec2022,20,1000000,11,composition,composition,holm-bonferroni,ARRDE,MSC-CMA,51,51,204,0.92156862745098045,0,0,4.3612531495910815e-14,4,8.722506299182163e-14,0.05,lower
cec2022,20,1000000,12,composition,composition,holm-bonferroni,ARRDE,MSC-CMA,51,51,0,1,231.73722466443951,235.65492041127527,1.8088220163152278e-18,4,7.2352880652609112e-18,0.05,lower
cec2022,20,1000000,9,composition,composition,holm-bonferroni,BIPOP-CMA,MSC-CMA,51,51,1176,0.54786620530565167,180.78127167774664,180.78127167774664,0.026527633257255719,4,0.053055266514511437,0.05,not significant
cec2022,20,1000000,10,composition,composition,holm-bonferroni,BIPOP-CMA,MSC-CMA,51,51,2338,0.10111495578623608,35.052783240233566,18.597728963794907,3.9116425911157708e-12,4,1.5646570364463083e-11,0.05,higher
cec2022,20,1000000,11,composition,composition,holm-bonferroni,BIPOP-CMA,MSC-CMA,51,51,585,0.77508650519031141,0,0,1.707327365756782e-06,4,5.1219820972703458e-06,0.05,lower
cec2022,20,1000000,12,composition,composition,holm-bonferroni,BIPOP-CMA,MSC-CMA,51,51,1474.5,0.43310265282583627,235.65492041127527,235.65492041127527,0.22149148137124897,4,0.22149148137124897,0.05,not significant
cec2022,20,1000000,9,composition,composition,holm-bonferroni,LSRTDE,MSC-CMA,51,51,1249.5,0.51960784313725483,180.78127167774664,180.78127167774664,0.15932865355187986,4,0.15932865355187986,0.05,not significant
cec2022,20,1000000,10,composition,composition,holm-bonferroni,LSRTDE,MSC-CMA,51,51,2601,0,100.2058499387249,18.597728963794907,3.3036815016661564e-18,4,1.3214726006664626e-17,0.05,higher
cec2022,20,1000000,11,composition,composition,holm-bonferroni,LSRTDE,MSC-CMA,51,51,2550,0.019607843137254943,300.00000000000045,0,1.7172228289345124e-17,4,5.1516684868035369e-17,0.05,higher
cec2022,20,1000000,12,composition,composition,holm-bonferroni,LSRTDE,MSC-CMA,51,51,681,0.7381776239907728,232.65773350122799,235.65492041127527,2.9359639671482963e-05,4,5.8719279342965925e-05,0.05,lower
cec2022,20,1000000,9,composition,composition,holm-bonferroni,NLSHADE-RSP,MSC-CMA,51,51,1300.5,0.5,180.78127167774664,180.78127167774664,1,4,1,0.05,not significant
cec2022,20,1000000,10,composition,composition,holm-bonferroni,NLSHADE-RSP,MSC-CMA,51,51,2,0.99923106497500958,0,18.597728963794907,5.9151178932893267e-20,4,2.3660471573157307e-19,0.05,lower
cec2022,20,1000000,11,composition,composition,holm-bonferroni,NLSHADE-RSP,MSC-CMA,51,51,2601,0,300,0,8.0376054989638338e-19,4,2.4112816496891503e-18,0.05,higher
cec2022,20,1000000,12,composition,composition,holm-bonferroni,NLSHADE-RSP,MSC-CMA,51,51,2064,0.20645905420991928,238.38700650230476,235.65492041127527,2.6801382109440809e-07,4,5.3602764218881618e-07,0.05,higher
cec2022,20,1000000,9,composition,composition,holm-bonferroni,j2020,MSC-CMA,51,51,2473.5,0.049019607843137303,180.7812716777471,180.78127167774664,1.2752688365483975e-19,4,5.1010753461935899e-19,0.05,higher
cec2022,20,1000000,10,composition,composition,holm-bonferroni,j2020,MSC-CMA,51,51,0,1,0.031409680505021242,18.597728963794907,3.3029654153868941e-18,4,7.7354193788112328e-18,0.05,lower
cec2022,20,1000000,11,composition,composition,holm-bonferroni,j2020,MSC-CMA,51,51,2601,0,300.00000000000136,0,2.5784731262704112e-18,4,7.7354193788112328e-18,0.05,higher
cec2022,20,1000000,12,composition,composition,holm-bonferroni,j2020,MSC-CMA,51,51,1245.5,0.52114571318723568,234.7001662033249,235.65492041127527,0.71325664017034529,4,0.71325664017034529,0.05,not significant
cec2022,20,1000000,9,composition,composition,holm-bonferroni,jSO,MSC-CMA,51,51,1275,0.50980392156862742,180.78127167774664,180.78127167774664,0.56751265905076842,4,0.56751265905076842,0.05,not significant
cec2022,20,1000000,10,composition,composition,holm-bonferroni,jSO,MSC-CMA,51,51,2601,0,100.22189557185902,18.597728963794907,3.3036815016661564e-18,4,9.9110445049984689e-18,0.05,higher
cec2022,20,1000000,11,composition,composition,holm-bonferroni,jSO,MSC-CMA,51,51,2601,0,300.00000000000045,0,5.915382387622474e-19,4,2.3661529550489896e-18,0.05,higher
cec2022,20,1000000,12,composition,composition,holm-bonferroni,jSO,MSC-CMA,51,51,64,0.97539407920030752,231.80673736975405,235.65492041127527,6.3127427218748047e-17,4,1.2625485443749609e-16,0.05,lower
