func,n_runs,maxevals,mean,median,std,best,worst,elapsed_sec
f23,51,10000000,0.22585651693479497,0.0,1.5970467469974212,0.0,11.518682363672724,94.4
f24,51,10000000,17.541736022858352,4.725330503504665,33.07807499981068,0.689221950089177,100.0,
f25,51,10000000,100.0,100.0,0.0,100.0,100.0,
f26,51,10000000,96.08497966501541,100.00785864595764,11.981852414029706,34.258840275436796,100.01694079546542,
f27,51,10000000,0.0034919847509145793,0.002826171045398951,0.002542575373095751,0.0004660095337385428,0.014792227206271491,
f28,51,10000000,88.23564973640002,100.0,32.21910383219964,0.0,100.00319607153733,
f29,51,10000000,124.03356393767633,131.7459591484153,23.801550949834873,100.0,203.2736141303044,
f30,51,10000000,295.1487190575294,293.787416433589,49.61785958445937,213.03711923932042,454.2889929277899,
