func,n_runs,maxevals,mean,median,std,best,worst,elapsed_sec
f1,51,20000,0.0,0.0,0.0,0.0,0.0,0.4
f2,51,20000,0.0,0.0,0.0,0.0,0.0,0.1
f3,51,20000,0.0,0.0,0.0,0.0,0.0,0.1
f4,51,20000,0.0,0.0,0.0,0.0,0.0,0.1
f5,51,20000,0.0,0.0,0.0,0.0,0.0,0.1
f9,51,20000,0.0,0.0,0.0,0.0,0.0,0.1
f10,51,20000,5.882381866434383,0.0,23.529527466025428,0.0,100.00115560036784,0.1
f11,51,20000,0.0,0.0,0.0,0.0,0.0,0.1
f12,51,20000,3.574492510262073e-10,2.2737367544323206e-12,1.2738189773560192e-09,0.0,8.80072548170574e-09,0.2
