func,n_runs,maxevals,mean,median,std,best,worst,elapsed_sec
f9,51,20000000,180.78127167774662,180.78127167774664,1.2038590837963466e-13,180.78127167774664,180.7812716777471,4653.0
f10,51,20000000,8.634154030714523,8.725111722502334,2.3446689993334093,3.5088374399210807,12.71396960423408,4173.5
f12,51,20000000,232.9448707634897,232.84704925925143,0.8142600123062665,231.9758017400245,235.3038417086782,4838.3
