func,n_runs,maxevals,mean,median,std,best,worst,elapsed_sec
f1,51,20000,0.0,0.0,0.0,0.0,0.0,0.5
f2,51,20000,0.0,0.0,0.0,0.0,0.0,0.2
f3,51,20000,9.585360827508803e-14,0.0,2.0308556546779205e-13,0.0,1.2505552149377763e-12,0.2
f4,51,20000,0.0,0.0,0.0,0.0,0.0,0.2
f5,51,20000,0.0,0.0,0.0,0.0,0.0,0.2
f9,51,20000,1.7833229446528004e-13,0.0,2.395899519698159e-13,0.0,9.094947017729282e-13,0.2
f10,51,20000,0.01836827649892667,4.547473508864641e-13,0.09603164962397862,0.0,0.624520298587413,0.2
f11,51,20000,1.5158245029548803e-13,0.0,2.1436995702562478e-13,0.0,4.547473508864641e-13,0.2
f12,51,20000,1.0013358334225474e-10,4.547473508864641e-13,3.707878174922846e-10,0.0,2.1650521375704557e-09,0.2
