func,n_runs,maxevals,mean,median,std,best,worst,elapsed_sec
f23,51,300000,134.1414310833469,100.00000000000045,97.0479336022638,4.547473508864641e-13,329.4574747107131,3.1
f24,51,300000,102.21273780981824,100.00000000000045,2.909388282317613,100.0,108.11352037037977,2.8
f25,51,300000,108.55629073970329,112.28322092008966,6.288684167556337,100.00000000000045,118.75451038325718,3.0
f26,51,300000,99.56176326927245,100.01827067893464,3.2512147480220177,76.572305290048,100.05407804742254,22.1
f27,51,300000,0.6769213040825515,0.6101482635476714,0.24691472290744665,0.3315562483708163,1.5191556129598212,22.0
f28,51,300000,266.06410074491345,356.82687929708663,122.70198381524712,100.00666453711892,368.8502507954472,3.3
f29,51,300000,191.72697442840894,217.52453410077624,36.68085335978605,131.74600002076022,221.83142081298956,6.5
f30,51,300000,444.0808641998829,462.30681580187684,40.14426902721539,285.86333869331247,462.7611770362096,3.7
