func,n_runs,maxevals,mean,median,std,best,worst,elapsed_sec
f9,51,5000000,180.78127167774664,180.78127167774664,1.4238691871586285e-13,180.78127167774664,180.7812716777471,1169.5
f10,51,5000000,12.704118088837545,12.682732019886316,3.139981742315386,6.92387747822022,19.35886285437664,1092.5
f11,51,5000000,7.44465996474758e-10,6.834852683823556e-10,2.2241012188498857e-10,3.8698999560438097e-10,1.2882992450613528e-09,1015.4
f12,51,5000000,233.97464577707458,234.08671369109197,1.0329279185116604,231.84804700129098,235.6864648425385,1234.3
