func,n_runs,maxevals,mean,median,std,best,worst,elapsed_sec
f1,51,20000,0.0,0.0,0.0,0.0,0.0,0.3
f2,51,20000,0.10405775199380211,0.0,0.18199172880368017,0.0,0.6243465119628127,0.1
f3,51,20000,1.2261348939018983,2.0163302656154656,0.9649802906356534,0.0,2.069383771961725,0.1
f4,51,20000,0.0,0.0,0.0,0.0,0.0,0.1
f8,51,20000,0.0,0.0,0.0,0.0,0.0,0.1
f9,51,20000,71.24167874057011,100.0,43.70126770359855,0.0,100.0,0.1
f10,51,20000,23.529411764705884,0.0,42.41825029957634,0.0,100.0,0.1
