func,n_runs,maxevals,mean,median,std,best,worst,elapsed_sec
f1,51,20000,0.0,0.0,0.0,0.0,0.0,5.4
f2,51,20000,0.09794435348665359,0.0,0.14484518474081096,0.0,0.3121732559816337,3.5
f3,51,20000,1.5635158634705726,2.0163302656154656,0.7040778882303692,0.0,2.220964623230998,3.6
f4,51,20000,0.0,0.0,0.0,0.0,0.0,3.5
f8,51,20000,8.916614723264002e-15,0.0,6.304998736047787e-14,0.0,4.547473508864641e-13,3.5
f9,51,20000,39.09454814269609,2.9494913178496063e-09,45.79575501120294,9.094947017729282e-13,100.00000000000091,3.4
f10,51,20000,0.8599935778297906,2.2737367544323206e-12,6.081072906040281,0.0,43.85967246533846,3.8
