func,n_runs,maxevals,mean,median,std,best,worst,elapsed_sec
f1,51,20000,0.0,0.0,0.0,0.0,0.0,0.4
f2,51,20000,0.0,0.0,0.0,0.0,0.0,0.1
f3,51,20000,0.09858077624165153,0.0,0.41125089817414556,0.0,2.0163302656154656,0.1
f4,51,20000,0.0,0.0,0.0,0.0,0.0,0.1
f8,51,20000,0.0,0.0,0.0,0.0,0.0,0.1
f9,51,20000,0.0,0.0,0.0,0.0,0.0,0.1
f10,51,20000,0.0,0.0,0.0,0.0,0.0,0.1
