func,n_runs,maxevals,mean,median,std,best,worst,elapsed_sec
f8,51,2000000,95.5669184718128,100.00000000000045,15.888090397695144,20.341955484256687,100.00000000000455,439.1
f9,51,2000000,274.10444092163993,200.00000000001592,131.50290114013634,100.00000000000637,405.30381209211964,452.5
f10,51,2000000,411.88665086864165,413.65733976634874,2.481300336635432,399.1115732935709,413.6736498219457,427.8
