func,n_runs,maxevals,mean,median,std,best,worst,elapsed_sec
f8,51,40000000,88.70838696218436,100.0,21.034643569768242,4.547473508864641e-13,100.00000000000045,494.4
f9,51,40000000,98.03921741385146,100.0,13.864839091116702,0.0,100.00008810641702,600.3
f10,51,40000000,402.1493727658386,399.06650678992537,5.882339957905936,399.0079535228456,413.65843874464827,834.2
