func,n_runs,maxevals,mean,median,std,best,worst,elapsed_sec
f2,51,160000,5.579082735628815,5.171005262966612,1.992955255762509,2.3421629844594265,11.025841952095961,
