func,n_runs,maxevals,mean,median,std,best,worst,elapsed_sec
f20,51,100000,12.101669035541558,17.22869822255393,8.91776844954975,9.127953921961307e-05,21.619373829993265,53.7
