func,n_runs,maxevals,mean,median,std,best,worst,elapsed_sec
f8,51,40000000,100.00000000000021,100.0,2.2698149379883288e-13,100.0,100.00000000000045,471.3
f9,51,40000000,358.5050237011464,377.2991425173659,38.169340904261176,300.0,398.53579398825514,544.5
f10,51,40000000,413.65962378245626,413.65733976634874,0.0052808345454266135,413.65733976634874,413.67435395269604,585.1
