func,n_runs,maxevals,mean,median,std,best,worst,elapsed_sec
f9,51,10000000,229.2843827084871,229.2843827084871,0.0,229.2843827084871,229.2843827084871,585.8
f10,51,10000000,49.01665049705698,26.949102170431615,40.48633994733757,3.66477901550752,100.35208156291401,1182.9
f11,51,10000000,1.5158245029548805e-12,1.3642420526593924e-12,4.191757388639206e-13,9.094947017729282e-13,2.2737367544323206e-12,390.1
f12,51,10000000,162.67742862993052,162.56737635795616,0.4439221236153903,161.4352676774106,163.49483520287959,821.2
