func,n_runs,maxevals,mean,median,std,best,worst,elapsed_sec
f9,51,5000000,180.78127167774662,180.78127167774664,2.842170943040401e-14,180.78127167774664,180.78127167774664,58.2
f10,51,5000000,6.31578858111316,0.0,23.585027528770695,0.0,100.3171712481012,58.6
f11,51,5000000,247.05882370156957,300.0,114.36601195294128,0.0,300.0,94.1
f12,51,5000000,235.51672068866367,235.26931580204564,3.0456219921231167,228.83960200550882,241.64801254131362,157.6
