func,n_runs,maxevals,mean,median,std,best,worst,elapsed_sec
f4,51,100000,3.030355739013603,2.9848771712798694,1.737440195046981,0.0,6.9647083618339565,22.7
f5,51,100000,0.00989894701729095,0.009857284607820649,0.009216906347465288,0.0,0.03201591380356805,24.3
f6,51,100000,3.4515669562447706,3.5803375673435625,1.324690691204802,0.0001129686223642068,5.7599957584307795,32.9
f7,51,100000,44.55612548003928,14.772510004617288,69.8821825190481,0.24981776415461354,309.34365992200446,20.2
f8,51,100000,3.18780315001407,3.2622315304872718,0.305504611957585,2.181551910495545,3.672707454791407,21.6
f9,51,100000,0.37344968623891645,0.3181529203350757,0.2051572313906424,0.06861669001948734,0.9625516174686357,33.7
f10,51,100000,20.130620729650662,19.999999969672544,0.1751771586516919,19.99836891843714,20.506816889577067,22.1
