func,n_runs,maxevals,mean,median,std,best,worst,elapsed_sec
f8,51,2000000,94.28677133809916,100.00000000000045,14.272510136289021,48.77876710843884,100.00000000000045,28.7
f9,51,2000000,183.27395757282548,100.00000000000045,123.03960196272867,100.00000000000045,400.4936389002901,29.8
f10,51,2000000,400.06967158534763,399.06650678992537,2.2984432896054843,399.0079535228456,410.11540977331833,28.1
