func,n_runs,maxevals,mean,median,std,best,worst,elapsed_sec
f1,51,20000,8.359326303060002e-15,0.0,3.0592545661563905e-14,0.0,1.7053025658242404e-13,0.7
f2,51,20000,0.25065787140892204,0.31217817054152874,0.1987870193875045,4.547473508864641e-13,0.6509464815285355,0.4
f3,51,20000,0.2249710237542741,0.02274096617475152,0.3674785211921279,9.55066275309946e-06,1.1133660336905677,0.4
f4,51,20000,0.0001948768331381942,2.758042683126405e-10,0.00137577389122462,0.0,0.009923060432583952,0.4
f8,51,20000,0.0,0.0,0.0,0.0,0.0,0.5
f9,51,20000,2.4606623460272736,0.9283322531077829,4.18226789855045,4.547473508864641e-13,21.063392694607955,0.4
f10,51,20000,0.27237725846712507,0.021502546738247474,0.77377718646364,0.0,5.301884933582187,0.4
