func,n_runs,maxevals,mean,median,std,best,worst,elapsed_sec
f8,51,40000000,93.60613415808717,100.00000000000045,20.67076532905928,4.547473508864641e-12,100.00000000000455,1322.5
f9,51,40000000,218.46400616426342,200.00000000000455,121.22000850488342,100.00000000000591,404.5298312001614,1381.9
f10,51,40000000,411.75089065630993,413.65733976634874,2.474338582605365,399.1115732935709,413.6736498219457,1045.4
