func,n_runs,maxevals,mean,median,std,best,worst,elapsed_sec
f1,51,20000,0.0,0.0,0.0,0.0,0.0,0.4
f2,51,20000,0.0,0.0,0.0,0.0,0.0,0.1
f3,51,20000,5.642679627949381e-07,0.0,3.989977028986192e-06,0.0,2.8777666102541843e-05,0.1
f4,51,20000,0.01950900111947641,0.0,0.13794946985757717,0.0,0.9949590570932969,0.1
f5,51,20000,0.0,0.0,0.0,0.0,0.0,0.1
f9,51,20000,43.99478574255805,0.0,81.59168744409864,0.0,200.0,0.1
f10,51,20000,85.50434517521275,100.00124240961804,30.639413207577974,0.624520298587413,100.40463008994766,0.1
f11,51,20000,0.0,0.0,0.0,0.0,0.0,0.1
f12,51,20000,0.0,0.0,0.0,0.0,0.0,0.1
