func,n_runs,maxevals,mean,median,std,best,worst,elapsed_sec
f23,51,10000000,323.8033037575694,329.4574747107131,32.16114825496254,100.00970552163744,329.4574747107131,
f24,51,10000000,102.10174913485992,100.0,2.6339335318017167,100.0,106.70130283990284,468.5
f25,51,10000000,111.77918200639765,114.37935119489339,7.920128469699445,100.0,129.0687078938936,293.0
f26,51,10000000,98.24956717479878,100.0096762586004,9.802987969183107,30.510169453650178,100.02597857199726,1734.2
f27,51,10000000,34.0776572009816,1.6316779559169845,69.37030405696288,0.29799636102416116,264.06691222608515,1455.3
f28,51,10000000,329.24963856970976,369.3716469358469,105.8799876161163,6.093614501878619e-11,457.6567828224802,812.0
f29,51,10000000,198.68334399785772,221.84113237110205,36.964112774002785,131.74601704644692,291.5437819161598,562.2
f30,51,10000000,457.083058056774,463.23526883212844,35.68391014930588,293.787740693514,530.8278572319205,669.7
