func,n_runs,maxevals,mean,median,std,best,worst,elapsed_sec
f9,51,5000000,180.78127167774662,180.78127167774664,2.842170943040401e-14,180.78127167774664,180.78127167774664,66.4
f10,51,5000000,8.035505241273928,3.60249254632663,14.775086542348776,0.0,100.1456836097077,65.7
f11,51,5000000,1.7833229446528004e-13,0.0,2.220219161171698e-13,0.0,4.547473508864641e-13,104.6
f12,51,5000000,230.77525141449536,230.81071896629055,0.6030328891202824,228.8586448981864,231.7372246644395,112.0
