func,n_runs,maxevals,mean,median,std,best,worst,elapsed_sec
f1,51,20000,0.0,0.0,0.0,0.0,0.0,4.7
f2,51,20000,0.0,0.0,0.0,0.0,0.0,3.5
f3,51,20000,6.687461042448002e-14,1.1368683772161603e-13,5.595131333220142e-14,0.0,1.1368683772161603e-13,3.6
f4,51,20000,0.010068325996224517,0.0,0.04050209304562382,0.0,0.18670976555222296,3.6
f5,51,20000,0.0,0.0,0.0,0.0,0.0,3.2
f9,51,20000,10.978514594180078,5.002220859751105e-12,20.263738451512324,4.547473508864641e-13,66.76372126945216,3.9
f10,51,20000,33.60144539417619,16.757453625269136,37.79982170054018,0.0,100.21134216024757,4.5
f11,51,20000,5.884965717354242e-13,4.547473508864641e-13,3.635092875300979e-13,0.0,1.3642420526593924e-12,3.5
f12,51,20000,1.6633391044474683e-07,1.851526576501783e-07,1.4344556986986226e-07,8.385541150346398e-10,5.562574187933933e-07,4.7
