func,n_runs,maxevals,mean,median,std,best,worst,elapsed_sec
f9,51,10000000,180.78127167774664,180.78127167774664,1.4238691871586285e-13,180.78127167774664,180.78127167774755,2406.4
f10,51,10000000,10.430175012175466,11.006439517507715,3.028340972682421,3.5088374399210807,16.952637877535835,
f12,51,10000000,233.48979817500575,233.57409951680847,0.9571135418298681,231.9758017400245,235.63467719864047,
