func,n_runs,maxevals,mean,median,std,best,worst,elapsed_sec
f9,51,10000000,180.78127167774664,180.78127167774664,1.4238691871586285e-13,180.78127167774664,180.78127167774755,2406.4
