func,n_runs,maxevals,mean,median,std,best,worst,elapsed_sec
f8,51,10000000,74.82897317594316,100.0,39.125151671493754,4.547473508864641e-13,100.00000000000045,1238.8
f9,51,10000000,138.7375166800027,100.00000000001091,75.28197070036461,100.00000000000045,392.2117398548521,1140.8
f10,51,10000000,394.11769714316046,400.0000000000009,41.594162390648016,100.00255430114385,400.00000000000136,643.5
