func,n_runs,maxevals,mean,median,std,best,worst,elapsed_sec
f1,51,1000000,0.0,0.0,0.0,0.0,0.0,299.4
f2,51,1000000,9.813730883363736,11.891979620299026,7.262606780514947,0.12490888207776152,25.23955016587206,319.6
f3,51,1000000,6.880423973823984,10.366920772420372,4.04418843204272,0.0,10.5033039263393,251.8
f4,51,1000000,0.3873172889363746,0.45618787127909854,0.1736724326705007,0.0,0.6127746831914465,231.5
