func,n_runs,maxevals,mean,median,std,best,worst,elapsed_sec
f9,51,10000000,229.2843827084871,229.2843827084871,0.0,229.2843827084871,229.2843827084871,73.5
f10,51,10000000,100.15993002183677,100.15826980758584,0.030082481949474226,100.06542800459601,100.21918398428488,71.4
f11,51,10000000,0.0,0.0,0.0,0.0,0.0,113.5
f12,51,10000000,164.88084385482173,164.9310079029069,0.30884092807399416,162.70013053532875,164.93100790290737,135.2
