func,n_runs,maxevals,mean,median,std,best,worst,elapsed_sec
f8,51,2000000,94.54028748386506,100.00000000000045,12.103015156349498,52.43653345533858,100.00000000000045,25.3
f9,51,2000000,101.96431939654052,100.00000000000045,13.8816865084358,100.0,200.12264978128178,26.7
f10,51,2000000,405.900662610733,402.33850425409037,6.8704442569009805,399.0296888949201,413.6784934954376,24.5
