func,n_runs,maxevals,mean,median,std,best,worst,elapsed_sec
f9,51,10000000,180.78127167774662,180.78127167774664,2.842170943040401e-14,180.78127167774664,180.78127167774664,134.3
f10,51,10000000,0.6140814380687784,0.18738510350203796,1.3906869743106811,0.0,7.685003561436588,131.5
f11,51,10000000,6.241630306284802e-14,0.0,1.5648595330547576e-13,0.0,4.547473508864641e-13,236.0
f12,51,10000000,230.45839805222636,230.8107189662901,0.797174968171072,228.8586448981864,231.22309324475236,193.4
