func,n_runs,maxevals,mean,median,std,best,worst,elapsed_sec
f3,51,180000,0.26473423525623263,0.40913472721927135,0.19551919039267546,-9.338307904727117e-12,0.40913472721927135,
