func,n_runs,maxevals,mean,median,std,best,worst,elapsed_sec
f23,51,10000000,315.24410218556574,315.2441021855657,5.684341886080802e-14,315.2441021855657,315.2441021855657,188.1
f24,51,10000000,216.40184134944838,221.6930030849462,9.602532127971388,200.0000000001155,223.24618063091248,173.1
f25,51,10000000,186.0090497159307,186.5643274579993,16.074055313588026,149.77695623975205,202.54925302938136,231.7
f26,51,10000000,100.03953803965409,100.03936766016886,0.00695573998673489,100.02279064358845,100.05384565796112,1968.7
f27,51,10000000,294.1613640844877,300.0,41.285390487381044,2.229568308870512,300.0,1937.1
f28,51,10000000,678.272020472068,681.846296411572,25.751918709231933,609.3879145276442,727.9969147026377,263.7
f29,51,10000000,438.37952874645754,713.8020418490041,282.7461275227992,100.00000000000045,714.4711876683796,579.6
f30,51,10000000,490.3706546530004,468.2506343435116,87.25661316121598,357.4575563906119,779.7260868336148,259.3
