func,n_runs,maxevals,mean,median,std,best,worst,elapsed_sec
f29,51,10000000,207.0214142071223,223.06987454816635,25.366589727225605,145.49430842536185,227.49728124907233,120.2
f30,51,10000000,394.5007724143789,394.50077241437884,5.684341886080802e-14,394.50077241437884,394.50077241437884,276.1
