func,n_runs,maxevals,mean,median,std,best,worst,elapsed_sec
f17,51,10000000,0.002516978503950561,0.0,0.00613180715409475,0.0,0.019729344121969916,97.6
f18,51,10000000,0.00059881475445924,5.123853270561085e-06,0.0022546857146796603,1.1368683772161603e-12,0.014426263141558593,106.2
