func,n_runs,maxevals,mean,median,std,best,worst,elapsed_sec
f15,51,10000000,0.0005470004870911746,2.9680188390557305e-05,0.0017256993590172558,5.695937943528406e-09,0.011312886898394936,70.5
