func,n_runs,maxevals,mean,median,std,best,worst,elapsed_sec
f2,51,30000000,0.058775992815620105,0.0,0.0623413546363273,0.0,0.12489898473359062,3722.7
f3,51,30000000,0.008834581453795948,0.0,0.011997643279405676,0.0,0.04482201029168209,3788.5
f4,51,30000000,0.04791079559270781,0.009879069559019626,0.058124414873016575,0.0,0.19382001650274105,4476.3
f10,51,30000000,7.57198922299579e-11,6.639311322942376e-11,4.492007135107442e-11,1.546140993013978e-11,2.4283508537337184e-10,3753.5
